blog_title,description,blog_id,tags,exam,read_time
What is RPA and How it Works...," Integration is crucial from the perspective of JEE, Boards as well as in Engineering. It has a wide range of applications in Physics, Mathematics and many other fields. Hence it is quite important to understand the key concepts on Integration and then memorizing the formulas for the purpose of the competitive examinations. Students often blindly memorize the formula but later face difficulties in solving advanced or tricky questions. Some More Heading Here DO NOT make the mistake of ignoring NCERT Mathematics. Start with the theory of NCERT and understand the different theorems of integration along with their proofs. After covering this, you can move to solving the problems in NCERT. This practice would reinforce what you just learnt. It would take some time but it is very essential. Some More Heading Here DO NOT make the mistake of ignoring NCERT Mathematics. Start with the theory of NCERT and understand the different theorems of integration along with their proofs. After covering this, you can move to solving the problems in NCERT. This practice would reinforce what you just learnt. It would take some time but it is very essential.DO NOT make the mistake of ignoring NCERT Mathematics. Start with the theory of NCERT and understand the different theorems of integration along with their proofs. After covering this, you can move to solving the problems in NCERT. This practice would reinforce what you just learnt. It would take some time but it is very essential.",1,"integration, is, crucial",JEE,1
How to handle pressure during any exam?,"Handling pressure in any exam is very crucial and difficult. No one is calm enough to take the exam pressure easily. In pressure, the performance of the individual can be affected. So there is a need, to handle the pressure during any exam. For decades, it has been a problem for everyone to perform in the pressure and very few can handle it, similarly, it happens in the exam. There are various methods and techniques to calm you during exams, but the best strategy is revision. We will discuss it later because first, we need to understand how pressure affects our performance and the factors causing pressure during the exam. We have learned about pressure in chemistry, as the pressure increases the temperature of the system also increases. Hence when we are under pressure, we lose our temperament and due to this our decision taking ability decreases. We could not recall what we have studied, we could not even understand what examiner is asking and this thing is enough to understand how pressure affects our performance. The factors which cause pressure are  Lack of Preparation: Lack of preparation creates anxiety during an exam. This creates pressure on us and we could not even recall what we have studied earlier. So preparation is necessary before giving any exam. Lack of Information: We should know about the exam pattern. Many students do not know about the scheme of the paper. The knowing pattern helps us to plan our studies which are directly related to our performance. Lack of Revision: It is the most important factor during any preparation, the lack of revision causes stress and affects performance. The revision enhances memory capacity and boosts our performance. Various strategies can be followed during preparation and this exam pressure can be handled with the help of this stategy.  The top 3 strategies are given in the video, which will help you in handling the exam pressure.  ",2,"handling, pressure, in",JEE,1
How to prepare for JEE at this stage,"From now onwards, approx. 2 months are left for the JEE exam. And if you are in class 12th then merely 1 month is left for preparation of JEE because there will be boards in March. So the question is how to prepare for JEE at this stage. Learning a new concept will take stock of time therefore at this stage try to revise older concepts. For revision NCERT is the best book and if time permits then you can also try NCERT Exemplar. Try to revise as much as possible and practice previous year questions because the question may not be repeated but the concept does. The basic formulas should be by-hearted as the exam needs time management. Negative marking plays a key role in the rank of an individual and that is why consistency in practice is needed. Proper planning is needed for preparation; you can plan daily which is very useful in achieving bigger targets. Planning takes about 5 to 10 minutes but it is very beneficial in the exam. It is the most crucial time in the preparation and you have to use every single penny of time. You cannot afford any distractions and try to avoid late-night parties. Although preparation is necessary for the exam but in the planning of preparation, some mood freshening elements should be there. Try to sit for at least two hours and then take a break of half an hour. It is the most effective formula for me, during my preparation and so it could help you. During the break try to do some activity or exercise and do not use mobile phones because it gives stress to your eyes which are already tried due to long studying hours. The preparation strategy can be changed daily. In late February you should start preparing for the boards and during this, also try to revise concepts of PCM as the syllabus for JEE Mains is almost similar to the 12th exam. For droppers, it is the bonus time to improve their rank as the 12th students are busy on their boards. Their strategy is quite simple that they have to prepare only for JEE and use maximum possible time. Students, please try to sleep for at least 8 hours per day as it is very necessary to rest our brain. This was our point of view. What is your preparation strategy?    ",3,"from, now, onwards,",JEE,1
Why motivation is necessary during any preparation?,"While studying we distract a lot, it may be due to some personal reason or due to social media. Technology is made for our benefits but somewhere it distracts us from our path. It has both pros and cons and it depends on us how we use it. Many have noticed that while reading books we can easily turn ourselves towards our cell phones or laptops because learning is a difficult process and the most important thing is that it takes time but if we somehow motivate ourselves then the miracle can happen. Motivation boosts our energy and focuses our vision towards the aim. Motivation helps us to improve our efficiency and learning capacity. It acts as a fuel for our brain and some people need it regularly and it varies person to person. We have seen the athlete during their workout. They listen to music which is having high bass and volume because it pumps out the energy into muscles and acts as a motivation towards their goal. Similarly, our brain consists of muscles that need the energy to keep the activity on track. Therefore motivation is needed during any preparation whether academic or personal. Tell us about your motivation secrets. ",4,"while, studying, we",JEE,1
Last-Minute tips for the Maths Board Paper," From the previous exams, students got to know the importance of the previous year's question paper. We can see the pattern of the paper and notice that many questions got repeated. That is why it is the most important tip that students should solve the previous year paper with sincerity and focus.  NCERT is the most important book for both Boards and JEE. It consists of various concepts, though it is difficult to understand it in such a short period. So it is advisable to solve full-length model paper which is much easier to revise the whole syllabus. Derivations are the most important thing during Maths paper and you must practice it well otherwise, it will take a whole lot of time to derive it, in the exam. Many short notes are available in both the market and the internet and it is best, for now, to get the whole syllabus revised through it.  Don't sacrifice your sleep with your studies. You must take a nap for 8 hours a day because it boosts our energy and focuses our studies to our aim. Lack of sleep affects our performance and leads to unnecessary stresses which we must avoid during our exam. Last but not least, your handwriting affects your marks. Students have the habit to solve maths like they are doing their rough work. The answer sheet should be neat and clean for that you can make a separate space to do rough work. Step marking is there, so you should write proper steps to simplify your answer and picking up some marks.            ALL THE BEST ",5,"from, the, previous",JEE,1
Last month preparation for JEE Mains/ NEET,"We know that you heard about it many times but, we are hoping this is for the last time. As the strategy will remain the same for both of the exams, so will discuss it combinedly.   Proper Time Table: The important thing during any exam is by preparing consistently. Following a proper time table also increases our productivity and resolves our time-related issues.  Revision is the key: Entrance exams are not about completing the syllabus, it is about how well you know about the subject. This thing can be achieved by doing a proper revision(at least 2-3 times is required).  PYQP: Previous year question paper is as much important as the revision because it helps you to understand the pattern of the paper. It helps you to recognize your weaker area or stronger area and then you can work out with that.  Proper sleep: Relaxation is needed for our brain, so at least 7 hours of sleep is compulsory for you. It is the time when your brain cells heal themselves. So, dude go for proper sleep.      ",6,"we, know, that",JEE,1
What to choose? Good College or Good Branch?,"After JEE advance, the most prevailing question among students during Josaa counseling 2020 is whether to select a good college with a bad stream or bad stream with a good college. If they have to make a decision in pursuing particular graduation like B. Tech or any other course, then finding the desired branch in a good college is difficult. However, if anyhow student even manages to find their dream branch but getting it in the top college may not be the case. In this scenario of college predictor during Josaa counseling, the student must keep these points in mind: First, if a student selects a good college then selecting a good branch in a college is just a part of their journey in college. If they are going to a reputed college in whichever branch, they become a part of their alumni network spread all over the world (which itself is a big thing), the more reputed is the college, more strong is the network. Also, the experience of the faculties come into play. The faculties go through rigorous training in a reputed college in order to maintain the quality of delivery and ranking etc. But now in this growing era some workforce organizations, researchers, and regional civic leaders are pushing back — persuading companies to look beyond academic credentials and to instead hire people based on their skills. A growing number of businesses are listening. In the past few years, Apple, Google, IBM, and other high-profile companies have stripped the bachelor's degree requirement from many of their positions. Finding something that you're passionate about can improve your performance. To know one's passion, the student should a list of a few work types that are a combination of his skills, characteristics, and passions. Then he needs to refine two or three of the strongest areas of your competence and be true to those competencies. Now he needs to connect to the people who are already doing the job he wants to do. It will give an idea of the work nature and boost his confidence in doing the same job. Student needs to see beyond the 4 years. His choice needs to be aligned with his future because after 4-5 years his major time of life will be dedicated to that job. If the job aligns with his passion, he can be an expert in that field, if not, then he will always end up being mediocre. Selecting a branch of a student's interest can add up to his personal and professional life both.  Preferred stream' is for what he can relate to, and develop skills in. There is no 'wrong' decision in this, as one gets a job based on what skills one has acquired/developed proactively - beyond the college education. ",7,"after, jee, advance,",JEE,2
What to do after JEE Advanced or JEE Mains ?,"The next big question after jee advanced 2020 result is what next? If you cleared the exam then the selection of a branch is also a big decision. Students get confused about what IIT college Counseling and JEE college predictor is. Whether to take good branches in NIT or an average in IIT. Students should select their branches according to their interests. There is no dearth in the number of Job opportunities for IIT graduations in India. But this career choice is for LifeTime. You should not only check the monetary advantage but also other scope and exposure related to a specific branch.  But the big question is what if you didn't clear JEE mains 2020 or Jee advanced 2020?  As per the estimated data, there are approx. 1.5 Million Engineering Aspirants in India and amongst them, 1.2 Million candidates aspire for IIT JEE Exam while keeping an aim to get into IITs. So not all get the chance to enter IIT's and NIT""s. But there are lot many private colleges in India that accept JEE Mains Scores. If you don't get a seat in any NITs, IIITs, or GFTIs, then you may go for these colleges as they are truly luxurious and best suited with the IITs and NITs standards. Some of the private colleges are - Amity University, Thapar University, Birla Institute of Technology, Shiv Nadar University, Lovely Professional University. On the other hand, the student should not forget that though JEE is the most popular Entrance Exam in India, but the candidates must not under-estimate the other Engineering Exams that hold the worth of National Importance too. Apart from the National Level, there are lot many State Level & University Level Exams. Also when we didn't a clear exam, Sometimes we may overlook the biggest signs that a certain career path is not meant for us. An inability to score well despite giving it your all, or a lack of interest in the subjects, being some. The first step is to open up your mind to possibilities. There are hundreds of career options out there, with an immense number of opportunities and avenues to explore. And yes, they are as lucrative as engineering, if not more. Be it Law, Management, Psychology, or even something upcoming like Social Media Marketing, the possibilities are endless. Explore as many options as you can to find out what lies out there. Although If you still feel that engineering is in your blood and soul, and there is no other career you would rather pursue, then consider taking a drop year. However, your reasons have to be logical and strong. Only because you feel you can clear an exam does not mean you will. Many students take a year drop without vision, only to end up wasting an additional year of their lives. Realistically evaluate your chances of clearing the JEE exam if you do take the drop. ",8,"the, next, big",JEE,2
"JoSAA Counselling 2020 - Dates, Registration (Started), Choice Filling","Through JoSAA, Admissions to NITs, IITs, and GFTIs are based on the ranks acquired by students in JEE Mains while admissions to the premier IITs are done based on candidate’s performance JEE Advanced.  The registration process for Joint Seat Allocation Authority (JoSAA) 2020 has been started from October 6 (12 noon) at josaa.nic.in. Candidates who have qualified for JEE Main have to log in using their Main registration number and password while candidates who qualified for JEE Advanced have to log in using their Main registration number and Advanced password. The detailed schedule for JoSAA 2020 has been released. Only those students who have qualified JEE Main/JEE Advanced are eligible for JoSAA 2020 registration and choice filling. JOSAA Important Dates 2020      Events Dates    JoSAA registration starts   October 6, 2020     First mock seat allocation   October 12, 2020     Last date of registration and choice filling for JoSAA counselling   October 15, 2020     Reconciliation of data, verification and validation of allocated seats   October 16, 2020     First round of seat allocation   October 17, 2020     Online reporting for round 1   October 17 to 19, 2020     Display of vacant seats in round 1 and second round of seat allocation   October 21, 2020     Online reporting for round 2   October 22 to 23, 2020     Withdrawal of seats   October 22 to 24, 2020     Display of vacant seats in round 2 and third round of seat allocation   October 26, 2020     Online reporting for round 3   October 27 to 28, 2020     Withdrawal of seats   October 27 to 29, 2020     Display of vacant seats in round 3 and fourth round of seat allocation   October 30, 2020     Online reporting for round 4   October 31 to November 1, 2020     Withdrawal of seats   October 31 to November 2, 2020     Display of vacant seats in round 4 and fifth round of seat allocation   November 3, 2020     Online reporting for round 5   November 4 to 5, 2020`     Notification of the decision on seat confirmation for Round 5   November 6, 2020     Display of vacant seats in round 5 and sixth round of seat allocation   November 7, 2020     Online reporting and final round for IITs   November 8, 2020     Further admission process   November 9 to 13       Who can participate in Joint Seat Allocation/JoSAA Counselling? Criterion I - Qualified in JEE Advanced 2020 for academic programs [excluding the preparatory courses] at IITs and ISM and satisfies the “Performance in Class XII (or equivalent) examination”  Criterion II -  Qualified in JEE Advanced 2020 for preparatory courses at IITs and ISM and satisfies the “Performance in Class XII (or equivalent) examination” Criterion III – Secured a rank in JEE Main 2020 Paper-1 for BE/BTech Programs at NITs, IIEST, IIITs, and Other-GFTIs. AND Must have passed Class XII (or equivalent) examination* with Physics and Mathematics as compulsory subjects along with one of the Chemistry/Biotechnology/Biology/Technical Vocational subject. Further, the candidates should have passed each of the subjects individually. Criterion IV –    Secured a rank in JEE Main 2020 Paper-2 for BArch/BPlanning programs at NITs, IIEST, IIITs, and Other-GFTIs. AND has Mathematics as one of the subjects in Class XII (or equivalent) examination* AND should have passed each of the subjects individually.  In the registration process, after completing the registration, candidates have to fill choices of institutes and courses in which admission is desired as per their preference.   JoSAA Choice Filling Process 2020 Before going for JoSAA Registration & Choice Filling 2020, the candidates need to read the process carefully. Every student will be allowed for JoSAA Choice Filling 2020 only once. Thus, the students must take the utmost care while filling their choice of preference for admission. The candidates can fill as many choices as available to them according to their rank. The choice filling must be done in the order of priority which means you have to give the first priority to the college/ course which you want the most and so on. Choice Locking - After the JoSAA choice filling is completed, the candidates will have to lock their choices before the final date. In case any candidate fails to lock the choices, the choices made will be automatically submitted on the final date.  Students who complete the JoSAA registration and choice filling within the specified dates will be considered for seat allotment. Seats will be allotted through centralized counseling based on ranks in JEE Main/ JEE Advanced. ",9,"through, josaa,, admissions",JEE,3
Things to remember while choice filling in JoSAA Counselling 2020,"You need to fill JOSSA as carefully as you can.  If you have got a great rank but still you messed up your choice filling, documents verification, chances are that the one who lagged behind you might get a better choice. Firstly if you're not sure about your interest in a particular branch, you should go through the course structure of all the branches and see which subjects interest you. You should also do take care of:-  Rankings- Please don't pay heed to any sort of rankings, be it by NIRF or by any other body. The rankings given are pretty misleading and will only confuse you (Eg- VIT above IIT-BHU) General Mistake-Keep yourself updated. Check the site as regularly as you can and only see the authentic website, i.eJoSAA Placement Statistics- If your main aim is getting a job, check the placement data of the institutes for the last few years, focusing on the average package and the companies visiting for recruitment.  How to check: Just google "" training and placement"". It will lead you to the placement records. Only trust the official college website for this. Another General Mistake- Don't tell your password to anyone. There are so many incidents of people complaining that their preferences have been shuffled. DONT TRUST ANYONE!  Age of institute/Branch- The older the college is, the better the alumni network and brand name it has. Similarly, the older a branch was started in the college, the more established it is in terms of faculty and placements. Batch- An often neglected but the important factor is the size of your batch, the teacher to student ratio, and the quality of faculty at an institution.  How to check: For batch size, search JoSAA Seat Matrix, For the latter, search "" faculty profile""  Campus and City- The infrastructure of the campus, the level of fests, type of extracurricular activities, and the city life, in general, should be taken into account  How many choices can you fill in JoSAA? The number of choices to be filled in JoSAAcounseling depends upon whether you did pass in JEE Advanced or not. Because, if you don't pass into JEE Advanced you'll have IIT's out of your options. IIT's take admission only through JEE Advanced. In case you fail JEE Advanced you can fill around 300–350 choices and if you've passed JEE Advanced the number is more than it. So, don't hesitate to fill more options. But be careful while filling the options as once they are filled these options cannot be changed and if you've allotted one college the options filled below that college get removed automatically and you'll get a college filled above it or the same. For example, you've filled IIT DELHI Electrical as option 10, IIT BOMBAY Electrical option 7, and IIT KHARAGPUR Electrical as option 11 and you've been allotted option 10 in the first round. Then in the next rounds, you cannot get options below 10. You can get allotted only between option 1 to 10. And rest of all the options are automatically removed. ",10,"you, need, to",JEE,2
"JoSAA Application Form 2020 – Step by Step Guide  (Dates, Process, Freeze, Float, Slide, Withdraw)","Joint Seat Allocation Authority, has started JoSAA registration and choice filling from October 6, 2020 from 12 noon at josaa.nic.in. JoSAA registration and choice filling will be available in online mode on the official portal. Students who qualify JEE Main/JEE Advanced will be eligible for JoSAA 2020 registration and choice filling. The Ministry of Education has organised the Joint Seat Allocation Authority (JoSAA) 2020 to manage and regulate the joint seat allocation for admissions to 110 institutes for the academic year 2020-21. This consists of 23 IITs, 31 NITs, IIEST Shibpur, 26 IIITs, and 29 other-Government Funded Technical Institutes. Through a single platform, admission to all the academic programs offered by these Institutes.     Qualifying Examination  Institutes      JEE (Advanced) 2020  IITs    JEE (Main) 2020 B.E./B.Tech  NITs, IIEST, IIITs (Triple-I-Ts) and Other-GFTIs      JEE main 2020 counselling and seat allotment schedule :        EVENTS  DATES      Start of registration and choice filling  October 6,2020    Display of mock seat allocation-1  October 12,2020    Display of Mock seat allocation-2  October 14,2020    End of JosAA 2020 Registration and choice filling  October 15,2020    Seat Allocation (Round 1)  October 17,2020    Seat Allocation (Round 2)  October 21,2020    Seat Allocation (Round 3)  October 26,2020    Seat Allocation (Round 4)  October 30,2020    Seat Allocation (Round 5)  November 3,2020    Seat Allocation (Round 6)   November 7,2020       JosAA Choice Filling Procedure 2020 : Step-1 JoSAA 2020 Online Registration Register on the official website of JoSAA 2020 through JEE Main registration number and Main/Advanced password. Step-2 JoSAA 2020 Choice Filling Procedure  Candidates will able to select “Choice Available” option to get the various choices as per your eligibility. Click on the “Choice Filling & Locking” option where you can select institution type, institution name, & desired course or programme. Candidates can choose maximum choices for the various colleges & courses. You can fill the maximum choices for seat allocation. The candidates should set the choices in the decreasing order from top most desired to least desire college and course. If you want to change the choices then you will get the option “Choice Interchange”. Click on it and change your choice order up or down. The candidates can arrange the college preferences by clicking on the button “Choice Rearrange”. Finally, click the “Save” button to save the order of choices. You can also delete your choice by clicking on the “Multiple Deletion” if you find any wrong choice in the selected choices.    Steps-3 JoSSA 2020 Choice Locking Instruction  While you going to lock your choices make sure that you choose the better choices for you and set in the preferable order. The choices should in the order of most desired course or college to less desired. You can choose the maximum choices but set in the better order to get your desired course and college. The candidates should check the JoSAA 2020 Mock Seat Allocation result to get an idea of the allotted seat. You can change your choices before the last date and set in your desired order. The candidates should lock their choices before the date given on the web portal. The dates for the JoSAA 2020 Choice filling process will be mentioned on the official web portal and don’t forget to read the instructions and guidelines mentioned over here.    JoSAA Seat Allotment 2020 JoSAA will conduct a centralised counselling process through which the seats will be allocated to the candidates. The JoSAA Seat Allotment 2020 will be done on the basis of rank obtained by the candidates in JEE Main/ Advanced along with their preference of choice filled.  After the seat is allotted to the candidates, they will have the option to either freeze, float, slide or withdraw their allotted seats. See the below table to understand how these options work:             Freeze  If the candidates are satisfied with the colleges/ courses allotted to them, they can accept the allotment and freeze their seats.    Float  If the candidate wants to keep the seat allotted but also wants to participate in the next round of counselling, he/she can choose the float option. This way, he/she can choose either seat allotted to them.    Slide  If the candidate is satisfied with the college allotted but wishes to change the course within the same college, then he/she can choose the slide option.     Withdraw   If the candidate has accepted the allotment but is not satisfied with the seat allotted & doesn’t want to get admission to the college, he/she can withdraw their seats by visiting the institutes.      We also have another relief news for candidates who are going to go through all these procedures. Margdarshan provides free counselling, mentoring & expert guidance regarding admission in best-ranked colleges and universities over India. We provide free choice filling for JosAA and state level engineering colleges. We discern the challenges that the student faces during college counseling. We wanted to pay it forward and help those aspiring to do well in their lives and get into top undergraduate and graduate programs without paying any charges for that. ",11,"joint, seat, allocation",JEE,4
Three factors which causes exam pressure,"How to fill JoSAA Application Form 2020 – Step by Step Guide  ( Dates, Process, Freeze, Float, Slide, Withdraw)     Joint Seat Allocation Authority, has started JoSAA registration and choice filling from October 6, 2020 from 12 noon at josaa.nic.in. JoSAA registration and choice filling will be available in online mode on the official portal. Students who qualify JEE Main/JEE Advanced will be eligible for JoSAA 2020 registration and choice filling. The Ministry of Education has organised the Joint Seat Allocation Authority (JoSAA) 2020 to manage and regulate the joint seat allocation for admissions to 110 institutes for the academic year 2020-21. This consists of 23 IITs, 31 NITs, IIEST Shibpur, 26 IIITs, and 29 other-Government Funded Technical Institutes. Through a single platform, admission to all the academic programs offered by these Institutes.       Qualifying Examination   Institutes     JEE (Advanced) 2020   IITs     JEE (Main) 2020 B.E./B.Tech.   NITs, IIEST, IIITs (Triple-I-Ts) and Other-GFTIs     JEE (Main) 2020 B.Arch.     JEE (Main) 2020 B.Planning       JEE main 2020 counselling and seat allotment schedule :       EVENTS   DATES     Start of registration and choice filling   October6,2020     Display of mock seat allocation-1   October12,2020     Display of Mock seat allocation-2   October14,2020     End of JosAA 2020 Registration and choice filling   October15,2020     Seat Allocation(Round1)   October17,2020     Seat Allocation(Round 2)   October21,2020     Seat Allocation(Round 3)   October26,2020     Seat Allocation(Round4)   October30,2020     Seat Allocation(Round 5)   November3,2020     Seat Allocation(Round6)   November7,2020       JosAAChoice Filling Procedure 2020 :   Step 1. JoSAA 2020 Online Registration  Register on the official website of JoSAA 2020 through JEE Main registration number and Main/Advanced password.   Step2. JoSAA 2020 Choice Filling Procedure  Candidates will able to select “Choice Available” option to get the various choices as per your eligibility. Click on the “Choice Filling & Locking” option where you can select institution type, institution name, & desired course or programme. Candidates can choose maximum choices for the various colleges & courses. You can fill the maximum choices for seat allocation. The candidates should set the choices in the decreasing order from top most desired to least desire college and course.A If you want to change the choices then you will get the option “Choice Interchange”. Click on it and change your choice order up or down. The candidates can arrange the college preferences by clicking on the button “Choice Rearrange”. Finally, click the “Save” button to save the order of choices. You can also delete your choice by clicking on the “Multiple Deletion” if you find any wrong choice in the selected choices.    Step 3 JoSSA 2020 Choice Locking Instructions 2020  While you going to lock your choices make sure that you choose the better choices for you and set in the preferable order. The choices should in the order of most desired course or college to less desired. You can choose the maximum choices but set in the better order to get your desired course and college. The candidates should check the JoSAA 2020 Mock Seat Allocation result to get an idea of the allotted seat. You can change your choices before the last date and set in your desired order. The candidates should lock their choices before the date given on the web portal. The dates for the JoSAA 2020 Choice filling process will be mentioned on the official web portal and don’t forget to read the instructions and guidelines mentioned over here.  JoSAA Seat Allotment 2020 JoSAA will conduct a centralised counselling process through which the seats will be allocated to the candidates. The JoSAA Seat Allotment 2020 will be done on the basis of rank obtained by the candidates in JEE Main/ Advanced along with their preference of choice filled.  After the seat is allotted to the candidates, they will have the option to either freeze, float, slide or withdraw their allotted seats. See the below table to understand how these options work:                           Freeze   If the candidates are satisfied with the colleges/ courses allotted to them, they can accept the allotment and freeze their seats.     Float   If the candidate wants to keep the seat allotted but also wants to participate in the next round of counselling, he/she can choose the float option. This way, he/she can choose either seat allotted to them.     Slide   If the candidate is satisfied with the college allotted but wishes to change the course within the same college, then he/she can choose the slide option.     Withdraw   If the candidate has accepted the allotment but is not satisfied with the seat allotted & doesn’t want to get admission to the college, he/she can withdraw their seats by visiting the institutes.                         We also have another relief news for candidates who are going to go through all these procedures. Margdarshan provides free counselling, mentoring & expert guidance regarding admission in best-ranked colleges and universities over India. We provide state level counselling, josAA counselling, engineering colleges admission guidance. We discern the challenges that the student faces during college counseling .  We wanted to pay it forward and help those aspiring to do well in their lives and get into top undergraduate and graduate programs without paying any charges for that.                                                                                                                                                                                                                                                                                                                                               ",12,"how, to, fill",JEE,4
10 things to remember before choice filling in JoSAA,"1) How Many Colleges Should You Apply To? – Students should apply to max 25-30 colleges and avoid filling unnecessary colleges. If you apply to more than that, you're probably going to make the application process too stressful and time-consuming. Also, most students who apply to more than 15 colleges are applying to at least a few colleges that they wouldn't want to attend. 2) Rank Factor in applying the choices – students should probably know that ranks and cutoffs are the most important factors in college admission. The student should fill the choices of only those colleges which are near to their cutoff. Filling choices beyond their limit will make no sense. 3) CS distracts and confuses – students run blindly behind the cs branch but not all can get it. If you want to become a better person and want to achieve something really big the only thing that will matter is if you like it, own it, have a passion for it. students taking up computer science/Information Technology instead of what they really are made to fail most of the time. So ask yourself, call upon the inner voice, your heart will surely reply. 4) Preference order during josaa choice filling – first make out a list of all NIT's and GFIt's you want to give high preference over others. Then check out the branch or stream you want to get into. Finally, arrange the preference list like- For eg. You have selected 3 collages A, B, C, and 3 streams 1,2,3 Then you should fill the preference like- College A - stream 1 College B - stream 1 College C - stream 1 College A - stream 2 College B - stream 2 College C - stream 2 College A - stream 3 College B - stream 3 College C - stream 3 And so on like this depending upon no. Of colleges and streams. 5) How important is the order of preference for JoSAA 2020 choice filling? – Your order of preference will get your preferred college and branch. So make sure that you fill your choices according to your interest and preference. Take care of the order of preference too, if a student goes with random ranking then possibilities are there that the student might end up getting the last preferred college and not get a chance to change it. The choices must be filled carefully in the decreasing order of the preferences of institutes and B.Tech branches where a candidate seeks admission. Candidates can re-arrange the order of preferences by using the rearrange option. 6) Taking Care of Numbers – The choice of filling should include max 25-30 including colleges and branches both. Going up to 100 lists of choices will create chaos in the road. 7) Things to remember while choosing engineering college – check the credentials of the institute chosen by you. Engineering aspirants must understand the nuances of science to help develop society. How promising is the placement policy – The statement of ""100% placement"" is a game plan of every other institution today to attract more students. Unfortunately, not even the most prestigious institutes in India can claim to offer 100% placements. This is because the placement is not just about facilitating a job for a student in a specific domain, but to provide students with the chance to develop the courage to accept every challenge paving the road to the development of a society.      Check for scholarships and financial aid    Engineering is usually one of the costliest college majors. Fortunately, there are scholarships available for students. In India,    especially, scholarships are not just limited to the meritorious students but are also extended to certain caste groups and students living below the poverty line. Mistakes made by aspirants – 1) Opting engineering just because of their friends or neighbor 2) Joining an engineering course only due to social pressure 3) Joining a college that lacks good facilities and faculties 4) Not taking care of student: faculty ratio 5) Joining an engineering college only for its brand name   8) JoSAA Cut Off | Opening and Closing Ranks – Check the last year's opening and closing ranks of last year at Josaa's official site. Joint Seat Allocation Authority (JoSAA) conducts the JEE Main Counselling body for the candidates who have qualified in JEE Main. JoSAA has released the cut-off for JEE Main Exam on the official website. Also, direct links to the previous year's cut-offs are given in. Cut off is set up based on the level of test, a total no of candidates appeared in that specific period, and no seats accessible in a specific year for which the test is conducted. A student should check the list carefully.   9) Checking the documents and notifications – It's very important to keep the focus on important notifications. Few things can be edited at the time of JoSAA Registration and some details cannot be edited. Check the information given below for the same: Fields that cannot be changed – Name Father's / Mother's / Guardian's Name Date of Birth Class 12th Examination Board Category Fields that can be changed: State of Eligibility Gender Nationality   10) Choice Locking – After the JoSAA choice filling is completed, the candidates will have to lock their choices before the final date. In case any candidate fails to lock the choices, the choices made will be automatically submitted on the final date. If the Student is unsure then choice locking should be done in the end as after that changes in the preference can not be done.   ",13,"1), how, many",JEE,4
"JoSAA seat allocation 2020 1st round result (out), Freeze, Slide, Float","JoSAA seat allocation results of round1 has been announced on the official website on 17 Oct,2020. Now candidates will be able to check the status of the seat allocation by logging into the JoSAA website using JEE Main application number and password   JoSAA 2020 Seat Allotment Process- The authority will conduct six rounds of JoSAA seat allotment.    Candidates should follow the below-given steps to download the provisional seat   allotment letter:   Step 1 - Visit the official website of josAA2020  Step 2 - Click on the seat allotment link Step 3 -  Login using the JEE Main 2020 roll number and password Step 4 - Click on the “Submit” button Step 5 - Upon successful login, provisional JoSAA 2020 seat allotment letter will be displayed. Step 6 - Download and take a print out of the allotment letter.   After checking the seat allotment results for Round 1, the candidates who receive seat will have option to  pay the fees. Even after paying the fees, student will still have three options to choose such as 'Freeze, Float and Slide'.  Freeze: It means you have been allotted a seat and you’ve accepted it and you don't want to participate in the further rounds of counselling. The counselling process for this category of students will end up here, they only need to report to the allotted institute for confirming the admission.     Float: It means you have been allotted a seat and you’ve accepted the seat but you want a better programme (quite obvious) than what you’ve been allotted. In this case once you are allotted a seat in the further rounds, you’ll lose the seat which was allotted previously and the choices considered for float will be the ones which are above the allotted programme in your filled choices list. So it’s very important to fill choices intelligently. Focus on only those programmes which you want.     Slide: It again means you’ve been allotted a seat and you’ve accepted it but you seek for a different course in the same institute in which the previous programme was allotted. So it’s almost equal to float option except the fact that you will be going for choices related to the same institute. In this case also, you’ll lose the seat previously allotted.    Candidates should note that the above options are valid till the fifth round of seat allotment result. Till fifth round student has option for freeze and float. Round six is the last and final round where there is no option of freeze and float, only slide can be done.   What after JoSAA Seat Allocation 2020? All the seat allotted candidates will have option to accept the seats, if they accept it. The next step will be to pay the seat acceptance fee using the e-challan or SBI Net Banking. Since the admission fee of each institute varies, candidates will have to only pay the seat acceptance fee which will be adjusted against the admission fee.    Category Fee     ST / SC Rs/- 15000   Others Rs/- 3500      Can a candidate withdraw seat after accepting it? There is a withdrawal option. If you want to withdraw from JOSAA 2020, your fees will definitely be refunded after a deduction of Rs. 2000/- as the procedural fees. Seat Withdraw Process works as follows:  Students who have already accepted a seat, can withdraw the accepted seat by appearing  before the last round.     After choosing the withdraw option, the candidate will not be permitted to participate in further admission rounds.     Seat acceptance fee will be refunded to students after deducting Rs.2000/- processing charge.     Candidates can not withdraw seats after the announcement of last round seat allocation.     To withdraw seats, candidates have to fill their bank account details & upload an image of cancelled cheque (same account) in jpg format and download the withdrawal request letter.    Schedule of Events of JoSSA-2020(ONLINE REPORTING)      Date Time(IST) Event     BySep11,2020   Joint Apex Board declares JEE (Main) 2020 Ranks   Oct 5, 2020   Announcement of JEE (Advanced) 2020 Result   Oct 6, 2020 10:00 Candidate registration/choice filling for academic programs under JoSAA STARTS; candidates who qualify AAT can fill their AAT-specific choices starting from Oct 11, 2020 after declaration of AAT result   Oct 12, 2020 10:00 Display of Mock Seat Allocation-1 based on the choices filled-in by candidates as on Oct 11, 2020, 17:00 IST   Oct 14, 2020 10:00 Display of Mock Seat Allocation-2 based on the choices filled-in by candidates as on Oct 13, 2020, 17:00 IST   Oct 15, 2020 17:00 Candidate registration and choice filling for academic programs under JoSAA ENDS   Oct 16, 2020   Reconciliation of data, verification and validation of allocated seats   Oct 17, 2020 10:00 Seat Allocation (Round 1)   Oct 17, 2020-Oct 19, 2020 By 17:00, Oct 19, 2020 Online reporting: fee payment / document upload / response by candidate to query (if required) (Round 1)   Oct 21, 2020 10:00 Display of seats filled / availability status   17:00 Seat Allocation (Round 2)   Oct 22, 2020 and Oct 23, 2020 By 17:00, Oct 23, 2020 Online reporting: fee payment / document upload / response by candidate to query (if required) (Round 2)   Oct 24, 2020 By 17:00 Last day to respond to query (Round 2)   Oct 22 – Oct 24, 2020 By 17:00, Oct 24, 2020 Withdrawal of seat / Exit from seat allocation process (Round 2)   Oct 21, 2020 10:00 Display of seats filled / availability status   17:00 Seat Allocation (Round 3)     Oct 27, 2020 – Oct 28, 2020 By 17:00, Oct 28, 2020 Online reporting: fee payment / document upload / response by candidate to query (if required) (Round 3)   Oct 29, 2020 By 17:00 Last day to respond to query (Round 3)   Oct 27 – Oct 29, 2020 By 17:00, Oct 29, 2020 Withdrawal of seat / Exit from seat allocation process (Round 3)   Oct 30, 2020 10:00 Display of seats filled / availability status   17:00 Seat Allocation (Round 4)   Oct 31, 2020 – Nov 1, 2020 By 17:00, Nov 1, 2020 Online reporting: fee payment / document upload / response by candidate to query (if required) (Round 4)   Nov 2, 2020 By 17:00 Last day to respond to query (Round 4)   Oct 31 – Nov 2, 2020 By 17:00, Nov 2, 2020 Withdrawal of seat / Exit from seat allocation process (Round 4)   Nov 3, 2020 10:00 Display of seats filled / availability status   17:00 Seat Allocation (Round 5)   Nov 4 – Nov 5, 2020 By 17:00, Nov 5, 2020 Online reporting: fee payment / document upload / response by candidate to query (if required) (Round 5)   Nov 6, 2020 17:00 Last day to respond to query (Round 5)   20:00 Notification of the decision on seat confirmation for Round 5   Nov 4 – Nov 6, 2020 By 24:00 Withdrawal of seat / Exit from seat allocation process. LAST ROUND FOR SEAT WITHDRAWAL / EXIT OPTION (Round 5)   Nov 7, 2020 10:00 Display of seats filled / availability status   17:00 Seat Allocation (Round 6: FINAL ROUND for IITs)   Nov 8, 2020 By 17:00, Nov 8, 2020 Online reporting: fee payment / document upload / response by candidate to query (if required) (Round 6) (For IITs only: Reporting may also be done at admitting IIT). FINAL ROUND for IITs   Nov 9, 2020 By 17:00, Nov 5, 2020 Last day to respond to query (Round 6) (FINAL ROUND for IITs)   Nov 9-13, 2020 (for NIT+ system) By 17:00, Nov 12, 2020 Admission Process: Document verification for acceptance of seat or withdrawal of seat by physical mode at Admitting/Allotted Institutes ONLY (Round 6) (For NIT+ system). In case, the situation does not permit the physical presence of candidate at admitting Institute the above process will be done online.    ",14,"josaa, seat, allocation",JEE,6
"JEE Mains 2021 Preparation Strategy, Free Mock Test","The JEE Main January 2021 exam is expected to be held in the second and third weeks of January 2021. And JEE Main April 2021 exam is expected to be held in the second and third weeks of April 2021. The computer-based competitive exam for April 2020 had to be postponed twice due to the Covid-19 outbreak and slated to held in September. In view of the delay, the testing agency plans to review the January 2021 exam.   JEE Mains is a hard thing to crack, and with the help of the test series, you can do much better in your first exam than what you are compelled or levelled to. Margdarshan provides the scrupulous designed JEE (Main) practice test papers based on the latest pattern and syllabus. Our mock tests are prepared by the curated experts. They have framed the questions keeping in mind the requirements of the exam and the students. In addition to this, our testing and assessment platform gives a comprehensive analysis of student’s performance after each test. These series are remarkably better for you, and they will help you to understand how the entrance exam is conducted so that you can be prepared for the best. Candidates can easily access the mock tests on our page. The tests cover most of the topics discussed in the syllabus of JEE Main 2021.   Why is the JEE Main Online Test Series Needed?    Time management and performance improvement are comparatively easier when students are confident with their preparations. Therefore, by solving JEE mock tests students will be able to easily combat nervousness and develop a positive attitude that will further help them to answer all the questions with an affirmative outlook.     It helps you to prepare adequately with the usage of crash courses and subjects so that you can understand how the actual examination is taken place.       These test papers provide a detailed outlook of the examination pattern and students can practice solving them to get familiar with the questions.  With constant practice, students have better chances of completing the question paper in time.     These JEE Main online test series helps you to understand your actual preparation level and how well is your preparation based on the study that you have. It lets you have an analysis so that you can appreciate all of them better.     Are the tests free? Yes, the JEE mains test series free that you will get from our site comes at no cost. This means that you can register with your ID and then log in to appear for the said exams. We don't charge the students to look for the mock tests.   Solving regular JEE mock tests on our website :   Will increase your chances of clearing JEE by many folds.  Will make you aware of the JEE paper pattern and marking scheme.  It let you know where you stand in comparison to other students. (All India Ranking)  Will clear your concepts and will be helpful in your board as well as JEE exam preparation.  Will make you aware of your strong and weak chapters in each subject.  Will make you aware of the challenges and difficulties faced in the actual exam scenario.  ",15,"the, jee, main",JEE,2
"JEE Main 2021 Exam Date, Application Form, Eligibility, Syllabus, Pattern, Book Suggestion.","Conducted by NTA, JEE Main is the gateway to the prestigious engineering colleges across the country and the first step towards admission to IITs. The first session will be conducted in January 2021 and the second session in April 2021. However, it is likely that the JEE Main January 2021 registrations will be delayed as said by IIT Director. NTA Director has also stated earlier that the JEE Main 2021 dates will be impacted by the reopening of schools and boards exam schedule. CBSE’s step of 30% syllabus reduction for class XI and XII, and with Uttar Pradesh and Rajasthan boards now all set to reduce the syllabus for the academic year 2020-21, JEE MAIN 2021 syllabus is most likely to get impacted. Syllabus reduction in CBSE board has placed NTA and IITs in a tricky position as many boards are yet to announce their syllabus reduction. NTA Director General Joshi commented, “We will take it to JAB which is the authority on these matters.”    JEE MAIN 2021 OVERVIEW       Events   Dates     Exam Name Exam Frequency Exam Mode   JEE Main 2021 Twice a Year Online/offline                       Exam Papers     Exam Hours Attempts Allowed   BTech, BArch and BPlan   3Hours 3 Consecutive Years     Declaration of result   To be notified         Can JEE Main 2021 January Session get delayed?  With JEE Main 2020 April session getting postponed thrice, aspirants have doubts on the exam dates for JEE Main 2021 January session. JEE Main 2020 April session has been concluded from September 1 – 6, 2020.  As per NTA Director General Vineet Joshi, they are planning to hold the January session for JEE Main 2021 on time. Planning another exam right after September will take time as shared by IIT Delhi Director Prof. Ramgopal Rao. He further added that the exam dates can be delayed by a month. Also, if board examinations are postponed from March and the schools don’t open in time, then the exam dates can be impacted as well.    JEE Main 2021 Eligibility Criteria Candidates are advised to read following JEE Main eligibility norms before applying:   Qualification: Candidates must qualify Intermediate (12th) from any recognized board or university to be eligible for examination. For B.Tech Course: Candidates must have passed the qualifying exam with 5 subjects, Physics & Mathematics as main subject along with any one from Biology/ Biotechnology/ Chemistry/ Technical Vocational subject. For B.Arch Course: Candidates must qualify 12th with minimum 50% He/ she must have Physics, Chemistry & Mathematics as their mandatory subject to be eligible for JEE Main. For B.Plan Course: Candidates must have passed qualifying exam with Mathematics as mandatory subject to be eligible for JEE Main. Age limit: There is no age limit to apply for JEE Main 2021. Passing Year: Only those candidates who have passed 12th in year 2019 or 2020 will be eligible to apply. Appearing: Candidates appearing 12th or equivalent examination in year 2021 will be also eligible to apply for JEE Main.      JEE Main 2021 Jan Dates (expected):            Mode of examination: Computer-based     Events   January Session Dates (Tentative)   April Session Dates (Tentative)     Officially Notification Released on   November 2020   3rd week of August 2020     Registration Starting   1st week of December 2020   2nd week of February 2021     Last Date for Apply Registration   2nd week of December 2020   1st week of March 2021     fees can be paid online up to   December 2020   1st week of March 2021     Application Correction   December 2020   2nd week of  March 2021     Downloading of admit cards   1st week of December 2020   last week of March 2021     Dates of examinations   2nd week of January 2021   April 2021         JEE Main 2021 Application Form:   NTA is expected to begin JEE MAIN 2021 Registration for January session from December. Candidates must submit and fill the applications until the last date. The application form of JEE Main 2021 will be on the official website. Below are the steps to fill JEE Main 2021 application form online.  Register for JEE Main 2021: In this step, candidates have to register online with the basic details of the candidates. Fill the online application form: Next, candidates have to fill information related to their personal, education, communication, parents/guardian details and about exam city and paper preferences. Uploading scanned images/documents: At this step, candidates have to upload the scanned photograph and signature with the given specifications. Pay JEE Main application fees: After uploading the documents, candidates have to pay the application fees of JEE Main 2021. Candidates have to pay the application fee in online mode only through Credit Card/ Debit Card/ Net Banking/Paytm/UPI.        APPLICATION FEE:     Candidates will be able to submit JEE Main 2021 application fee via online Online mode of payment includes credit card, debit card or net banking. The application fee will be non-refundable in any case. Application fee as per courses & different categories are provided below:               FEE   In India   Outside India     B.E/ B.Tech or B.Arch. or B. Planning   Gen/ Gen-EWS/ OBC (NCL)   Boys- Rs. 650/- Girls- Rs. 325/-   Boys- 3000/- Girls- 1500/-     SC/ ST/ PwD/ Transgender   Boys-Rs. 325/- Girls-Rs. 325/-   Boys- 1500/- Girls- 1500/-     B.E/ B.Tech & B.Arch. or B.E/ B.Tech & B.Plan or B.E/ B.Tech , B. Arch & B.Plan Or B.Arch. & B.Plan   Gen/ Gen-EWS/ OBC (NCL)   Boys- Rs. 1300/- Girls- Rs. 650/-   Boys- Rs. 6000/- Girls- Rs. 3000/-     SC/ ST/ PwD/ Transgender   Boys- Rs. 650/- Girls- Rs. 650/-   Boys- Rs. 3000/- Girls- Rs. 3000/-         JEE Main 2021 Application Form Correction The portal for the correction of application form will open just after the last date of submission of the application form. The students can log in to their accounts and check the status of their application form and check whether any kinds of correction are required. The link for the correction portal will be made available on the official website. The specifications of the documents to be uploaded have been mentioned below:     Type of Document   Size   Dimensions in cm   Format     Passport size photograph   10KB-200KB   3.5 x 4.5   JPG/JPEG     Signature   4KB-30KB   3.5 x 1.5   JPG/JPEG       JEE Main 2021 Exam Pattern JEE Main consists of three papers. Each paper to be conducted for 3 hours. JEE Main 2021 question paper will include both multiple-choice questions as well as numerical based questions. Check important highlights of JEE Main 2021 exam pattern below.     Features   Details     Mode of JEE Main exam   BTech/BPlan: CBT mode    BArch:CBT mode | CBT mode     Type of Questions   Objective (MCQs) and Numerical    Subjective BArch Drawing Paper     Number of Questions   75 for BTech    77 for BArch    100 for BPlan     Total Marks    Paper 1:300 marks    Paper 2:400 marks    Paper 3:400 marks      Duration   3 hours     Name of sections   BTech:3 (Physics, Chemistry and Mathematics)    BArch:3 (Drawing, Mathematics and Aptitude)    BPlan:3 (Mathematics, Aptitude and Planning Based Questions)     Marking Scheme   Correct Response: 4 marks    Incorrect Response: -1 mark     The difficulty level of the question papers   Easy to Moderate           JEE Main 2021 Syllabus Candidates can check the JEE Main syllabus subject wise which comprises of syllabus of Physics, Chemistry and mathematics. Candidates will have to prepare for each subject in order to score well in the examination. Candidates may use NCERT books in order to prepare for JEE Main 2021. Candidates can check the syllabus of JEE Main 2021 for both Paper 1 (B.E./B.Tech) and Paper 2 (B.Arch/B,Plan) here:  JEE Main Subject Wise Syllabus (B.E/ B.Tech Paper)    Mathematics:  Sets, Relations & Functions Matrices & Determinants,  Permutations & Combinations Complex Numbers & Quadratic Equations Binomial Theorem Mathematical Induction Limit, Sequences & Series Differential Equations Integral Calculus  Continuity & Differentiability  Three Dimensional Geometry  Co-ordinate Geometry Statistics & Probability  Vector Algebra Mathematical Reasoning and Trigonometry.    Physics Syllabus:  Laws of Motion, Kinematics  Work  Energy & Power  Gravitation,  Rotational Motion, Physics & Measurement  Properties of Solids & Liquids Thermodynamics Electrostatics  Oscillations & Waves  Kinetic Theory of Gases Magnetic Effects of Current & Magnetism  Electromagnetic Induction & Alternating Currents  Current Electricity  Optics  Electromagnetic Waves  Dual Nature of Matter & Radiation Electronic Devices Atoms & Nuclei  Communication Systems,etc.    Chemistry Syllabus:   Physical Chemistry: Some Basic concepts in Chemistry, States of Matter, Chemical Bonding & Molecular Structure, Atomic Structure, Solutions, Redox Reactions & Electrochemistry, Equilibrium, Chemical Thermodynamics, Chemical Kinetics, Surface Chemistry, etc.    Inorganic Chemistry: General Principles & Process of Isolation of Metals, Hydrogen, p – Block Elements, s – Block Element, Co-ordination Compounds, d – and f – Block Elements, Classification of Elements & Periodicity in Properties, Environmental Chemistry, etc. Organic Chemistry: Some Basic Principles of Organic Chemistry, Organic Compounds Containing Halogens, Purification & Characterization of Organic Compounds, Hydrocarbons, Polymers, Organic Compounds Containing Nitrogen, Organic Compounds Containing Oxy       JEE Main Subject Wise Syllabus (B.E/ B.Tech Paper)        Mathematics Syllabus:  Sets Relations & Functions Matrices & Determinants Permutations & Combinations Complex Numbers & Quadratic Equations Binomial Theorem Mathematical Induction Limit Sequences & Series  Differential Equations Integral Calculus  Continuity & Differentiability  Three Dimensional Geometry Co-ordinate Geometry Statistics & Probability Vector Algebra  Mathematical Reasoning and Trigonometry.    Aptitude Test Syllabus: PART 1:  Awareness of places, persons Texture and objects related to Architecture and building environment  buildings and materials  Visualising 3D objects from 2D drawings  Mental Ability (Visual, Numerical and Verbal), Visualising different sides of 3D objects  Analytical Reasoning.  PART 2:  Three dimensional – perception: Understanding and appreciation of scale and proportion of objects, contrast and harmony.  Drawing and designing of geometrical or abstract shapes and patterns in pencil, colour texture, building forms and elements, Transformation of forms both 2 D and 3 D union, subtraction, rotation, development of surface & volumes Generation of Plan, Creating 2D and 3D compositions using given shapes and forms, Elevations and 3 D views of objects Sketching of scenes & activities from memory of urban scapes (public space, festivals, market, street scenes, recreational spaces, monuments, etc.), landscape (gardens, trees, river fronts, jungles, plants etc.) and rural life.  The candidates who wish to pursue B.Arch in the two IITs, namely, IIT Roorkee or IIT Kharagpur, have to appear for AAT (Aptitude Awareness Test). AAT Syllabus: Freehand Drawing: Simple drawing showing the entire object in its right proportion and form, surface texture, and details of its components in suitable scale, relative location, Ordinary domestic or everyday life utilizable objects like equipment, furniture, etc. Geometrical Drawing: Activities in geometrical drawing containing lines, triangles, angles, quadrilaterals, circles , polygons, elevation (side or front views) of simple solid objects like cones, prisms,  splayed surface holders, cylinders, cubes, Study of plan (aerial view), etc. Three-dimensional Perception: Perception and appreciation of 3D forms with building elements, Visualization through constituting objects in memory, volume colour and orientation,. Imagination and Aesthetic Sensitivity: Composition activity with given elements, Creativity test through uncommon innovative check with recognizable objects, Context mapping, Logic of colour grouping. Architectural Awareness: General awareness and interest of famous architectural creations – within the country and outside, places and celebrities (architects, designers etc.).     JEE Main 2021 Cut Off   JEE Main cut-off mainly depends on the overall percentile, the difficulty level of the questions and the number of candidates appearing for the examination. Every year, the JEE Main cut-off differs. The expected cut-off for JEE Main 2021 has been mentioned below:     Category   Cut Off     General   88-91     GEN- EWS   77-80     OBC – NCL   73-76     Scheduled Caste (SC)   53-56     Scheduled tribes (ST)   43-46     PWD   0-1       JEE Main 2021 Result: JEE Main results will be released separately for the two sessions. The results can be downloaded from the official website. The results will display the marks and not the ranks secured by the students. All the marks obtained by the students will be converted to NTA Score. The result will show the NTA scores obtained by the students.  For B.E/B.Tech, the result will have the marks obtained in Physics, Chemistry and Mathematics individually and also the total score. For B.Arch. students, the result will show marks obtained in Mathematics, Aptitude Test and Planning along with the total score obtained. For B.Planning students, the result will display marks obtained in Mathematics, Aptitude Test and Drawing and the total score obtained.     JEE Main Preparation Books 2021 for Paper 1  The candidates appearing for Paper 1 (for B.E./ B.Tech) will have to prepare the subjects of Mathematics, Physics, and Chemistry. The subject-wise best books for Paper 1 preparation are given as: ",16,"conducted, by, nta,",JEE,10
"NEET 2021 Application Form, Dates, Eligibility, Preparation Tips, Pattern and Syllabus:","NEET 2021 is expected that it will take place in May 2021 through offline (Pen & paper) mode. NTA (National Testing Agency) is the agency which is responsible for organizing NEET entrance test every year. It is a national level entrance test conducted to offer admission into MBBS /BDS courses. CBSE has decided to reduce the syllabus from Class IX to XII and this could also have an impact on the syllabus of NEET 2021. NEET 2021 is also expected to be the same as of previous year i.e. 3 main sections Physics, Chemistry, and Biology with a total of 180 questions worth 720 marks. MAJOR CHANGES INTRODUCED IN NEET 2021: NTA (National Testing Agency) is being responsible for conducting NEET from 2019 onwards which has decided to conduct the paper online and twice in a year. But, Due to certain issues, this wasn’t possible in the year 2019 and 2020 too. But there are slight chances that NEET 2021 may be conducted online and twice in a year. But there is no confirmation yet so till now the exam is to be conducted offline. However, this does not mean that there will be any changes in the paper pattern or syllabus of the paper. NEET 2021 Exam Dates Students can know below complete NEET Exam Dates related to various events like application process, application correction, admit card, etc.     Events   Dates 2021 (Tentative)     Release of Application   1st week of December 2020     End of application process   Last week of December 2020     Correction window opens   3rd week of January 2021 to last week of January 2021     Availability of Admit card   4th week of March 2021     NEET 2021 Exam   1st week of May 2021     Availability of Answer key   2nd week of May 2021     Declaration of Result   1st week of June 2021     Starting of Counselling   2nd week of June 2021         NEET Eligibility Criteria 2021 Age limit for NEET 2021:  Talking about the NEET exam age limit, the upper age limit should be 25 years as of December 31, for the year of admission for the candidate belonging to the general category. Students belonging to all the categories, the lower age limit students are 17 years as of December 31 of the year of admission. For the reserved candidates, the maximum age limit is 30 years as on December 31, of the year of admission    NEET Attempt limit 2021 There is no specific age limit in context with this exam, but the age limitation factor will be considered.   Qualification for NEET 2021 NEET Entrance Qualification 2021: The candidate appearing for the NEET exam should have passed the class 12 board exam from some recognized board and should have physics, chemistry, biology/ Biotechnology, and English as the main subjects. The candidates, who will be appearing for the board exam in the year 2021 along with the above, mentioned subjects can also apply for the NEET exam.       Category   PCB aggregate marks required for NEET     Unreserved   50%     SC/ST/OBC/Reserved-PH   40%     Unreserved- PH   45%        Physically Handicapped Criteria in NEET 2021  in 15% all India UG quota, 3% horizontal reservation for physically handicapped candidates the candidates having 50-70% locomotor disability in the lower limb will be given reservation the candidates need to produce the disability certificate the minimum marks for the physically handicapped category will be 45% instead of general category candidates   We recommend our test series for preparation. Click here to give free mock test series for NEET 2021  NEET Eligibility Criteria for State Quota The main point to be kept in mind is that around 85% of MBBS/BDS seats will be reserved for NEET states quota counselling. The remaining seat i.e. 15% will be kept for central level counselling (All India counselling). Below given are the points for NEET criteria 2021 for state quota:  The candidate should be the resident of the respective state The candidate should have proper proof of their residency in the state The candidate should have mandatorily completed/pursuing their schooling (class 12) from the respective state.    NEET 2021 Application Form Here we have mentioned details about NEET 2021 application form:   Application form will be made available through online mode only. Any offline facility will not be provided to apply for NEET 2021. Candidates will be able to fill their application form from the first week of December 2020. Candidate will be able to fill only one application as submission of multiple application form will get rejected by the authorities. Fill complete details carefully in application including education, personal, communication, etc. Students have to upload required scanned documents in JPG/ JPEG format. Last date of application submission will be till first week of January 2021. In case of uploading of incorrect images or details, students will be able to make correction during the correction period.  The correction window will open after the last date of form submission. Candidates will have to fill any four cities as per their preferences for examination centre. There will be no need to send any hardcopy of the application form to the authority. Candidates are advised to don’t forget to take printout of the filled application form.       Documents required at the time of registration:   Scanned image of passport size photograph (between 10 to 200 kb). Scanned image of signature (between 4 to 30 kb). Scanned image of left thumb impression (in case if left hand thumb being unavailable, right hand thumb impression can be used and file size should be in between 10 to 50 kb) Image of 10th class certificate (between 100 to 300 kb). Image of post card size photograph (between 50 to 300 kb).       All documents have to be complete at the exam center for not become a problem in giving exam.  Admit card that NTA will provide you in which all the instruction will be mention what you should take with you and what not. Two or Three photograph same as in your admit card is essential to give exam. One original identity card is required like Voter id or Aadhar card. Do not bring any electronic device. Mask and a transparent bottle are allowed in exam hall. You can take a hand sanitizer with you. You should bring one or two pens by yourself they will not give you. Reach at the exam venue before 2 hours of exam.  Other things will be mentioned in your admit card so don’t forget anything which is required you can make a list too.   Application Fee:  You can make payment of the NEET 2021 Application Form via any of the modes such as online or offline. If using online mode then pay the fee via facilities like a debit card/credit card/net banking/Paytm via online payment gateway. If choosing offline mode then make use of the payment via bank challan The application fee for the NEET exam is mentioned below: Those who belong to OBC as well as General category required to make payment of Rs.1400/- without late fee and with the late fee, make payment of Rs.2800/- Those who belong to the SC, ST, PWD, PH, Transgender Category, required to make payment of Rs. Rs.750/- without late fee and Rs.2150/- with a late fee.      Category   Application Fee   Late Fee     General / OBC category   Rs.1400   Rs.2800     ST/ SC/ PWD/ Transgender category   Rs.750   Rs.2150       Application form Correction of NEET 2021 Human error is quite natural and NTA provides candidates with an opportunity to make required changes in their important details in the application. The correction window time period is from 15th January to 31st January 2021. You can log in to your account to make the changes in your application. Details such as personal details, place of birth, choice of city for examination, academic details, details of parents, and residential address.   NEET 2021 EXAM PATTERN  Mode of Examination: NEET Exam will be conducted offline as of now. Number of Questions: The total number of questions asked in the question paper will be a total 180 questions. Types of Questions: The type of questions in the NEET Examination will be Multiple choice questions having four alternatives. Duration of Examination: The duration of the paper will be 3 hours. Marking scheme of the paper: Every question will be of four marks. So, every correct answer will fetch you 4 marks (+4 marks). Subjects: The question paper will consist of questions from subjects such as Zoology, Physics, Chemistry and Botany. The questions asked in the paper will be based on the 11th and 12th standard books. Negative Marking: Negative marking is applicable in NEET paper. Hence, it means that 1 mark will be deducted for each wrong answer (-1 mark).      SUBJECTS   NUMBER OF MCQs   TOTAL MARKS     Physics   45   180     Chemistry   45   180     Zoology   45   180     Botany   45   180                             NEET Syllabus 2021 Available now NEET Syllabus 2021 - As the NEET Syllabus 2021 is largely dependent on the syllabus of class 11th and 12th, students are expecting if the NEET syllabus will be reduced as there is a reduction in the class 11th and 12th syllabus. It is not completely possible to cover all the syllabus through the web effectively. But so far, there are no notifications about the reduction of the NEET 2021 Syllabus. If there is any change, it will be notified on our page. Students can check on our page frequently for updated information. NEET 2021 Syllabus comprises Physics, Chemistry and Biology subjects. The National Testing Agency (NTA) organizes a national level entrance exam called National Eligibility cum Entrance Test (NEET). NEET 2021 Syllabus is prescribed by the Medical Council of India.   NEET Syllabus 2021 for Physics  Class XI: Physical world and measurement, Notion of Potential Energy, Nature of Physical Laws, Kinematics, Speed, Velocity, Work, Energy and Power, Laws of Motion, Static & Kinetic Friction, Motion of System of Particles and Rigid Body, Gravitation, Kepler’s law of Planetary Motion, The Universal Law of Gravitation, Thermodynamics, Behaviour of Perfect Gas and Kinetic Theory, Properties of Bulk Matter, Bulk Modulus, Critical Velocity, Heat, Work & Internal Energy, Oscillations and Waves. Class XII: Electrostatics, Electric Charges & their Conservation, Electric Dipole, Magnetic Effects of Current and Magnetism, Carbon Resistors, Kirchhoff’s Laws & Simple Applications, Electromagnetic Induction and Alternating Currents, AC Generator & Transformer, Concept of Magnetic Field, Permanent Magnets, Current Electricity, Electromagnetic Waves, Electromagnetic Spectrum, Dual Nature of Matter and Radiation, Optics, Optical Instruments, Wave Optics, Atoms and Nuclei, Electronic Devices, Conductors. NEET Syllabus 2021 for Biology  Class XI: Diversity in Living World, Three Domains of Life, Cell Structure and Function, Cell Theory, Plant Cell & Animal Cell, Structural Organisation in Animals and Plants, Tissues, Morphology & Modifications, Plant Physiology, Transport in Plants, Photosynthesis, Human physiology. Class XII: Reproduction, Reproduction in Organisms, Biology and Human Welfare, Genetics and Evolution, Heredity & Variations, Biology and Human Welfare, Biotechnology and Its Applications, Principle & Process of Biotechnology, Ecology, and Environment, Organism & Environment, Biodiversity, and its Conversation.   NEET Syllabus 2021 for Chemistry  Class XI: Some Basic Concepts of Chemistry, Laws of Chemical Combination, Structure of Atom, Atomic Number, Isotopes & Isobars, Chemical Bonding and Molecular Structure, Ionic Bond, Covalent Bond, States of Matter: Gases and Liquids, Thermodynamics, Classification of Elements and Periodicity in Properties, Electronegativity, Equilibrium, Equilibrium in Physical & Chemical Process, Redox Reactions, Hydrogen, Physical & Chemical Properties of Water, s-Block Element (Alkali and Alkaline earth metals), Organic Chemistry-Some Basic Principles and Techniques, Some p-Block Elements, Hydrocarbons, Environmental Chemistry. Class XII: Solid State, Band Theory of Metals, Solutions, Elevation of Boiling Point, Electro Chemistry, Chemical Kinetics, Surface Chemistry, General Principles and Processes of Isolation of Elements, Electrochemistry, p-Block Elements, d and f Block Elements, Haloalkanes and Haloarenes, Alcohols, Physical & Chemical Properties of Primary Alcohol, Phenols and Ethers, Coordination Compounds, Aldehydes, Ketones and Carboxylic Acids, Organic Compounds Containing Nitrogen, Amines, Cyanides & Isocyanides, Polymers, Biomolecules, Chemistry in Everyday Life, Cleansing Agents – Soaps & Detergents.   NEET 2021 Exam Centers  NTA will disclose the list of NEET 2021 exam centers in the first week of December 2020. Candidates have to select the exam city and test center they wish to appear in during the application process.  Exam centers will be allotted according to the choice of language made by the candidate in their application form. Applicants must choose one out of the 10 languages provided in the official brochure.    NEET 2021 CUT-OFFS:        Unreserved: 360        OBC, SC&ST: 288        UR-PH: 324        OBC, SC, ST-PH: 288     Preparation Tips For NEET Exam:    Be prepared to sit long hours with your electronic devices because a good chunk of teaching is going to be online and you don't want to miss it. Start small to go big. Be creative around your study material. Play with it. Notes making is a very customised and individualistic art. Create your own. Take at least one complex topic as part of your daily challenges. Revise. Revise. Revise. Success in NEET relies heavily on 2 things-a) Retention and b) Recollection. Look for a good guide/coach/teacher for each of your 3 subjects. And once you find a teacher that suits your style, stick with them, show all trust in them for they want you to succeed as much as you do. Learning tools: work over your weaker learning aspects by using appropriate learning tools, memory tools, and cognitive tools. Don't study for long hours! A good 3 hours put steadily from now on shall give you an edge. Rest. This in fact is the most critical step. If you don't rest your mind-body adequately, your efforts will not show results which will lead to frustration and exasperation and you will feel like giving up or finding ways to avoid the frustration. We all know where it leads. Eat well, healthy and nutritious food is imperative for a sharp mind. You may enjoy your comfort food once in a while. Revise. Revise. Revise! This part needs to be given the most importance.    Additional Tip : Join Margdarshan and give mock test  from home Don’t get worried about not being able to go to a coaching institute. These days you can give NEET mock test at home only. We have NEET online mock test series from experienced teachers which you can give at the comfort of your home.   NEET Admit Card 2021: NEET Admit Card 2021 will be in March 2021. Candidate can download the Admit card by online mode from the NTA website. The Admit Card will not send by post. The Admit Card contains the details like candidate’s name, exam venue, roll no, etc.   Counseling: After the Result Counselling will start in June 2021. The counselling will be conducted by MCC (Medical Counselling Committee) and MOHFW (Ministry of Health & Family Welfare). There was a proposal earlier to conduct NEET exam 2 times a year and we can select which is higher for that year counselling but that idea was dropped now. At the moment you can only consider the score of the same year with that of the year counselling is held. But NEET pass mark is valid for 3 years for joining Foreign Universities.   Documents Needs at the time of Counselling:  10th & 12th Passing Certificate Mark Sheets NEET Rank Card/ Rank Letter NEET Admit Card Category Certificate (If Applicable) 8 Passport size photograph Birth Certificate Provisional Allotment Letter Identity Proof, etc.  ",17,"neet, 2021, is",JEE,12
"CSAB NEUT Counselling 2020, Dates, Eligibility, Process and Seat Allotment","Central Seat Allocation Board (CSAB) is a spot round counselling for NITs, IIITs and GFTI's. When seats in these colleges are left unfilled then there are spot round counselling’s to fill those unfilled seats. It is totally separated from the JoSAA Counselling and you can participate in both the counselling’s if you want to. There are high chances in the spot rounds that you will get good colleges with low rank. As every year after the JoSAA counselling, there is a special seat allotment round known as CSAB which happens not because they want to, but since students fill IIt’s, NIT's , bits, MIT and many more colleges. So i if a student who is allotted in suppose say NIT Allahabad gets BITS, and he leaves the seat after the round 7 of JOSAA , so that seat will become vacant . Like this many other seats will become vacant. And if colleges run on vacant seats it's a loss of those students who are in the waiting list. And it's unfair too. To fill these kinds of many vacant seats and those who made mistakes in their earlier joSAA counselling, this particular CSAB counselling is held. So, like every year, this year also the CSAB rounds will take place. Through CSAB, candidates are selected for admission in the first year of B.E/B. Tech and B.Arch./B.Plan programmes. The CSAB conducts the process for three channels- CSAB NEUT(for North-Eastern states and Union Territories), CSAB UT (for supernumerary seats in the Union Territories) and CSAB SFTI (Self-financed technical institutes). The registration process for all the three channels will open separately in online mode.   An overview of the key highlights of CSAB 2020:       Name   Detail     Name of the procedure   Central Seat Allocation Board Special Rounds     Conducted by   Central Seat Allocation Board (CSAB)     Eligibility   Valid JEE Rank     Academic qualification   Undergraduate     Participating Institutes   IITs, NITs, and GFTIs        CSAB NEUT: For North-Eastern States and Union Territories CSAB SFTI: Self Financed Technical Institutes The CSAB UT: Supernumerary Seats for Union Territories    CSAB NEUT 2020 Important Dates The important dates for CSAB 2020 NEUT are mentioned below:     CSAB NEUT     Online provisional Registration for Engg. & Arch. starts from   23 Oct – 04 Nov 2020      Online provisional Registration [Pharmacy] Checking of domicile and category certificates by state centers and finalization of registration [Pharmacy] Filling Up the Choices [Pharmacy]    23 Oct – 04 Nov 2020     Checking of domicile and category certificates by state centers, Finalization of registration for Engineering & Architecture   24 Oct – 05 Nov 2020     Filling Up the Choices    Reconciliation of data, verification and validation of allocated seats   24 Oct – 06 Oct 2020    07-12 Nov 2020     1 st Round of Seat Allotment result is published on   13 Nov 2020     Reporting at the Reporting Centers (RCs) against 1st Round of Allotment   14 – 19 Nov 2020     Reconciliation of data, verification and validation of allocated seats    2nd Round of Seat Allotment result on   20-23 Nov 2020    24 Nov 2020     Reporting at the Reporting Centers Against 2nd Round of Allotment   25 – 27 Nov 2020     Seat Withdrawal   28 – 30 Nov 2020     Spot Round to be Declared by State Centers   01 – 03 Dec 2020     Reporting at the admitting Institute   04 – 07 Dec 2020       CSAB NEUT 2020 Eligibility Criteria Interested candidates must have to check their eligibility criteria before applying the CSAB NEUT. Those candidates will not be eligible; they will not get admission in their aspiring programs.   The minimum requirement that a candidate should attain are: -  Students are desirous to pursue B.E/B. Tech course should have passed class 12th with Physics and Mathematics as major subjects with one of the Chemistry/Biotechnology/Biology/Technical Vocational Subject and should have obtained at least 75% marks in class 12. (65% in case of SC/ST Category). For B. Arch, students should have studied Physics, Chemistry, and Mathematics as core subjects in class 12 and scored 75% aggregate marks. Also, the candidates appearing for B.Arch can be asked about their NATA score so they should inquire the institution whether they demand any such additional qualification or not. For B. Planning, Mathematics is a compulsory subject in class 12 and a score of minimum 75% marks in class 12.   The candidates can also apply on the basis of marks scored in the JEE Main examination. Appearing candidates in final year can also apply in this procedure.      CSAB 2020 NEUT Seat Allotment Procedure Aspirants have to go through the following procedure for successfully admitting through CSAB NEUT 2020 counselling: CSAB NEUT Registration  (a) Candidates have to register themselves for CSAB NUET 2020. (b) Visit the official website at csab.nic.in. (c) Register on the site using the JEE Main 2020 application form number and password.  Entering the Details  (a) Upon successful registration, aspirants have to select their choice of colleges and courses for admission. (b) Aspirants may note that the selection should be further conducted in the order of their preference. (c) Candidates can check their possible choices and lock them before the last date. After that, they will not be allowed to make any changes.  CSAB NEUT Counselling & Seat Allotment  (a) Aspirants can check their seat allotment online once it gets declared. (b) The officials will release the seat allotment result on the official website of CSAB. (c) The process of seat allotment will be done on the basis of their merit, choices as well as the seat availability. (d) Upon selection, candidates can be able to download their allotment letter from the official website only.  These documents should be carried by candidates at the counseling and seat allotment session.  Printout of locked choices and terms and conditions duly signed by the candidate Printout of Provisional Allotment Letter Undertaking by the candidate Original documents and a set of photocopies of the following for verification Photo ID proof as per Government of India norms JEE Main Admit Card JEE Main Score Card issued by CBSE (Downloaded Scorecard is Acceptable) Class X (High School) Board Certificate for proof of date of birth Certificate and Marks Sheet of the qualifying examination Demand Draft of Rs 3000 drawn in favor of ‘NIT Tiruchirappalli CSAB Category/subcategory/caste/sub-caste certificate (if applicable), issued by the competent authority Persons with Disabilities (PwD) Certificate (if applicable) issued from a duly constituted Medical Board. The certificate should stand valid up to September 2020. Proof of place of examination center of the final examination from the National Open School for candidates having Senior Secondary Certificate (required for determining the ‘State of eligibility’) One passport size photograph identical to the one pasted on the JEE Main 2020 application form    Verification of the documents  (a) Finally, candidates have to visit the allotted institute to verify their documents. (b) The seats will be confirmed after the counselling fee has been paid.   Recommended:-   Click Here to give free mock test series for JEE 2021   Read More about our various blogs related to JEE 2021      CSAB-UT 2020: Important Points CSAB UT conducts the admission processes for allocating seats in Union Territories (UT). The CSAB UT covers Daman & Diu, Dadar and Nagar Haveli, Andaman & Nicobar as well as Lakshadweep & Khandvi. The tentative date of releasing the CSAB UT Application Form 2020 is August 2020. Then, accordingly, the admissions will take place. CSAB UT 2020 Important Dates     Events   Important Dates (Tentative)     Registration and Filling of Choices   To be Notified     Declaration of CSAB-UT Seat Allotment Result   To be Notified     Reporting to Allotted Colleges   To be Notified       CSAB UT 2020 Eligibility criteria The details regarding the eligibility criteria of CSAB UT 2020 are given below:  Candidate should be from the state of one of the union territories. Candidates should not have allotted any seats till the special vacant seat filling round. The Candidates should not have reported to any JOSAA seat allotment process. Candidates who had reported for their allotted seat at the centres but their seat was cancelled due to any change in the category and are still unallotted are also be eligible for the CSAB UT 2020. The Candidates who have reported after the seat allotment to their reporting centre but withdrew before the final round of JoSAA are also eligible. Candidates who paid the initial fee and reported for the seat allotment to the reporting centre but have not reported to their allotted institute till the last date are also eligible.  The candidates who come under the below-mentioned points will not be eligible for the CSAB UT 2020:  Candidates who were allotted seats during JOSAA 2020 seat allotment process and also reported to their respective centres before the last date. Candidates who were allotted seats during the special vacant seat filling round will not be eligible for CSAB UT 2020 irrespective of whether they reported to their respective centre or not.    CSAB UT Seat Allotment Procedure The CSAB UT seat allotment 2020 involves the following stages: CSAB UT Registration  (a) Candidates have to register themselves for CSAB UT 2020 through online mode only. (b) Visit the official website at csab.nic.in. (c) Register on the site and submit the form after filling all the details.  Filling of Choices  (a) Candidates have to fill in their choices of colleges and respective courses. (b) Do check your choices otherwise, you won’t be able to make any choices once it is locked.  Counselling & Seat Allotment  (a) Candidates will get seat allotment as per their JEE Main scores. (b) The allotment is done after deducting all the supernumerary seats for the home state quota.  Verification of the Documents  (a) Finally, candidates have to report to the allotted institute to get their documents verified. (b) Candidates have to pay the counselling fee in order to confirm their seats.  CSAB SFTI 2020 CSAB SFTI 2020 (Self Financed Technical Institutes) will be conducted to provide admissions to eligible candidates into the participating institutes. JEE Main scores will be taken into consideration while providing admissions. Registrations are expected to start tentatively in the final week of July 2020. However, CSAB SFTI 2020 was not conducted in the previous session due to lack of participating institutes. No update regarding CSAB 2020 has been released by the authorities as of yet, so it may or may not be conducted for the present session. Important Dates of CSAB SFTI 2020     Event   To Be Announced     Online Registration, Choice Filling by candidates, Payment of an initial fee of Rs 21,000 (Twenty One thousand rupees only)  To be Notified    Declaration of Result & Seat Allotment  To be Notified    Physical Reporting and verification of original documents of the candidate Payment of balance fees at the Allotted Institute  To be Notified      CSAB 2020 SFTI Eligibility Criteria Given below are CSAB 2020 SFTI eligibility criteria:     Particulars   Details     Examination Marks   Candidates should have scored at least 45% marks; while SC/ST/OBC-NCL/PwD category candidates should have at least 40% marks in their Class 12 exam     Subjects   Aspirants should have studied the following subjects:    (i) Physics    (ii) Chemistry/Biology/Biotechnology/Technical Vocational subject    (iii) Mathematics     Also, the candidates are required to qualify one subject apart from the ones mentioned above     Exam (JEE Main)   Aspirants should have a valid JEE Main scores with them        SFTI Seat Allotment:   The seats will be allotted by the authority. Candidates will be able to check their seat allotment through online mode. The allotment of seats will be done on the basis of their JEE Mains merit, preferences and availability of seats. The eligible candidates have to download the seat allotment letter and take a printout out for future use.   Reporting at Allotted Institute:  At last, candidates have to report to their allotted institute for confirming their admission. Candidates have to pay the balance fee for confirming their admission. The authority will also verify the documents of the candidate.    ",18,"central, seat, allocation",JEE,9
NEET Counselling 2020 Updated Information:,"The first thing to know of NEET counselling is that 15% of the total medical seats in a college are reserved to AIQ(All India Quota) and the other 85% of seats are filled in by State counselling (i.e, the students belonging to a particular state can apply for 85% of seats in that particular state counselling).        Exam        National Eligibility cum Entrance Test (UG) Exam          Organiser         Medical Counseling Committee (MCC)/ Directorate General of Health Services (DGHS), Ministry of Health and Family Welfare          Registration Login Credentials         Roll number, registration number, date of birth and name           Fee         Rs 1000 (counselling fee) & Rs 10,000 (security fee)           Official Website         www.mcc.nic.in             Who is eligible to participate in the counselling of NEET 2020?  style=""margin-top:4px; margin-bottom:10px"">To participate in the NEET 2020 counselling process, candidates must fulfil the following eligibility requirements:   style=""margin-left:44px"">They must qualify the National Eligibility Cum Entrance Test   style=""margin-left:44px"">They must be registered on the official website of MCC  style=""margin-left:44px"">All candidates, including candidates from the UT of J&K, can participate in the counselling for AIQ seats and deemed universities     style=""text-align:justify; margin-bottom:11px"">NEET Counselling Dates 2020      Events   Round1   Round 2   Mop-up round     Registration/Payment   October 28 to November 2, 2020, till 3:00 PM    November 18 to 22, 2020, till 3:00 PM   December 10 to 14, 2020, till 3:00 PM     Choice Filling & locking   October 28 to November 2, 2020   November 19 to 22, 2020, up to 11:59 PM   December 11 to 14, 2020, till 11:59 PM     Processing of seat allotment   November 3 to 4, 2020   November 23 and 24, 2020   December 15 to 16, 2020     Allotment Result   November 5, 2020   November 25, 2020   December 17, 2020     Reporting to allotted colleges   November 6 to 12, 2020   November 26 to December 2, 2020   December 18 to 26, 2020        Recommended :- Click here to use free mock test for neet preparation  Read More NEET 2021 Application Form, Dates, Eligibility, Preparation Tips, Pattern and Syllabus:    style=""margin-bottom:11px"">How to register for NEET 2020 Counselling and choice filling?  style=""margin-bottom:20px"">Steps to register for NEET UG counselling 2020:  style=""margin-left:24px"">Step 1: Log on the MCC's official website - mcc.nic.in. Step 2: Tap on ""UG Medical Counselling' link on the homepage. Step 3: You will be directed to a new page where on the left hand side, you will be required to click on ""New Registration"" link. Step 4: Enter the required credentials in the correct format and press the submit button. Step 5: An OTP will be sent on your registered mobile number. Step 6: Go to the Candidate Login and enter the details. Step 7: Complete the application form providing all the relevant details. Step 8: Pay the NEET UG 2020 counselling fee Step 9: Fill the choice of course and give preferences to the college/institute. Aspirants must note that there is no limit to the number of choices a candidate can fill.   Documents Required for Counselling:  style=""margin-bottom:15px"">Candidates have to bring their original documents along with attested photocopies of documents.    style=""border:none; padding:0cm"">Mark Sheets  style=""border:none; padding:0cm"">10th & 12th Passing Certificate  style=""border:none; padding:0cm"">NEET 2020 Admit Card  style=""border:none; padding:0cm"">NEET 2020 Rank Card/Rank Letter  style=""border:none; padding:0cm"">Category Certificate (If Applicable)  style=""border:none; padding:0cm"">Birth Certificate  style=""border:none; padding:0cm"">8 Passport size photograph (Six)  style=""border:none; padding:0cm"">Identity Proof  style=""border:none; padding:0cm"">Provisional Allotment Letter     NEET 2020 Counselling for 15% AIQ  style=""margin-bottom:20px"">There are two rounds of AIQ online counselling i.e. Round 1 & Round 2. Who are eligible: All candidates who have qualified for All India Quota seats on the basis of their rank in NEET UG conducted by the National Testing Agency (NTA) except the Union Territory of J&K are eligible. AIQ includes:   style=""margin-bottom:8px"">15% MBBS/ BDS Seats of States  style=""margin-bottom:8px"">100% MBBS/ BDS Seats of BHU  style=""margin-bottom:8px"">100% MBBS Seats of AIIMS across India  style=""margin-bottom:8px"">All India Quota of JIPMER (Puducherry/ Karaikal)  style=""margin-bottom:8px"">All India Quota seats of AMU/ DU/ VMMC/ ABVIMS  style=""margin-bottom:8px"">All India Quota Seats of Faculty of Dentistry (Jamia Milia Islamia)  style=""margin-bottom:8px"">All India Quota Seats of ESIC     style=""margin-bottom:11px"">Reservation policy to be followed while seat allotment in NEET 2020 Counselling for 15% AIQ:     Category   Percentage of reservation     SC   15%     ST   7.5%     PWD   5% Horizontal Reservation     OBC (NCL)   27% Only in Central Institutes / Universities     EWS   10% Only in Central Institutes / Universities       NEET 2020 Counselling for AFMS  style=""margin-bottom:20px"">Candidates who desire to participate in AFMS Counselling have to register on the MCC portal. The list of registered candidates is then sent to AFMS Authorities for conducting Offline counseling as per their rules and regulations. The result of the counselling i.e. the allotment status is sent back to MCC for uploading on MCC website.   ",19,"the, first, thing",JEE,3
"NEET Counselling 2020 : Registration, Choice filling, Seat Allotment, result","The first thing to know of NEET counselling is that 15% of the total medical seats in a college are reserved to AIQ(All India Quota) and the other 85% of seats are filled in by State counselling (i.e, the students belonging to a particular state can apply for 85% of seats in that particular state counselling).         style=""margin-bottom:11px"">Exam         style=""margin-bottom:11px"">National Eligibility cum Entrance Test (UG) Exam           style=""margin-bottom:11px"">Organiser          style=""margin-bottom:11px"">Medical Counseling Committee (MCC)/ Directorate General of Health Services (DGHS), Ministry of Health and Family Welfare          style=""margin-bottom:11px"">Registration Login Credentials          style=""margin-bottom:11px"">Roll number, registration number, date of birth and name            style=""margin-bottom:11px"">Fee          style=""margin-bottom:11px"">Rs 1000 (counselling fee) & Rs 10,000 (security fee)            style=""margin-bottom:11px"">Official Website          style=""margin-bottom:11px"">www.mcc.nic.in             Who is eligible to participate in the counselling of NEET 2020?  style=""margin-top:4px; margin-bottom:10px"">To participate in the NEET 2020 counselling process, candidates must fulfil the following eligibility requirements:   style=""margin-left:44px"">They must qualify the National Eligibility Cum Entrance Test   style=""margin-left:44px"">They must be registered on the official website of MCC  style=""margin-left:44px"">All candidates, including candidates from the UT of J&K, can participate in the counselling for AIQ seats and deemed universities     style=""text-align:justify; margin-bottom:11px"">NEET Counselling Dates 2020      Events    style=""margin-top:2px; margin-bottom:2px; text-align:justify"">Round1   Round 2   Mop-up round      style=""margin-top:2px; margin-bottom:2px; text-align:justify"">Registration/Payment    style=""margin-top:2px; margin-bottom:2px; text-align:justify"">October 28 to November 2, 2020, till 3:00 PM    November 18 to 22, 2020, till 3:00 PM   December 10 to 14, 2020, till 3:00 PM      style=""margin-top:2px; margin-bottom:2px; text-align:justify"">Choice Filling & locking    style=""margin-top:2px; margin-bottom:2px; text-align:justify"">October 28 to November 2, 2020    style=""margin-top:2px; margin-bottom:2px; text-align:justify"">November 19 to 22, 2020, up to 11:59 PM   December 11 to 14, 2020, till 11:59 PM     Processing of seat allotment   November 3 to 4, 2020   November 23 and 24, 2020   December 15 to 16, 2020      style=""margin-top:2px; margin-bottom:2px; text-align:justify"">Allotment Result    style=""margin-top:2px; margin-bottom:2px; text-align:justify"">November 5, 2020   November 25, 2020   December 17, 2020      style=""margin-top:2px; margin-bottom:2px; text-align:justify"">Reporting to allotted colleges    style=""margin-top:2px; margin-bottom:2px; text-align:justify"">November 6 to 12, 2020   November 26 to December 2, 2020   December 18 to 26, 2020         style=""margin-bottom: 11px;"">Recommended :- Click Here to use free mock test for NEET preparation Read More NEET 2021 Application Form, Dates, Eligibility, Preparation Tips, Pattern and Syllabus:    style=""margin-bottom:11px"">How to register for NEET 2020 Counselling and choice filling?  style=""margin-bottom:20px"">Steps to register for NEET UG counselling 2020:  style=""margin-left:24px"">Step 1: Log on the MCC's official website - mcc.nic.in. Step 2: Tap on ""UG Medical Counselling' link on the homepage. Step 3: You will be directed to a new page where on the left hand side, you will be required to click on ""New Registration"" link. Step 4: Enter the required credentials in the correct format and press the submit button. Step 5: An OTP will be sent on your registered mobile number. Step 6: Go to the Candidate Login and enter the details. Step 7: Complete the application form providing all the relevant details. Step 8: Pay the NEET UG 2020 counselling fee Step 9: Fill the choice of course and give preferences to the college/institute. Aspirants must note that there is no limit to the number of choices a candidate can fill.   Documents Required for Counselling: style=""margin-bottom:15px"">Candidates have to bring their original documents along with attested photocopies of documents.    style=""border:none; padding:0cm"">Mark Sheets  style=""border:none; padding:0cm"">10th & 12th Passing Certificate  style=""border:none; padding:0cm"">NEET 2020 Admit Card  style=""border:none; padding:0cm"">NEET 2020 Rank Card/Rank Letter  style=""border:none; padding:0cm"">Category Certificate (If Applicable)  style=""border:none; padding:0cm"">Birth Certificate  style=""border:none; padding:0cm"">8 Passport size photograph (Six)  style=""border:none; padding:0cm"">Identity Proof  style=""border:none; padding:0cm"">Provisional Allotment Letter       NEET 2020 Counselling for 15% AIQ  style=""margin-bottom:20px"">There are two rounds of AIQ online counselling i.e. Round 1 & Round 2. Who are eligible: All candidates who have qualified for All India Quota seats on the basis of their rank in NEET UG conducted by the National Testing Agency (NTA) except the Union Territory of J&K are eligible. AIQ includes:   style=""margin-bottom:8px"">15% MBBS/ BDS Seats of States  style=""margin-bottom:8px"">100% MBBS/ BDS Seats of BHU  style=""margin-bottom:8px"">100% MBBS Seats of AIIMS across India  style=""margin-bottom:8px"">All India Quota of JIPMER (Puducherry/ Karaikal) style=""margin-bottom:8px"">All India Quota seats of AMU/ DU/ VMMC/ ABVIMS  style=""margin-bottom:8px"">All India Quota Seats of Faculty of Dentistry (Jamia Milia Islamia)  style=""margin-bottom:8px"">All India Quota Seats of ESIC    Reservation policy to be followed while seat allotment in NEET 2020 Counselling for 15% AIQ:     Category   Percentage of reservation     SC   15%     ST   7.5%     PWD   5% Horizontal Reservation     OBC (NCL)   27% Only in Central Institutes / Universities     EWS   10% Only in Central Institutes / Universities       NEET 2020 Counselling for AFMS  style=""margin-bottom:20px"">Candidates who desire to participate in AFMS Counselling have to register on the MCC portal. The list of registered candidates is then sent to AFMS Authorities for conducting Offline counseling as per their rules and regulations. The result of the counselling i.e. the allotment status is sent back to MCC for uploading on MCC website.   ",20,"the, first, thing",JEE,3
NEET Counselling 2020 Updated Information:,"The first thing to know of NEET counselling is that 15% of the total medical seats in a college are reserved to AIQ(All India Quota) and the other 85% of seats are filled in by State counselling (i.e, the students belonging to a particular state can apply for 85% of seats in that particular state counselling).        Exam        National Eligibility cum Entrance Test (UG) Exam          Organiser         Medical Counseling Committee (MCC)/ Directorate General of Health Services (DGHS), Ministry of Health and Family Welfare          Registration Login Credentials         Roll number, registration number, date of birth and name           Fee         Rs 1000 (counselling fee) & Rs 10,000 (security fee)           Official Website         www.mcc.nic.in               Who is eligible to participate in the counselling of NEET 2020?  style=""margin-top:4px; margin-bottom:10px"">To participate in the NEET 2020 counselling process, candidates must fulfil the following eligibility requirements:   style=""margin-left:44px"">They must qualify the National Eligibility Cum Entrance Test   style=""margin-left:44px"">They must be registered on the official website of MCC  style=""margin-left:44px"">All candidates, including candidates from the UT of J&K, can participate in the counselling for AIQ seats and deemed universities         style=""text-align:justify; margin-bottom:11px"">NEET Counselling Dates 2020      Events   Round1   Round 2   Mop-up round     Registration/Payment   October 28 to November 2, 2020, till 3:00 PM    November 18 to 22, 2020, till 3:00 PM   December 10 to 14, 2020, till 3:00 PM     Choice Filling & locking   October 28 to November 2, 2020   November 19 to 22, 2020, up to 11:59 PM   December 11 to 14, 2020, till 11:59 PM     Processing of seat allotment   November 3 to 4, 2020   November 23 and 24, 2020   December 15 to 16, 2020     Allotment Result   November 5, 2020   November 25, 2020   December 17, 2020     Reporting to allotted colleges   November 6 to 12, 2020   November 26 to December 2, 2020   December 18 to 26, 2020        Recommended :- Click Here to use free mock test for NEET preparation Read More NEET 2021 Application Form, Dates, Eligibility, Preparation Tips, Pattern and Syllabus:   How to register for NEET 2020 Counselling and choice filling? Steps to register for NEET UG counselling 2020: Step 1: Log on the MCC's official website - mcc.nic.in. Step 2: Tap on ""UG Medical Counselling' link on the homepage. Step 3: You will be directed to a new page where on the left hand side, you will be required to click on ""New Registration"" link. Step 4: Enter the required credentials in the correct format and press the submit button. Step 5: An OTP will be sent on your registered mobile number. Step 6: Go to the Candidate Login and enter the details. Step 7: Complete the application form providing all the relevant details. Step 8: Pay the NEET UG 2020 counselling fee Step 9: Fill the choice of course and give preferences to the college/institute. Aspirants must note that there is no limit to the number of choices a candidate can fill.   Documents Required for Counselling: Candidates have to bring their original documents along with attested photocopies of documents.   Mark Sheets 10th & 12th Passing Certificate NEET 2020 Admit Card NEET 2020 Rank Card/Rank Letter Category Certificate (If Applicable) Birth Certificate 8 Passport size photograph (Six) Identity Proof Provisional Allotment Letter       NEET 2020 Counselling for 15% AIQ There are two rounds of AIQ online counselling i.e. Round 1 & Round 2. Who are eligible: All candidates who have qualified for All India Quota seats on the basis of their rank in NEET UG conducted by the National Testing Agency (NTA) except the Union Territory of J&K are eligible. AIQ includes:  15% MBBS/ BDS Seats of States 100% MBBS/ BDS Seats of BHU 100% MBBS Seats of AIIMS across India All India Quota of JIPMER (Puducherry/ Karaikal) All India Quota seats of AMU/ DU/ VMMC/ ABVIMS All India Quota Seats of Faculty of Dentistry (Jamia Milia Islamia) All India Quota Seats of ESIC      Reservation policy to be followed while seat allotment in NEET 2020 Counselling for 15% AIQ:     Category   Percentage of reservation     SC   15%     ST   7.5%     PWD   5% Horizontal Reservation     OBC (NCL)   27% Only in Central Institutes / Universities     EWS   10% Only in Central Institutes / Universities       NEET 2020 Counselling for AFMS Candidates who desire to participate in AFMS Counselling have to register on the MCC portal. The list of registered candidates is then sent to AFMS Authorities for conducting Offline counseling as per their rules and regulations. The result of the counselling i.e. the allotment status is sent back to MCC for uploading on MCC website. ",21,"the, first, thing",JEE,3
"NEET Counselling 2020 : Registration, Choice filling, Seat Allotment Result","The first thing to know of NEET counselling is that 15% of the total medical seats in a college are reserved to AIQ(All India Quota) and the other 85% of seats are filled in by State counselling (i.e, the students belonging to a particular state can apply for 85% of seats in that particular state counselling).       Exam        National Eligibility cum Entrance Test (UG) Exam          Organiser         Medical Counseling Committee (MCC)/ Directorate General of Health Services (DGHS), Ministry of Health and Family Welfare          Registration Login Credentials         Roll number, registration number, date of birth and name           Fee         Rs 1000 (counselling fee) & Rs 10,000 (security fee)           Official Website         www.mcc.nic.in             Who is eligible to participate in the counselling of NEET 2020? To participate in the NEET 2020 counselling process, candidates must fulfil the following eligibility requirements:  They must qualify the National Eligibility Cum Entrance Test  They must be registered on the official website of MCC All candidates, including candidates from the UT of J&K, can participate in the counselling for AIQ seats and deemed universities    NEET Counselling Dates 2020      Events   Round1   Round 2   Mop-up round     Registration/Payment   October 28 to November 2, 2020, till 3:00 PM    November 18 to 22, 2020, till 3:00 PM   December 10 to 14, 2020, till 3:00 PM     Choice Filling & locking   October 28 to November 2, 2020   November 19 to 22, 2020, up to 11:59 PM   December 11 to 14, 2020, till 11:59 PM     Processing of seat allotment   November 3 to 4, 2020   November 23 and 24, 2020   December 15 to 16, 2020     Allotment Result   November 5, 2020   November 25, 2020   December 17, 2020     Reporting to allotted colleges   November 6 to 12, 2020   November 26 to December 2, 2020   December 18 to 26, 2020        Recommended :- Click Here to use free mock test for NEET preparation Read More NEET 2021 Application Form, Dates, Eligibility, Preparation Tips, Pattern and Syllabus:    How to register for NEET 2020 Counselling and choice filling? Steps to register for NEET UG counselling 2020: Step 1: Log on the MCC's official website - mcc.nic.in. Step 2: Tap on ""UG Medical Counselling' link on the homepage. Step 3: You will be directed to a new page where on the left hand side, you will be required to click on ""New Registration"" link. Step 4: Enter the required credentials in the correct format and press the submit button. Step 5: An OTP will be sent on your registered mobile number. Step 6: Go to the Candidate Login and enter the details. Step 7: Complete the application form providing all the relevant details. Step 8: Pay the NEET UG 2020 counselling fee Step 9: Fill the choice of course and give preferences to the college/institute. Aspirants must note that there is no limit to the number of choices a candidate can fill.   Documents Required for Counselling: Candidates have to bring their original documents along with attested photocopies of documents.   Mark Sheets 10th & 12th Passing Certificate NEET 2020 Admit Card NEET 2020 Rank Card/Rank Letter Category Certificate (If Applicable) Birth Certificate 8 Passport size photograph (Six) Identity Proof Provisional Allotment Letter     NEET 2020 Counselling for 15% AIQ There are two rounds of AIQ online counselling i.e. Round 1 & Round 2. Who are eligible: All candidates who have qualified for All India Quota seats on the basis of their rank in NEET UG conducted by the National Testing Agency (NTA) except the Union Territory of J&K are eligible. AIQ includes:  15% MBBS/ BDS Seats of States 100% MBBS/ BDS Seats of BHU 100% MBBS Seats of AIIMS across India All India Quota of JIPMER (Puducherry/ Karaikal) All India Quota seats of AMU/ DU/ VMMC/ ABVIMS All India Quota Seats of Faculty of Dentistry (Jamia Milia Islamia) All India Quota Seats of ESIC    Reservation policy to be followed while seat allotment in NEET 2020 Counselling for 15% AIQ:     Category   Percentage of reservation     SC   15%     ST   7.5%     PWD   5% Horizontal Reservation     OBC (NCL)   27% Only in Central Institutes / Universities     EWS   10% Only in Central Institutes / Universities       NEET 2020 Counselling for AFMS Candidates who desire to participate in AFMS Counselling have to register on the MCC portal. The list of registered candidates is then sent to AFMS Authorities for conducting Offline counseling as per their rules and regulations. The result of the counselling i.e. the allotment status is sent back to MCC for uploading on MCC website. ",22,"the, first, thing",JEE,3
"CSAB 2021 Dates(out), Registration procedure, Documents, Seat allotment procedure ","CSAB used to conduct counselling for NIT, IIIT and GFTI but they were not included in JOSAA counselling. Now CSAB only conducts counselling for a special round which is conducted after the completion of 6 rounds of JOSAA . This round is for vacant seats.  The Central Seat Allocation Board has released the CSAB 2021 schedule online. The CSAB 2021 schedule for the special round of seat allocation has been released at csab.nic.in. Interested candidates can participate in the special CSAB 2021 seat allotment by visiting the official website and registering for the seat allotment process. The CSAB 2021 registration window will be open from 28th to 30th November 2021 after the display of vacant seats after JoSAA counseling 2020 on 18th November 2021. Moreover, the seats left vacant after all the round of JoSAA 2021 will be displayed by the authorities on 18 November 2021. Further, registration, payment of participation and choice filling will start on 28th November 2021.  The Round 1 of Display of Seat Allotment Result will be on 2 nd Dec 2021 (Thu) (17:00 hrs) The last day for responding to query for Special Round 1 will be on 5 th Dec 2021 (Sun) Till 14:00 hrs The Special Round 2 of Display of Seat Allotment Result will happen on 7 th Dec 2021 (Tue). The reporting at the allotted institute, both in-person and online will begin on 7 th Dec 2021 (Tue) (12:00 hrs) To 9 th Dec 2021 (Thu) (12:00 hrs)  Central Seat Allocation Board will hold the counselling for admission through three channels – CSAB NEUT, Supernumerary, special rounds. Moreover, the registration procedure for CSAB NEUT has already begun from 9th November 2021.  Also read JEE Mains 2022 Preparation Strategy, Free Mock Test- Click Here  CSAB 2021 Special Round Schedule The Central Seat Allocation Board has announced the schedule for the CSAB Special Counselling Round for candidates who have attempted JEE Mains or JEE Advanced Exams. The schedule is as mentioned below, but the dates are subject to changes based on the circumstances at that given point in time.     Counseling Event   Dates     Display of vacancies after JoSAA Counselling Session   27th Nov 2021 (Sat)    Registration, Payment of Processing Fee, Choice Filling - Start Date   28th Nov 2021 (Sun)    Registration, Payment of Processing Fee, Choice Filling - End Date   30th Nov 2021 (Tue)    Display of Seat Allotment - Round 1   2nd Dec 2021 (Thu)        CSAB Special Round 2021 Eligibility All candidates who were eligible for JoSAA as per JEE Main 2021 Ranks will be eligible to participate in the CSAB special round as per the following eligibility norms:    Candidates who have not registered in JoSAA till now but are eligible based on JEE Main 2021 ranks, will be eligible for participating in the CSAB special rounds for NITs/IIITs/ other GFTIs (except IITs) as per JoSAA 2021 / CSAB 2021 rules. Those who participated in JoSAA and were allotted seats will also be eligible for participating in the Special Rounds for NITs/IIITs/ other GFTIs (except IITs). Those who participated in JoSAA but did not get any seat will also be eligible for participating in the Special Rounds for NITs/IIITs/ other GFTIs (except IITs). Candidates who participated in JoSAA and got a seat in an IIT will also be eligible for participating in the Special Rounds for NITs/IIITs/ other GFTIs (except IITs)  If a candidate fails to register for the special rounds from November 28 to 30, 2021, he/she will not be entertained for seat allotment. Candidates, who have opted“ Not to participate in the special round” at the time of reporting at the allotted institute, cannot register in CSAB special round.   THESE ARE THE PROCEDURE FOR CSAB 2021  FIRST- CSAB 2021 Registration  Once students have registered, they can fill in the details and upload the documents required. The documents as are necessary for CSAB slot allotment are as follows:  Academic records (10th and 12th marks sheet) Category Certificate PwD Certificate (If applicable)  The candidates would have to select their choice of courses and colleges for admission based on their preference. Once the candidate chooses their preferred course and college, they would not be allowed to make any more changes so they should select their option carefully. The CSAB registration fee is Rs. 21000, which has to be paid online via the SBI portal, this includes a processing fee of Rs.2000. CSAB fee refund: If the candidate wants a refund, they will get the amount back with a slight deduction of Rs 2000 or more.     SECOND- CSAB 2021 Registration Fee  The registration fee to participate in the CSAB 2021 special round counselling is as follows –     Candidate Type   Fee for General/ EWS/ OBC-NCL   Fee for SC/ ST/ PwD     Candidate who: -   Didn’t Register on JoSAA portal  (OR)   Registered in JoSAA portal but didn’t get a seat (OR)  Allotted a seat by JoSAA but didn’t pay Seat acceptance Fee (OR). Who have opted Exit Option(OR)  Earlier Seat Allotted in IIT    Rs. 37,000   Rs. 17,000    Candidate who have secured admission in allotted Institute after JoSAA Rounds in NIT+ System and paid the Partial Admission Fee of Rs 40,000/- or 20,000/- (their Seat Acceptance Fee already paid will be adjusted against the Participation Fee for CSAB special rounds)  Rs. 2000   Rs. 2000    Candidate who has Withdrawn/seat Cancelled (Last Allotted Seat Which Was Withdrawn/Cancelled Must Be from NIT+System Only)*after Document verification in JoSAA Rounds without change in the category and already paid Rs. 35,000/- or Rs. 15,000/-(their seat acceptance fee already paid will be adjusted against the Participation Fee for CSAB special rounds)  Rs. 2000   Rs. 2000    The candidate got a seat allotted in NIT+System in JoSAA rounds and paid the seat acceptance fee and Seat got Cancelled due to nonpayment of partial admission fee.  Rs. 2000   Rs. 2000          THIRD- Online choice filling and locking  Candidates who have successfully registered for CSAB special round and paid the application fee, can fill their choices for various vacant seats in NITs/IIITs/GFTIs, if they are eligible as per their category. Fresh choices must be provided for the CSAB special round and the choices filled at the time of JoSAA counselling will not be considered.  FOURTH- CSAB special round seat allotment  Seat allocation will be done, on the basis of candidates' JEE Main score, for the seat left vacant after seven rounds of JoSAA counselling. All the admitted candidates after the last round (JoSAA seventh round) of JoSAA who did not participate in special rounds, will also be considered for category up-gradation against the same allotted choice.  FIFTH- Freeze/Float/Slide seats  Options accepted for CSAB Special round: There are options provided to the candidates regarding the choice of program concerning the slot allocation. They are as follows:  Freeze-Candidates accept the seat which is offered and does not wish to move to the second round. Since their decision is final, the candidates will NOT be considered in Special Round-II. Slide-Candidates accept the seat which is offered, but if they find a program with better choices within the same Institute, they will accept that particular choice. If they are not selected, they will choose the first option given to them. Such candidates will be considered in CSAB special round 2. Float-Candidates accept the seat which is offered, but if they find a program with better choices in any Institute, they will accept that particular choice. If they are not selected, they will choose the first option given to them. Such candidates will be considered in CSAB special round 2. Surrender and participate in the next round-Candidates reject the seat which is offered, and they wish to participate in the second round for better choices. Candidates accept the seat which is offered, but if they find a program with better opportunities in any Institute, they will accept that particular choice. The candidate will have no claim over the seat allotted to them in the first round, and they have the chance of moving to the 2nd round. Surrender and not participating in next round-Candidates reject the seat which is offered and withdraw themselves from the counselling process. They can not move to round 2 of counselling, and they do not have to select the first slot as well.   SIXTH- Payment of seat acceptance  After Seat allotment, candidates need to make a choice whether they wanted to accept the seat or not. However, candidates need to pay the fees if they select Freeze/ Slide/ Float. For paying the CSAB Seat Acceptance Fee, candidates must pay using SBI MOPS. Check the Application fee from the table below and pay it accordingly.     Type of Candidates   Fee for GEN/ GEN-EWS/ OBC-NCL   Fee for SC/ ST/ PWD     A Candidate who: -   has been allotted a seat first time in Special Round and wants to accept the seat*.  (OR)   was allotted a seat in JoSAA2021 rounds but did not pay Partial Admission Fee    Rs 38,000/-   Rs 18,000/-    A Candidate who has SECURED ADMISSION (Paid PARTIAL ADMISSION FEE) at Allotted Institute through JoSAA rounds (NITs/ IIEST Shibpur/ IIITs/GFTIs) and has been allotted a new seat in Special Round-I, and wants to accept the seat. Nil (As such candidates have already deposited PARTIAL ADMISSION FEE). Nil (As such candidates have already deposited PARTIAL ADMISSION FEE).         SEVENTH- Reporting for seat confirmation     Status of their verification will be reflected in the candidate’s login section. Physical reporting is not required for seat confirmation in round 1. However, after the seat allotment result for round 2 is announced, shortlisted candidates will have to report at the allotted institute  Recommended: Margdarshan porvides free mock test series designed by experts for JEE Mains 2022 <iframe allow=""accelerometer; autoplay; clipboard-write; encrypted-media; gyroscope; picture-in-picture"" allowfullscreen="""" frameborder=""0"" height=""315"" src=""https://www.youtube.com/embed/R1v4DXizgww"" title=""YouTube video player"" width=""560""></iframe>     ",23,"csab, used, to",JEE,8
"NEET 2021- Preparation Tips, Syllabus, NEET Planning, Exam Pattern, Marks Distribution","Before you start your NEET Preparation journey, you should realize that around 13 Lakh students appear for NEET every year. Getting 600 mark in NEET will assure you the college of your dreams with brightest and most hardworking minds of the country and top rankers but getting this high score is definitely not impossible but requires the combination of hard and smart work with sheer dedication and discipline. You need to have that grit within you to crack the code to the entrance. So just pull up your socks for NEET Preparation and give your heart and soul for your dream to come true. NOW Let’s discuss about NEET Preparation 2021:  1: Understand the value 650/720 & set goals:  To score at least 650 out of 720 in NEET, you can set your target subject wise given as below.  Physics - 150 out of 180 Chemistry - 160 out of 180 Biology (Zoology + Botany) - 340 out of 360     2: Make an Effective Study Plan + Routine:  Most students make a timetable for NEET Preparation which they find difficult to follow. Depending on your ability to invest hours daily, make a proper study plan focusing on completing the NEET syllabus well in time of all the three subjects: Physics, Chemistry, Biology. Start with most marks fetching chapters and give more time to understand tough ones. Also keep revising completed topics.  3: Know Strategy to Study effectively:  Following a study plan, completing a syllabus on time and investing hours as per daily routine won’t help if you will not be studying effectively.  4: Know the exam pattern and marks distribution:  Before you start with your preparations, it is very important to understand the pattern and mark distribution system of the exam. NEET is primarily based on the concepts of Physics, Chemistry and Biology (Botany and Zoology). Following tables provide detailed information about exam pattern and mark distribution scheme for NEET 2021.       NEET 2021 exam pattern     Exam Mode   Offline (Pen and paper mode)     Exam Duration   3 hours (10:00 am – 01:00pm)     Exam Language   English, Hindi, Assamese, Bengali, Gujarati, Kannada, Oriya, Urdu, Marathi, Tamil, and Telugu     Subjects   Physics, Chemistry, Botany, and Zoology     Type of questions   Multiple Choice Questions (MCQ)     Number of Questions   180     Marking scheme   +4 for right answer; -1 for a wrong answer         NEET 2021 marks distribution     Subject   Number of questions   Marks     Physics   45   180     Chemistry   45   180     Biology   Botany – 45 Zoology – 45   360     Total   180   720                    If you are aiming for a score of minimum 600 means that means you need to answer at least 150 questions (out of 180) correctly without marking any incorrect answer. Thus, start your preparations with an aim to answer a minimum of 150 questions correctly. However, to be on the safer side, you should aim to answer 160-170 questions correctly if in case you get unlucky with negative marking.  5- Solve previous year question papers:  Solving previous year’s question paper and analysing their patterns is essential when you aim to score 600+ in the NEET examination. It will not only provide you with insights and ideas of what might come in the NEET 2021 question paper but will also help you in improving your time management skills. After you are able to successfully solve these question papers, you can easily frame your strategy for the main exam as you’ll have a comprehensive idea about how much time you need to allocate to each section beforehand.  6- Focus More on Weak Areas   There are many candidates who are weak on different topics. But those who work harder and overcome their weakness, get success for sure. Therefore, during your NEET Exam preparation, you must work on your basic concepts and dedicate more time to your weak sections.  7- Practice as much as possible  You must be knowing - practice is the key to success! Practice gives you the ability to attain perfection in any area of life and so is true with cracking NEET also. With practice, the knowledge level increases, the test-taking ability improves and on top of that your confidence also improves. I want you to be walking into the examination hall with the greatest confidence. Practice can only help you definitely but it’s equally important that you know how to practice the right way so that you can crack NEET with a top rank.  8-Stay Relaxed & Motivated  There will be times when you may get distracted from your goal. You stop following study plan or lose interest. There will be days when you will get stressed and feel low. All you have to do is Keep Going. NEET preparation requires hard work, consistent efforts and dedication. It is not going to be easy at all but it’s wise to dedicate your 2 years completely rather than wasting another 2 years in giving more NEET attempts. It takes time to reach your peak, Understand this. Stay motivated towards your goal and believe in yourself. Whenever you feel low, picture yourself as a NEET Topper 2021 securing AIR 1. Important Instruction for NEET Preparation 2021: - Attempt Previous Year Papers and study topics, based on the questions asked in the papers. Take help from your mentors and teachers. They will help you in a better way regarding the weak areas. Also, don’t read any new topics before 2-3 months of the exam. Just revise all the older ones. CHANGES IN NEET 2021: Till now, there has been no update on any changes to the exam pattern for NEET 2021, however, it is said that the syllabus is most likely to be reduced. This is in view of the time students have lost in the wake of COVID-19. Everything else, such as the mode of exam, pattern, marking scheme, duration apparently remains the same. Changes, if any, shall be updated as and when available.  To study effectively, here are some subject-wise NEET Preparation tips you should keep in mind: Biology Study NCERT complete (2-3 times). Don’t forget to read every line of this book. Any line can be picked up as a question or an option. Each diagram and table is very important. Practice MCQs from NCERT and your coaching material. Make notes from the start and revise regularly from them.  Physics Be perfect with the concepts. Have a good theoretical knowledge of everything (‘most’ to be realistic) which is in your syllabus. Whenever you see a question, you should have a fair idea about what topic the question revolves around and what are the probable concepts which you can use to solve that question. ""PRACTICE questions regularly (Setting the time limit as an alarm). This will increase your speed of solving, analysing power and make you fond of concepts and at some time the formulas as well if you already know the theory regarding that."" - Abhishek Garg (AIR 8 in JIPMER 2018, AIR 760 NEET, AIR 212 in AIIMS 2018) Along with a good book for physics like HC Verma, it’s recommended to follow a coaching material as it is specifically designed for entrance exam preparation. You should also solve NCERT examples and questions in Physics. Chemistry The best way to study Chemistry for NEET is to understand, memorise and practice. It’s recommended to study from NCERT textbook for Chemistry. Solve problems from NCERT and your coaching modules. Practicing and attempting new questions is very important in Chemistry. If you don’t practice questions regularly, you would not be able to memorise the formulas and the concepts used. In Organic Chemistry, you need to study all reaction mechanisms and remember all named reactions. Make notes while you study each chapter. Revise as many times as possible. Solve questions frequently. For Physical Chemistry, Read from NCERT and have your concepts clarified at your coaching institute. After you are done with the chapter, write down all equations from the chapter in a notebook for speedy reference while solving problems. Complete NCERT thoroughly and you’ll get your basic footing in Inorganic Chemistry. Write reactions to learn them completely. Make precise notes for each chapter. NEET 2021 syllabus for Physics     Class 11th Syllabus   Class 12th Syllabus     Physical world and measurement   Electro statistics     Kinematics   Current Electricity     Laws of Motion   Magnetic effects of Current and Magnetism     Work, Energy, and Power   Electromagnetic induction and alternating currents     Motion of systems of particles and rigid body   Electromagnetic waves     Gravitation   Optics     Properties of Bulk Matter   Dual Nature of Matter and Radiation     Thermodynamics   Atoms and Nuclei     Behavior of Perfect Gas and Kinetic theory   Electronic Devices     Oscillations and wave                                 NEET 2021 syllabus for Chemistry     Class 11th Syllabus   Class 12th Syllabus     Some basic concepts of Chemistry   Solid state     Structure of atom   Solutions     Classification of Elements and Periodicity in Properties   Electrochemistry     Chemical Bonding and Molecular structure   Chemical Kinetics     States of Matter: Gases and liquids   Surface Chemistry     Thermodynamics   General principles and Processes of Isolation of Elements     Equilibrium   P Block elements     Redox reactions   D and F block elements     Hydrogen   Coordination compounds     s-Block elements (Alkali and Alkaline earth metals)   Haloalkanes and Haloarenes     Some p-Block elements   Alcohols, Phenols and Ethers     Organic Chemistry – Some basic principles and techniques   Aldehydes, Ketones and Carboxylic Acids     Hydrocarbons   Organic compounds containing Nitrogen     Environmental chemistry   Biomolecules, Polymers and Chemistry in everyday life         NEET 2021 syllabus for Biology     Class 11th Syllabus   Class 12th Syllabus     Diversity in the Living World   Reproduction     Structural Organisation – Plants and Animals   Genetics and Evolution     Cell Structure and Function   Biology and Human welfare     Plant Physiology   Biotechnology and its applications     Human physiology   Ecology and environment                     Important books for the preparation of NEET 2021     Physics   Chemistry   Biology      Concepts of Physics by H. C. Verma Objective Physics by DC Pandey Fundamentals of Physics by Halliday, Resnick, and Walker Fundamental Physics by Pradeep Problems in General Physics by IE Irodov Physical Chemistry by OP Tandon     ABC of Chemistry for Classes 11 and 12 by Modern Concise Inorganic Chemistry by JD Lee Dinesh Chemistry Guide Practise books by VK Jaiswal (Inorganic), MS Chauhan (Organic) and N Awasthi (Physical)     Biology Vol 1 and Vol 2 by Trueman Objective Biology by Dinesh Objective Botany by Ansari Pradeep Guide on Biology GRB Bathla publications for Biology          How Can MARGDARSHAN Be Helpful?  According to the latest schedule we upload new Free test series for NEET along with its detailed solutions. Margdarshan NEET Test Series is one of the best online test series for NEET as it will be based on essential NCERT concepts, which will help you to succeed on the main exam day. The questions are formed by curative experts which is available free of cost and is accessible to anyone who is willing to do it. All you have to do is to check our website, Margdarshan NEET Test series and login your details.  Some Useful Practices to be followed: Along with the above tips to crack NEET 2021, there are few terms on which you must focus. Read the below points carefully and follow them.  Achieve the targets at any cost and try to achieve more. Make sure that you are clear with your basics. NCERT should be the focus of all the students along with the other NEET Preparation Books. Maintain a report card of all your mock tests and revise all topics regularly. Take as many as time bounding mock tests to see your accuracy and time management. Avoid any new topics in the last 2-3 months. Make a habit to prepare for the exam without any tension.  The above tips on how to prepare for NEET Exam will help you to make a solid strategic plan and give you the basic do’s and don’ts while your preparation.  We here at Margdarshan, provide the Free mock test series 2021 and  best guidance on how to crack NEET 2021. You can also read the related queries for the National Eligibility cum Entrance Test and JEE MAINS Exams here. We also try to give all the latest news regarding NEET test series 2021 and other related information to make you all updated. ",24,"before, you, start",JEE,9
CSAB 2020: 10 Things to be remembered in CSAB counseling,"CSAB stand for “Central Seat Allocation Board”. For those students whose rank is not good enough and still wants admission in premier institutions should definitely participate in CSAB special round counselling. CSAB was Central Counselling Board (CCB) before 2013. Over the decision of a joint counselling procedure, JoSAA was set up. The role of CSAB is limited to counselling of specific institutes only.”. It is an agency constituted by the Ministry of HRD. CSAB entrusted with the responsibility of admission for the various undergraduate courses offered by the National Institutes of Technology (NITs), Indian Institutes of Information Technology (IIITs or Triple-I-Ts) and a few other technical Institutes funded fully or partially by Central or a State government (Other-GFTIs). These Institutes are collectively referred to as NIT+ Institutes. Overview of CSAB 2020     Particulars   Overview     Name of Admission   Central Seat Allocation Board     Commonly Known As   CSAB     Conducting Body   Central Seat Allocation Board     Channels of CSAB   CSAB NUET CSAB SFTI CSAB UT     Category of Admission   Undergraduate     Admission Level   National Level     Channel of Admission   JEE Main     Number of Participating Institutes   19                              CSAB 2020 Special Rounds Dates The important dates pertaining to the CSAB 2020 special counselling rounds can be checked below –     Event   Time(IST)   Date     Display of vacant seats after JoSAA Round 6 counselling   17:00 hrs   November 16, 2020     Online registration, payment of participation/ processing fee and choice filling dates   10:00 hrs /23:59hrs   November 17 to 19, 2020     Special Round 1 Seat Allotment   17:00hrs   November 20, 2020     Seat Acceptance, Document Upload & Reporting   17:00hrs/12:00hrs   November 20 to 23, 2020     Last date to respond to query for Special Round 1   Till 14:00hrs   November 24, 2020     Special Round 2 Seat Allotment   10:00hrs   November 24, 2020     Reporting (Round 2)   Till 17:00hrs   November 25 to 30, 2020         Things to remember in CSAB:  CSAB Authority  It has the authority to provide admissions for students in various engineering programmes of different institutes such as IIITs, NITs, and GFTIs. The admissions are mainly done on the basis of the JEE Main scores obtained by the candidates. You can prefer colleges on the basis of education quality, research and professional practices, graduation outcomes, outreach and inclusivity. This is where NIRF Rankings can be considered.  Also read  CSAB 2020 Dates(out), Registration procedure, Documents, Seat allotment procedure- Click Here  CSAB NEUT Counselling 2020, Dates, Eligibility, Process and Seat Allotment- Click Here  JEE Main 2021 Exam Date, Application Form, Eligibility, Syllabus, Pattern, Book Suggestion- Click Here    Eligibility for Participation in CSAB Special Round for NITs, IIITs and GFTIs 2020   Student must have qualified JEE Main with valid rank. Student who are not allotted any seat in JoSAA or who do not participate in JoSAA counselling can participate in CSAB special round for NITs, IIITs and GFTIs 2020.   Difference between Josaa and CSAB  JoSAA is different from CSAB in terms of its admission counselling sessions. When JoSAA completes its admission process for seat filling in IITs, NITs and other colleges, it is time for CSAB. Then, CSAB conducts some special rounds of interviews to fill the vacant seats in those institutes.  CSAB 2020 Participation Process  Only the candidates registered will be considered for the CSAB 2020 seat allotment process. Candidates must remember that along with completing the CSAB 2020 registration and filling up the application form, they must also submit the requisite Participation/Processing Fee and participate in the choice filling process.  Various seat quotas of institutes that are considered under JoSAA 2020   It has the following seat quotas:  All India Quota: Candidates across the country will be eligible for this seat quota Home State Quota: Candidates who will have their state code of eligibility same as the state/ union territory in which the Institute is located will be eligible for this seat quota Other State Quota: Candidates whose state of eligibility is NOT same as the state/ union territory in which the Institute is located will be considered under this seat quota.   Reservation quotas in CSAB-  There are 5% of seats reserved for female candidates under all the participating educational institutes. In many NITs, 50% of seats are reserved under Home State and the rest of them under Other State quotas  CSAB NEUT Counselling  Apart from CSAB 2020 Counselling, another process called CSAB NEUT Counselling is conducted for candidates of North East and Union Territories who are allotted certain reserved seats.  Subjects for calculation of 75% aggregate mark  Following five subjects will be used for calculation of 75% aggregate marks (65% marks for SC, ST, and PwD).  Mathematics, Physics, One subject out of Chemistry/Biology/Biotech/Technical Vocational Subject One language, One other subject   Multiple Candidates with the same rank  If there are multiple candidates with the same rank seeking admission to the same academic program? All the candidates will be given equal preference, in such a case. If required, supernumerary seats will be created.  Scenario if you didn’t lock before last day  If you haven't locked the choices before the last date, your last choices will be locked automatically and get submitted on final date, after the time for choice locking is completed. Therefore, you should carefully complete the choice filling and locking within the specified dates.  Dual reporting  It is a situation when a candidate has secured two seats. Suppose an aspirant has accepted an NIT Seat in the round 1 of the counselling process and has accepted a seat in another institute as well. He/ She must report to the institute that is considered an up-gradation. Failing to do so will result in the candidate losing all the seats.  Possibility of having a candidate’s name in one or more rank lists   It is very much possible to appear in more than one rank list. It depends on your category and physical disability status. It exists along with your performance in the entrance exam, there are chances that you may appear in more than one rank list and a maximum of four rank lists in each of JEE Main and JEE Advanced exams.  To get back the refund from CSAB SFTI:  If the seat allotment process is completed finally, then the aspirants would not get back the amount. However, if no seat is allotted in a special round, then the applicants would get back the participation fee after deducting 1000 INR  Recommended: Margdarshan porvides free mock test series designed by experts for JEE Mains 2021     ",25,"csab, stand, for",JEE,5
Margdarshan Online Test Series for JEE Main and Advanced 2021,"Are you being the next aspirant of JEE Main 2021 online? For that, beready that you practice for the same much in advance and know the facts that JEE Advance 2021 Online does have many factors to look into.Margdarshan JEE Test series can boost your preparation. Read the blog to know how it is beneficial for you: Margdarshan Main Test Series : Margdarshan’s aim is to help candidates out and make the entire preparation easier for them with free Online tests to prepare for. This will make matters simpler and give students the real picture of how the exam will look like and how they need to perform. The JEE test series 2021is entirely free. It has series of questions covering subjects like Physics, Chemistry and Mathematics. The program is easy to get an access from, all a candidate needs to do is log on to the website and take the test as per the schedule. Online Test Schedule for JEE Preparation is specified on the website and is available forever.    Why Margdarshan JEE Test Series? LearningMargdarshan’s JEE Mock Test Seriescovers the entire syllabus of JEE Main 2021. These Mock tests are designed subject wise as well.  They are updated as per the latest syllabus and guidelines provided by NTA (National Testing Agency).  We offer subject wise mock tests for JEE and they are completely based on the latest exam syllabus and exam pattern. The mock test provided by Margdarshancovers theimportant units for JEE Main 2021. JEE mains mock test 2021papers are prepared by experts who have years of experience in teaching and preparation of questions and tests to the students. Also Read:-    CSAB 2020: 10 Things to be remembered in CSAB counseling. Click Here   CSAB 2020 Dates(out), Registration procedure, Documents, Seat allotment procedure. Click Here      Researched Content- The content of  Margdarshan Test series is based on latest examination pattern which covers the entire syllabus.     Develops Temperament-Margdarshan JEE Test Series will develop real time temperament of students before actual competition.     Covering All levels- Problems are of all levels which will increase the solving ability of a student.     Preparatory Tools-Margdarshan JEE Test Series provide Subject wise question bank based on latest pattern, in addition to previous year questions.     Detailed Analysis-Margdarshan test series provide systematic assessment of student’s performance which will help them in identifying their strength and weakness.     Compete Nationally- Material and Tests provided by pool of experts which prepares the student to compete with best brains at national platform.     Students learn time management-   JEE Main 2021 free mock test series by Margdarshan provides the real-life exam pattern and a dynamically changing pattern for the JEE Advance. This helps students get a first-hand taste of what it will be like appearing for the real exam. Helping students manage time is a major benefit of online mock tests for the JEE, and with time constraints in the mock test series similar to those in the real exam, students learn to manage their time across subjects and work on their accuracy.   Convenience -Another benefit of Margdarshan online mock tests for JEE is that you can solve them from wherever you want! You no longer need to be physically present at the exam centre, all you need is a functioning computer system, laptop, tablet or mobile phone and voila.Italso ends up saving a lot of time and money for you.      What are you waiting for? Margdarshan online test series for JEE Main and Advanced 2020 offers you everything that you look for in an online mock test for JEE preparation. With real-time analysis and performance measures, a comprehensive question bank, and the added convenience of everything being online, the online test series for JEE Main and Advanced 2021 by Margdarshan is everything you ever wanted. Margdarshan Online Test Series for JEE Main and Advanced 2021   Are you being the next aspirant of JEE Main 2021 online? For that, beready that you practice for the same much in advance and know the facts that JEE Advance 2021 Online does have many factors to look into.Margdarshan JEE Test series can boost your preparation. Read the blog to know how it is beneficial for you:   Margdarshan Main Test Series : Margdarshan’s aim is to help candidates out and make the entire preparation easier for them with free Online tests to prepare for. This will make matters simpler and give students the real picture of how the exam will look like and how they need to perform. The JEE test series 2021is entirely free. It has series of questions covering subjects like Physics, Chemistry and Mathematics. The program is easy to get an access from, all a candidate needs to do is log on to the website and take the test as per the schedule. Online Test Schedule for JEE Preparation is specified on the website and is available forever.    Why Margdarshan JEE Test Series? LearningMargdarshan’s JEE Mock Test Seriescovers the entire syllabus of JEE Main 2021. These Mock tests are designed subject wise as well.  They are updated as per the latest syllabus and guidelines provided by NTA (National Testing Agency).  We offer subject wise mock tests for JEE and they are completely based on the latest exam syllabus and exam pattern. The mock test provided by Margdarshancovers theimportant units for JEE Main 2021. JEE mains mock test 2021papers are prepared by experts who have years of experience in teaching and preparation of questions and tests to the students.      Researched Content- The content of  Margdarshan Test series is based on latest examination pattern which covers the entire syllabus.     Develops Temperament-Margdarshan JEE Test Series will develop real time temperament of students before actual competition.     Covering All levels- Problems are of all levels which will increase the solving ability of a student.     Preparatory Tools-Margdarshan JEE Test Series provide Subject wise question bank based on latest pattern, in addition to previous year questions.     Detailed Analysis-Margdarshan test series provide systematic assessment of student’s performance which will help them in identifying their strength and weakness.     Compete Nationally- Material and Tests provided by pool of experts which prepares the student to compete with best brains at national platform.     Students learn time management-   JEE Main 2021 free mock test series by Margdarshan provides the real-life exam pattern and a dynamically changing pattern for the JEE Advance. This helps students get a first-hand taste of what it will be like appearing for the real exam. Helping students manage time is a major benefit of online mock tests for the JEE, and with time constraints in the mock test series similar to those in the real exam, students learn to manage their time across subjects and work on their accuracy.   Convenience -Another benefit of Margdarshan online mock tests for JEE is that you can solve them from wherever you want! You no longer need to be physically present at the exam centre, all you need is a functioning computer system, laptop, tablet or mobile phone and voila.Italso ends up saving a lot of time and money for you.      What are you waiting for? Margdarshan online test series for JEE Main and Advanced 2020 offers you everything that you look for in an online mock test for JEE preparation. With real-time analysis and performance measures, a comprehensive question bank, and the added convenience of everything being online, the online test series for JEE Main and Advanced 2021 by Margdarshan is everything you ever wanted.   ",26,"are, you, being",JEE,6
"JEE Main Paper 2 2021: Exam Date, Application, Eligibility, Syllabus, Pattern","JEE Main consists of two papers. Paper 1 is for admission to B.E/B.Tech courses, while Paper 2 is for admission to B.Arch courses. JEE Main consists of two papers. Paper 1 is for admission to B.E/B.Tech courses, while Paper 2 is for admission to B.Arch courses. It is conducted by NTA twice every year - January and April. The JEE main 2021 application form will be released on the official website of JEE Main. To apply for JEE Main 2021, candidates must fulfil the eligibility criteria as prescribed by the authority. The notification for JEE Main 2021 January exam is expected to release in December. A total of 8,58,273 candidates applied for JEE Main 2020 January/September exam. Out of which, 6.35 lakh candidates appeared in the exam. JEE Main Exam Pattern for BArch and BPlanning:    PAPER SUBJECTS TYPE OF QUESTIONS MODE OF EXAMINATION    BArch    Paper 2 Mathematics “ Part I Objective Type - Multiple Choice Questions (MCQs) & Questions for which answer is a numerical value Computer Based Test (CBT) mode only     Aptitude Test “ Part II Objective Type - Multiple Choice Questions (MCQs)       Drawing Test “ Part III Questions to test drawing aptitude Pen and Paper Based (offline) mode to be attempted on Drawing sheet    BPlanning    Paper 2 Mathematics “ Part I Objective Type - Multiple Choice Questions (MCQs) & Questions for which answer is a numerical value Computer Based Test (CBT) mode only      Aptitude Test “ Part II  Objective Type - Multiple Choice Questions (MCQs)           Planning Based Questions - Part III Objective Type - Multiple Choice Questions (MCQs)        JEE Main Exam Pattern 2021 (B. Arch Pattern) A separate paper for B. Planning was introduced by NTA, as per the new pattern of examination there will be 3 papers for different courses. The structure of the examination is tabulated below:     Mode of Examination   Mathematics and Aptitude- CBT Drawing-Pen & Paper Mode     Subjects Covered   Mathematics, Aptitude and Drawing Test     Number of Questions   77 (25 Maths, 50 Aptitude, 02 Drawing)     Language of paper   English and Hindi     Type of Question   MCQs (for Maths and Aptitude) Subjective for Drawing     Time Allotted   3 hours     Let us also take a quick look at the marking scheme of the JEE Main 2021 B.Planning and B.Arch exam: MCQ Questions  Each question will carry 4 marks For each correct response, the candidates will be awarded 4 marks For every wrong attempt or answer, the candidates will be penalized with 1 mark Questions left unanswered will not attract any negative marking  Numerical Questions  Each question will carry 4 marks There will be no negative marking for the numerical value questions asked in the JEE Main 2021 B.Planning paper       Also Read:-    CSAB 2020: 10 Things to be remembered in CSAB counseling. Click Here   CSAB 2020 Dates(out), Registration procedure, Documents, Seat allotment procedure. Click Here        JEE Main 2021 Syllabus for B.Arch and B.Plan Candidates who are appearing for JEE Main paper 2 can refer to the syllabus given below. Mathematics:  Sets, Relations, Functions. Complex number and Quadratic equations. Matrices & Determinants. Permutation & Combination. Mathematical Induction. Binomial Theorem and its simple application. Sequencers & Series. Limit, Continuity & Differentiability. Integral Calculus. Differential Equations. Coordinate Geometry. Three-Dimensional Geometry. Vector Algebra. Statistics & Probability. Trigonometry. Mathematical Reasoning.  Aptitude Test Syllabus: Part 2 – Three dimensional: perception: Understanding and appreciation of scale and proportion of objects, building forms, and elements, color texture, harmony, and contrast.  Design and drawing of geometrical or abstract shapes and patterns in pencil. Transformation of forms both 2D and 3D union, subtraction, rotation, development of surfaces and volumes, Generation of Plan, elevations and 3 D views of objects.  Drawing Test Syllabus: –  Sketching of scenes and activities from memory of urbanscape (public space, market, festivals, street scenes, monuments, recreational spaces, ect.), landscape (river fronts, jungles, trees, plants, etc.) and rural life. Creating two dimensional and three-dimensional compositions using given shapes and forms  Best Books for JEE Main Paper 2 Students are provided here some of the best recommended books for various topics covered in JEE Main Paper 2. The books are recommended by subject experts.     Subjects   Recommended Books     Mathematics    NCERT Class 11 and 12 textbooks Complete Mathematics for JEE Main by TMH Plane Geometry and Elements of Coordinate Geometry by SL Loney Differential and Integral Calculus by Amit M Aggarwal Algebra by Dr. SK Goyal      General Aptitude    Reasoning and Aptitude by R.S. Aggarwal A Complete Self Guide for B.Arch by P.K.Mishra NATA and B.Arch Complete Self Study material by Ar. Shadan Ushmani      Drawing    Book of Drawing Test by Nimish Madan            Check out the mark’s distribution given in the table below.: JEE Main 2021 B.Arch paper pattern:     Sections   Number of Questions   Marks     Mathematics ? Part I   25 (20 MCQ + 5 NVT)   100     Aptitude Test ? Part 2   50 (MCQ)   200     Drawing Test ? Part 3   2   100         JEE Main 2021 B.Plan paper pattern:     Sections   Number of Questions   Marks     Mathematics ? Part I   25 (20 MCQ + 5 NVT)   100     Aptitude Test ? Part 2   50 (MCQ)   200     Planning Based Question   25   100         JEE Main 2021 Eligibility Criteria for BArch JEE Main eligibility criteria require candidates to fulfil multiple aspects to become eligible to appear for this national level engineering entrance exam. The eligibility criteria for JEE Main 2021 candidates is as follows: The eligibility criteria decided by the Council of Architecture for admission to B.Arch. course other than NITs, IIITs, CFTIs: “No candidate shall be admitted to architecture course unless she/he has passed an examination at the end of the qualifying examination with 50% marks in Physics, Chemistry and Mathematics and also 50% marks in aggregate of the qualifying examination”. Number of attempts allowed in JEE Main - A candidate is allowed to attempt the exam for three consecutive years. From 2021, JEE Main exam will be held twice a year – first in January and the second time in April. Thus, the number of attempts will be six in total – twice each year for 3 years. In case an aspirant wants to take more attempts then he or she has to appear for JEE Main consecutively (back to back) in three years. Which means one cannot take a gap year in the attempt. Requirements of Aadhaar card and other documents  Aadhaar card number (not mandatory) Class 10 certificate Class 12 marksheet  Qualifying marks  Aspirants require is 75 per cent (aggregate) OR They should be in the top 20 percentile in the Class 12 exam conducted by respective Boards. For reserved candidates, the minimum qualifying marks is 65 per cent.  JEE Main 2021 – January Session Dates     JEE Main 2021 Events   JEE Main 2021 Dates     JEE Main 2021 application forms (January 2021 Session)   To be notified soon     Last date to submit application form   To be notified soon     Payment of application fee, uploading of signature and photograph   To be notified soon     Application correction window   To be notified soon     Admit card availability   To be notified soon     JEE Main 2021 Paper 2   To be notified soon     Question paper & response sheet availability   To be notified soon     Provisional answer key    To be notified soon     Final answer key   To be notified soon     Declaration of Paper 2 result   To be notified soon           JEE Main Paper 2 Registration 2021 The application form of JEE Main 2021 will be released for BArch papers. Candidates could fill the application forms and submit the same till the last date. The application process involves registration, filling the application form, uploading the images, payment of fees, preview and submission of the applications. JEE Main Paper 2 Admit Card 2021 NTA will release JEE Main 2021 Paper 2 admit card in online mode. JEE Main admit card has been issued to all the candidates who have registered successfully for the exam. The admit card is an important document which must be carried to the examination hall. Candidates who do not carry their admit card will not be allowed to appear for the entrance examination. Along with the admit card, candidates must also carry an identity proof. JEE Main Exam Centres 2021 NTA will release JEE Main 2021 exam centres along with city codes. In 2020, exam centres have been decreased from 570 to 660 cities in India along with 9 cities abroad.  JEE Main 2021 Exam Instructions  You should sign twice on the attendance sheet at the appropriate place - firstly on the commencement of the examination and secondly at the time of handing over the answer sheet to the invigilator. You will also be required to put your left-hand thumb impression on the attendance sheet. Candidates should take their seat immediately after the opening of the examination hall. They can log-in and read instruction, before the commencement of the exam. Stationary for rough work shall be provided in the exam hall. Candidates have to write their name and roll number on the top of the rough sheet and this sheet must be returned to the invigilator before leaving the exam hall. Candidates appearing for Aptitude Test Paper-II must bring their own geometry box set, pencils, erasers and colour pencils or crayons. Candidates must be careful that they will not be allowed to use watercolour on the Drawing sheet. The test will be of 3 hours duration. Paper I will have 3 parts, carrying equal weightage - Physics, Chemistry and Mathematics and all questions would carry equal marks. Each question will be allotted four marks for the correct response. One-fourth marks, i.e. one mark shall be deducted for each incorrect response. However, there will be no deduction for unattempted questions and numerical value-based questions.  Note: No Candidate should adopt any unfair means or indulge in any unfair examination practices as the examination centres are under surveillance of CCTV and equipped with Jammers JEE Main 2021 Result  The result of JEE Main 2021 exam will most probably be announced in the last week of January and April (result will be displayed for the session a candidate has appeared). To check the JEE Main result, candidates will be required to login into the official web portal. Candidates can also download their score card by the same method. NTA will not allow any provision for the re-evaluation of the result once it is published on the website. The authority will then handover the result to the concerned counselling conducting bodies (CSAB/JoSAA) through which candidates can secure admission in a college.  ",27,"jee, main, consists",JEE,8
"NATA 2021: Latest News, Exam Date, Registration, Syllabus ","NATA stands for National Aptitude Test in Architecture. This is just a centralized aptitude test for admission to B.Arch course. The NATA exam is conducted for the candidates seeking admission in the 1st year of 5 year B.Arch Degree Programme offered at various Institutes across India. This test checks the candidate’s aptitude skills in the Architecture related fields, such as drawing and observation skills, sense of proportion, aesthetic sensitivity and critical thinking. If you are looking to build your career in the field of architecture, then you must opt for NATA as its score is accepted by most of the colleges.  Also Read  JEE Main Paper 2 2021: Exam Date, Application, Eligibility, Syllabus, Pattern- Click Here JEE Main 2021 Exam Date, Application Form, Eligibility, Syllabus, Pattern, Book Suggestion- Click Here Margdarshan Online Test Series for JEE Main and Advanced 2021- Click Here  NATA 2021 Highlights     Exam Name   National Aptitude Test in Architecture     Exam Frequency   Twice a year     Exam Mode   Online     Exam Duration   3 hours     Test Takers   32761     Accepting Colleges   356 colleges     Official Website   http://www.nata.in        The application form for NATA 2021 exam will be available in online mode only. The application submitted by offline using speed post, registered post etc. will be summarily rejected. The NATA exam consists of two parts i.e. Part – A and Part – B. Part A carries multiple choice type questions where Part B is the drawing test. In part B (drawing test), the candidates have to attempt two drawing questions on an A4 size sheet. Clearing NATA does not guarantee the admission to B.Arch course. Many colleges have their additional eligibility criteria with NATA in order to grant the admission. While filling the application form, the candidates have to provide the three choices of exam cities as per their preference.  NATA 2021 Important Dates       Important event   Date     Information Brochure   3rd week of Jan 2021     Start of registrations   4th week of Jan 2021     End of registrations   2nd week of Mar 2021     Admit card   1st week of Apr 2021     Exam date (Phase 1)   2nd week of Apr 2021     Results   To be announced         NATA 2021 Eligibility Criteria The candidate should check the eligibility criteria given below before applying for the NATA 2021 exam  The aspirant must have passed 10+2 exam with at least 50% aggregate marks in Physics, Chemistry and Mathematics subjects. Additionally, the candidates should also have aggregate 50% marks at the 10+2 level. The candidates having passed the 10+3 diploma exam with Mathematics as a subject and at least 50% marks in aggregate can also apply. Students going to appear for the qualifying exam in the year 2021 can also apply. The candidates please note that there is no lateral entry admission to B.Arch course is possible.  Note: Please note that NATA 2021 is going to be a qualifying exam for B.Arch admission. So, the reservation policy doesn’t apply to this exam. Regardless of the category, every candidate needs to fulfill the eligibility criteria given above in order to appear for this exam.  Margdarshan Free Test series for JEE Mains- Click Here  NATA 2021 APPLICATION FORM National Aptitude Test in Architecture (NATA) is an online mode exam, and its application is released on its official website. Admission authorities have confirmed that the NATA application form will release on the site on the 3rd Week of February. To fill the application form of NATA, a candidate has to first register themselves for the exam by filling the details like their names, valid Email id and mobile number.  After the registration process, a candidate can proceed to the next stage to enter the personal and academic details. In the very last step of the application process, documents are uploaded by the candidate to proceed to the payment gateway page of the application fees. Step-1: Register for NATA 2021 and fill the application form Step-2: Upload all the required documents and images Step-3: Pay the application fee Step-4: Confirm form submission   NATA 2021 Application Fee To appear in the examination candidates need to pay a certain amount depending on which category they belong to as Application Fee. Tabulated below is the application fee for the various categories of applicants:     Category   Fee     For One Session     General   Rs. 1800/-     ST/ SC   Rs. 1500/-     For Both Sessions     General   Rs. 3500/-     SC/ST   Rs. 2800/     PAYMENT OPTION: NATA candidate can make their payment by using online services like the debit card, credit card, or net banking. The students can also pay their application fee via Challan at ICICI bank if they are opting for offline services. NATA 2021 Form Correction The Council of Architecture (CoA) will allow the candidates to make rectify the mistakes made by them on the NATA 2021 application form, a few days after the conclusion of the online application process for NATA 2021. The candidates will only be given one opportunity to correct their mistakes on the 2021 application forms for NATA exam. Here are some important details regarding NATA 2021 application form correction. Candidates who apply for NATA will also get an opportunity to correct the information they have filled in while applying online. The steps for form corrections have been mentioned in the pointers below:  Candidates will have to create a new ticket on the HelpDesk with the title of “Error Correction:<>”. Candidates will then have to mention the nature of error and correction required. They will also have to attach the scanned copies of the original documents supporting the change one is seeking. It is also advisable for the candidates to contact the exam authority for assistance.    NATA 2021 Admit Card The examination authority will issue the NATA 2021 admit card online tentatively in the first week of April for the first session and fourth week of June for second session mode through the website. Applicants will only be able to download their respective admit cards on entering the Registered ID and Password. The admit card of NATA 2021 exam will be uploaded on the official website. After downloading the admit card, the candidates should confirm that the photograph and signature are printed on the admit card. Every candidate must carry the admit card along with valid Photo Id proof to the exam   How can Candidates Retrieve their NATA ID? It is to be noted that the candidates who have registered to appear for the NATA entrance can retrieve their Id (If lost) by following certain steps. We have provided the steps in the pointers below:  Candidates will have to visit the official website of NATA 2021. There will be an option called “ FInd NATA Candidate ID” on the homepage of the website. Candidates will have to click on the option. Clicking on the option will lead to the opening of dialogue box where the candidates will enter certain details such as roll number of 10th standard, year of passing the secondary level final examination, board name of secondary level etc. Candidates will then have to enter the verification code and then click on “Find Candidate ID”. The candidate id will then be displayed on the screen.  Note: Candidates who lose their password can also set a new one by clicking on the “Forgot Password” link.   NATA 2021 EXAM PATTERN NATA 2021 exam pattern  is mandatory for all the candidates to be known. The NATA 2021 Exam pattern will help them to make the strategic planning of the studies.  Parts: The NATA exam paper consists of Part A and Part B Sections. Part A: Part A consists of the General Parts, MCQs and the Mathematics Aptitude questions must be answered through the online mode. Part B: part B is on the Drawing section which made through the paper-based test (Offline). Total Marks: The Online Mode consists of the Total 120 Marks. The offline paper consists of the 80 Marks in each paper. Language of the examination: The paper will be in the English language only. Marking Scheme: Each question will be allotted +2 Marks for each right answer. Negative Marking: There is no negative marking scheme in the entrance test.  Here in the table below, we are mentioning the details of the total marks and the distribution of the marks.     Subjects   Distribution of Marks   Total marks     Part A     Mathematics   20*2   40     General Aptitude   40*2   80     Part B     Drawing   20*40   80     Total   200   200         Syllabus Mathematics: Algebra, Logarithms, Matrices, Trigonometry, Coordinate geometry, 3-Dimensional Co-ordinate geometry, Theory of Calculus, Application of Calculus, Permutation and combination, Statistics and Probability etc. General Aptitude: Objects, texture related to architecture and built environment, Visualizing different sides of 3D objects, analytical reasoning, general awareness of national/ international architects and famous architectural creations etc. Drawing Test: Understanding of scale and proportion of objects, Conceptualization and Visualization through structuring objects in memory, geometric composition, shape, building forms and elements, aesthetics, colour texture, harmony and contrast, Form transformations in 2D and 3D like union, subtraction, rotation, surfaces and volumes, Perspective drawing, Sketching of urbanscape and landscape, Common day-to-day life objects like furniture, equipment etc. from memory.   NATA 2021 Exam Centers NATA 2021 Exam centers are located in multiple cities across the country. The state-wise centers are as follows:    State City      Andaman and Nicobar Island   Port Blair     Andhra Pradesh   Chirala     Guntur     Kakinada     Kurnool     Nellore     Rajahmundry     Tirupathi     Vijayawada     Visakhapatnam     Vizianagaram     Assam   Dibrugarh     Guwahati     Jorhat     Silchar     Tezpur     Bihar   Arrah     Darbhanga     Muzaffarpur     Patna     Chandigarh   Chandigarh     Bhilai Nagar     Bilaspur     Delhi   New Delhi     Goa   Panaji     Gujarat   Ahmedabad     Anand     Gandhinagar     Mehsana     Rajkot     Surat     Vadodara     Haryana   Ambala     Gurugram     Hisar     Karnal     Gurgaon     Kurukshetra     Himachal Pradesh   Hamirpur     Jammu and Kashmir   Jammu     Samba     Jharkhand   Bokaro Steel City     Dhanbad     Hazaribagh     Jamshedpur     Ranchi     Karnataka   Bengaluru     Gulbarga     Hubli     Mangalore     Mysore     Shimoga     Udupi     Kannur     Kozhikode     Thrissur     Ernakulam     Trivandrum     Madhya Pradesh   Bhopal     Gwalior     Indoe     Jabalpur     Sagar     Satna     Ujjain     Maharashtra   Amravati     Aurangabad     Jalgaon     Kolhapur     Mumbai     Nagpur     Nanded     Nashik     Navi Mumbai     Pune     Meghalaya   Shillong     Mizoram   Aizawl     Nagaland   Kohima     Odisha   Balasore     Berhampur-Ganjam     Bhubaneswar     Cuttack     Dhenkanal     Rourkela     Koraput     Sambalpur     Puducherry   Puducherry     Punjab   Amritsar     Bhatinda     Jalandhar     Ludhiana     Mohali     Patiala     Rajasthan   Ajmer     Bikaner     Jaipur     Jodhpur     Kota     Sikar     Udaipur     Tamil Nadu   Chennai     Coimbatore     Madurai     Salem     Tiruchirapalli     Tirunelveli     Telangana   Hyderabad     Karimnagar     Warangal     Tripura   Agartala     Uttar Pradesh   Agra     Aligarh     Allahabad     Bareilly     Gaziabad     Gorakhpur     Greater Noida     Jhansi     Kanpur     Lucknow     Meerut     Moradabad     Muzaffarnagar     Varanasi     Noida     Uttrakhand   Dehradun     Haldwani     Roorkee     West Bengal   Asansol     Hooghly     Kolkata     Siliguri     Howrah    Outside India NATA 2021 will be conducted in Dubai      Recommended Books for NATA 2021 Preparation:  NATA & B.Arch Question Bank written by Ar. Shadan Usmani NATA & B.Arch complete self-study material: entrance examination written by Ar. Shadan Usmani A Complete Self Study Guide for B.Arch written by P. K. Mishra B.Arch Entrance Examination Guide was written by Surendra Kalimantan  Students can also prepare thoroughly from the material provided by coaching centres; some very useful ones include:  NATA Study Material and Online Test Series Buying the Nata Entrance Books online by Mosaic Institute of Design  Result :  Before the declaration of NATA result 2021, the authorities will release the response sheet of all the candidates. Please note the response sheets will be uploaded only for Part A. The sheets of Part B will not be uploaded. After the publication of the response sheets, the result of NATA 2021 exam will be made available on the official website. The qualify marks will be based on the rule given below:     At least 25% marks must have scored in MCQ part (Part A) – 30 out of 120 A minimum 25% marks in Drawing port (Part B) – 20 out of 80    Must have secured overall qualifying marks based on the post-exam statistics and the decision of CoA. ",28,"nata, stands, for",JEE,9
"JEE Mains 2021: Best Books for Chemistry, Important topics and Topic Weightage for JEE","As Chemistry is considered as one of the toughest sections in JEE Main exam, and the syllabus for the same is as huge. There are many chapters or topics that a candidate must cover in Chemistry in order to score a better rank/ score. Finding out the important topics or chapters for JEE Main Chemistry is not a complicated task, and you can identify the same by referring to the previous year question papers of JEE Main. In order to help the candidates with the most important topics or chapters in the Chemistry subject of JEE Main.   For Selecting Best Books for JEE Main 2021 Preparation  First choose JEE Main Books, which you are comfortable with and are easy to understand. Make sure to choose the latest editions and ensure that they have the latest exam pattern. Books that include solved problems and practice questions after each chapter can help you in boosting your preparation. You must also shortlist books from authors who are experts in the field of education. While selecting the books, remember to check the year of publication of the book. Always choose those books that contain sample papers of JEE Main along with the solutions.    Best Books for JEE Chemistry:       1   O.P. Tandon   Organic Chemistry     2   Paula BruiceYurkanis   Organic Chemistry     3   Organic Chemistry by MORRISON & BOYD   Organic Chemistry     4   ArihantPrakashan   Organic Chemistry     5   Solomons   Organic Chemistry     6   I. L. Finar   Organic Chemistry Volume 1     7   Bahal&Bahal   Organic Chemistry     8   Peter Sykes   Organic Chemistry     9   J.D March   Organic Chemistry     10   M. S. Chauhan   Concept of Organic Chemistry     Also Read   JEE Mains 2021:Best Books for Maths, Important topics for JEE Main, Topic Weightage and Preparation Tips - Click Here   JEE Mains 2021:Best Books for Physics, Important topics for JEE Main, Topic Weightage and Preparation Tips - Click Here   Margdarshan Main Test Series - Click Here     There are various books for preparation of JEE Mains and JEE Advanced but we recommended selective books for your preparation. Books given below is our recommended books.  NCERT Textbook Physical chemistry/modern chemistry by P.Bahadur Problems in Physical Chemistry for JEE (Main & Advanced) by Narendra Awasthi Organic Chemistry by Morrison and Boyd for Organic Chemistry Concise Inorganic Chemistry by J. D. Lee and op Tandon for Inorganic Chemistry Modern Approach to Chemical Calculations by RC Mukherjee Op Tandon, Himanshu Pandey for organic chemistry     Important points to keep in mind when buying books for physics IIT JEE:  As inorganic is a vast area, give most focus on covering whole NCERT books  P Bahadur has a huge number of unsolved questions. It is a very nice book and it can give you perfect proficiency in JEE Advanced Physical Chemistry. RC Mukerjee is an easy book which focuses more on conceptual knowledge. Op Tandon focus on both JEE Main and advance, while Himanshu Pandey focus only on advance.  The distribution of questions in the exam for Chemistry paper is as follow: JEE Main 2021 B.Tech / B.E paper pattern:     Sections   Number of Questions   Marks     Chemistry   25 (20 MCQ + 5 NVT)   100         JEE Main Topic wise Weightage for Chemistry       Chapter   Weightage     Organic Compounds containing Oxygen   6%     Organic Compounds Containing Nitrogen   1%     Polymers   3%     Biomolecules   3%     Chemistry in Everyday Life   4%     Principles Related to Practical Chemistry   3%     States of matter   3%     Atomic Structure   3%     Solutions   5%     Chemical Thermodynamics   4%     Equilibrium   6%     Redox Reaction and Electrochemistry   4%     Chemical kinetics   3%     Some basic concepts in chemistry   5%     Surface Chemistry   1%     General Principle and process of Isolation of metals   2%     Classification of Elements and Periodic table   2%     Hydrogen   3%     p- Block Elements   5%     S – Block Elements Alkali and Alkaline Earth Metals   1%     Chemical Bonding and Molecular Structure   5%     d – and f – BLOCK ELEMENTS   4%     Co-ordination Compounds   4%     Environmental Chemistry   3%     Purification and Characterisation of Organic Compounds   3%     Some Basic Principles of Organic Chemistry   3%     Hydrocarbons   3%     Organic Compounds containing Halogens   2%         CHEMISTRY – Important Chapters for JEE Mains Chemistry is divided into organic, physical, inorganic chemistry. Some questions in chemistry involve calculations, others are analysis and inference based. It is ever most important to have a rock-solid foundation in chemistry to tackle both sorts of problems. To have that, these are the 6 topics you should be confident with.  Chemical Bonding Periodic table Carbonyl Compounds and their derivatives Redox reactions, Mole Concept and the concept of equivalents Solid state, solutions and gases theory Thermochemistry and the Second Law of Thermodynamics    The following chapters are not included in JEE Advanced syllabus but are included in JEE Main  Inorganic Chemistry: Entire H chapter, F Block elements Biomolecules: Proteins, vitamins and nucleic acids Practical Chemistry: Only qualitative analysis of group 1-4 included, rest everything is excluded States of Matter & Solutions: Liquid state, Electric, magnetic and dielectric properties of solids, Henry’s law, osmotic pressure Chemical Bonding: Kossel-Lewis approach, Molecular orbital theory Atomic Structure: Discovery of sub-atomic particles and earlier atomic models Equilibrium: Physical equilibrium Chemical Kinetics: Collision theory Surface Chemistry: Adsorption isotherms  Topics included in JEE Advanced: Normality and equivalent weight Topics not included in JEE Advanced: Hydrogen, F Block elements, Chemistry in everyday life and Environmental chemistry.   How you can Analyse the Chapter wise Weightage for JEE Main 2021 Student can analyse which chapter carry maximum weightage in the exam, using the below given means:  First student should Analyse the past 5-6 years question papers. Note the numbers of questions that come from the chapters over the years. The chapter from which the maximum questions are farmed over the past years, are the ones with maximum weightage and are important.   Candidate should Check expert analysis available for JEE Main. The analysis helps to know the difficulty level of the exam, the chapter wise weightage and the topics that are asked in the exam. The overview of the past year analysis can hold the candidates understand how to strategies the preparation for the upcoming exam.    Topics with their Weightage in JEE Main 2021 Chemistry Here is the list of topics with their weightage in the JEE Main Chemistry exam. The candidates can start their preparation with these topics and then proceed with other topics.       Topic   Weightage   Remark     Atomic Structure & Nuclear Chemistry   2   Medium difficulty     Chemical and Ionic Equilibrium   2   Very important     Mole Concept   1   Easy to score     Thermodynamics and Gaseous State   2   Highly scoring, Medium difficulty, Very important     Thermochemistry   3    Very important     Chemical Kinetics   1   Very important     Electrochemistry   1   Very important     Solid State   2   Very important     Solution and Colligative Properties   1   Very important     Surface Chemistry   3   Very important     Hydrogen & its compounds   2   Very important     Coordination compounds (colours, isomerism)   3         Stoichiometry and atomic structure   2               ",29,"as, chemistry, is",JEE,5
"JEE Mains 2021:Best Books for Physics, Important topics for JEE Main, Topic Weightage and Preparation Tips","To prepare for IIT JEE 2021, you need a combination of several books. Candidates are expected to have a thorough understanding of the questions for JEEE Mains and advance. Moreover, there will be 90 questions which the candidate will have to solve in 3 hours. Also, for that, they need accuracy and a profound understanding of all the concepts. Many reference books can help candidates in understanding things better.  You should commence your preparation by going through the NCERT books as it will help you to clearing the basic concepts. Apart from NCERT the other books you can prefer given below.   Things to keep in mind while buying physics books for JEE Main 2021 preparation:  Check JEE Main 2021 syllabus. Your set of books must include accurate material for concept building, and questions with varying difficulty levels.   Go for the latest editions and ensure that they follow the latest exam pattern. NCERT textbooks should always be your priority. It is advisable to not go for too many books at a time. Stick to a few reliable sources and prepare accordingly. Make sure your books have previous year question paper and solved- unsolved sample papers.  JEE Main 2021 Physics Important Topics Physics is one of the major sections of JEE Main syllabus. Students have to answer around 25 questions carrying 4 marks each. JEE Main April syllabus for Physics comprises topics like Kinematics, Optics, Laws of Motion, Rotational Motion, Gravitation, Properties of Solids and Liquids etc. Last year, the highest weightage in Physics was given to topics like current electricity, alternating current, Rotational dynamics, Modern Physics etc. The JEE Main Physics syllabus includes two sections A and B. Section A includes Theory part with 80% weightage and section B contains practical component (experimental skills) with 20% weightage.  Also Read   JEE Mains 2021:Best Books for Maths, Important topics for JEE Main, Topic Weightageand Preparation Tips - Click Here   JEE Mains 2021: Best Books for Chemistry, Important topics and Topic Weightage for JEE - Click Here   JEE Mains 2021 Preparation Strategy, Free Mock Test - Click Here   Important topics for JEE Main Physics       Basis Weightage   Basis Number of Questions   Basis Chapters       Newton's Laws of Motion Work, Energy and Electrostatics Current Electricity Wave Optics Ray Optics Centre of Mass, Momentum and Collision Rotational Dynamics Simple Harmonic Motion Wave Motion and String Waves Magnetism Heat & Thermodynamics Nuclear Physics Modern Physics Semiconductors and Electronic Devices Current Electricity Electrostatics Optics Heat and Thermodynamics Law of Motion Waves Simple Harmonic Motion   Current Electricity Electrostatics Optics Heat and Thermodynamics Law of Motion Waves Simple Harmonic Motion   Newton’s Laws of Motion Heat and Thermodynamics Rotation Motion Semiconductor Theory of Fields (Electromagnetism) Heat & Thermodynamics Electromagnetic Induction Optics Conservation Laws Radioactivity EMI Kinematics Mechanics Waves and Sound Modern Physics Electrostatics Magnetics Work Energy Power Nuclear Physics Dynamics Fluids Capacitors & Electrostatics         Best Books for JEE Main 2021 Physics The list of best books for JEE Main 2021 Physics can be checked below -       Books Name   Author     Advance physics   Nelkon and Parker     Aptitude test problem in physics   Krotov     Fundamentals of Physics   Hallida   y, Resnick & Walker     Dynamics of a Particle & of Rigid Bodies   S.L. Loney     Physics Volume 1 & 2   Tipler     University Physics   Freedman and Young     Problems in Physics   A. A. Pinsky     Mechanics Part-1 & 2    DC Pandey     Problems in General Physics   I. E. Irodov     Problems in Physics   V. Zubov& V. Shalnov     Concepts of Physics Volume I and II   H. C. Verma     Feynman Lectures on physics   R. P. Feynman     A collection of questions and problems in physics   L. A. Sena     Element of dynamics part I & II   S. L. Loney          Concepts of Physics by H. C. Verma Understanding Physics by DC Pandey Practice Book Physics for JEE Main and Advanced by DC Pandey Wiley's Halliday / Resnick / Walker Physics for JEE (Main & Advanced) by Halliday, Resnick and Walker Problems in General Physics by I. E. Irodov     Important points to keep in mind when buying books for physics IIT JEE:  Don’t undermine the NCERTs. Read the NCERT chapters thoroughly, solved examples and summary is of great help. NCERT textbooks are written by a team of authors who are all experts in their area.     Checkout the list of best books for IIT JEE preparation that are mentioned above. The idea is to understand the theory behind some of the more advanced topics that may not be covered in the NCERT textbooks. HC Verma (Pros):HC Verma Physics textbooks are ideal for the learning phase due to the simple use of language and detailed explanations supported by relevant illustrations. Since JEEpredominantly tests the conceptual understanding of students, those referring to HC Verma books will benefit immensely. Also, HC Verma Physics books come with solutions. The HC Verma Solutions Part 1 is the best book for Work and Energy, Rotational Mechanics and Newton’s Law of Motion. HC Verma Solutions Part 2 is the best book for topics like Thermodynamics, Magnetic effects of Current and magnetism and Kinetic Theory of gases.     HC Verma(Cons): HC Verma books do not have enough numerical problems from the IIT-JEE point of view. They are good to build a strong foundation and to gain conceptual clarity, but they do not give JEE Main aspirants the kind of rigorous practice they require to crack the exam. Also, these books have been written for general Science students and not for students preparing for JEE Main who need to master concepts through application.       During the practice and revision phases of your JEE preparation, you may find that DC Pandey books are more reliable.     DC Pandey (Pros): If you are an aspiring IITian, these books are right for you. The Physics textbook by DC Pandey is written specifically with the JEE aspirant in mind. So, this book attempts to explain concepts in a way that is more practical for students answering competitive exams like JEE Main and Advanced. Also, this textbook by DC Pandey has a plethora of questions which meet JEE standards and enable students to get enough practice so as to improve speed and accuracy.     DC Pandey(cons):This book does not explain concepts as lucidly as the NCERT Textbooks or books by HC Verma. So, this is not a book with which you begin your IIT-JEE preparation. Doing such a thing may leave you utterly confused. It may also prevent you from deeply understanding the enigmatic concepts of Physics     Irodov: If we look at a breakdown of any JEE Advanced/Main paper you'll see that - 15% of the questions are very tough. 15% are easy. The rest 70% of the questions will be of just above average difficulty level, which is way below the level of Irodov. These 70% of the questions are your best allies. You need to target these if you want to clear your exam comfortably. Most of the people don't know how to prepare for their exams and they end up coming way short of what we could expect from them. Don't let this happen to you; be smart and make prudent decisions. It’s suitable for students preparing for Olympiad.    TIPS FOR PREPARATION ACCORDING TO TIME:       Standard   Time remaining   Use     11th, Starting with basics, a beginner.   Plenty of time in hand.   HC Verma vol. 1 + one can refer to Halliday for some in-depth knowledge.     12th beginning, most of the portion covered for JEE main from 11th standard.   1 year left   HC Verma Vol. 2 though roughly and Halliday to prepare for JEE Advanced as reference. Students can use Amit Gupta to focus simply on JEE.     12th, most of the portion covered and less time left in hand.   6 months left   HC Verma Volume 2 and Volume 1 & Halliday/ Amit Gupta           <iframe allow=""accelerometer; autoplay; clipboard-write; encrypted-media; gyroscope; picture-in-picture"" allowfullscreen="""" frameborder=""0"" height=""315"" src=""https://www.youtube.com/embed/zc7IXZTnvG4"" width=""560""></iframe>",30,"to, prepare, for",JEE,6
"JEE Mains 2021:Best Books for Maths, Important topics for JEE Main, Topic Weightage and Preparation Tips","The best way to study maths and master concepts is to practice solving sums a lot. However, it is equally important to understand the concept clearly and then apply the knowledge to solve the problems. With maths, candidates should understand the questions like how and why when solving the numerical. Use question papers as well as attempt mock test to get a better idea of the math questions and the pattern of JEE exam. The best study material for JEE Main Mathematics: Mathematics is the toughest section in JEE Main consisting of comprehensive questions from various topics. However, with clear concepts and a plethora of practice, maths become the most scoring subject and can boost your rank rapidly. Preparing for mathematics requires a lot of practice from relevant topics and a clear understanding of all mathematical concepts.  Following are the best books for JEE Main - mathematics section:     S.No   Name of the book and author   Book will be best for     1   Objective Mathematics by R D Sharma   Basics of every topic     2   Plane Trigonometry by S L Loney   Trigonometry     3   The Elements Of Coordinate Geometry by S L Loney   Coordinate Geometry     4   Algebra by Dr S K Goyal Arihant Publications   Algebra     5   Play with Graphs by Amit M Agarwal (Arihant Publications)   For solving problems     6   Differential Calculus by Amit M Agarwal (Arihant Publications)   Calculus     7   Integral Calculus by Amit M Agarwal (Arihant Publications)   Calculus     8   Complete Mathematics for JEE Main TMH   For an explanation of topics         There are various books for preparation of JEE Mains and JEE Advanced but we recommended selective books for your preparation. Books given below is our recommended books.  Cengage Maths by G TIWANI Comprehensive Mathematics for JEE Advanced by Tata McGraw Hill publications Problems Plus in IIT Mathematics by A das Gupta Arihant Problem Book in Mathematics for IIT JEE by SK Goyal Amit M Agrawal Arihant series It is suggested to not have much focus on maths NCERT and to solve previous year questions thoroughly.  Also Read   JEE Mains 2021:Best Books for Physics, Important topics for JEE Main, Topic Weightage and Preparation Tips - Click Here JEE Mains 2021: Best Books for Chemistry, Important topics and Topic Weightage for JEE - Click Here Margdarshan Online Test Series for JEE Main and Advanced 2021 - Click Here  Most Important Chapters of JEE Main 2021  Complex Number Conic Section Circle Calculus Vector & 3 D Probability Trigonometric Equation Properties of Triangles Quadratic Equation Sequence and Series Permutations and combination  JEE Main Topic wise Weightage for Mathematics Below is the previous year’s JEE Main weightage along with important topics asked in the exam.     Chapter   Weightage     Integral Calculus   9%     Limit, continuity and differentiation   10%     Co-ordinate geometry   15%     Sets, Relations and Functions   5%     Complex numbers and quadratic equations   7%     Matrices and Determinants   7%     Permutations and combinations   4%     Binomial theorem and its simple applications   2%     Sequence and series   5%     Three-Dimensional Geometry   6%     Vector Algebra   5%     Statistics and Probability   8%     Trigonometry   4%     Mathematical reasoning   3%     Differential equations   3%     Mathematical Induction   3%         The distribution of questions in the exam for Maths paper is as follow: JEE Main 2021 B.Tech / B.E paper pattern:     Sections   Number of Questions   Marks     Mathematics   25 (20 MCQ + 5 NVT)   100         JEE Maths Preparation Tips As Maths is an important section, so apart from being a scoring subject whenever there is a tie in the exam then the score obtained in this section is used to decide who gets a better rank. Therefore, candidates should focus on performing well in this section. However, they can perform excellently only if they have prepared expertly for the exam. They should be well versed with the topics; have a clear understanding of the concepts and they should possess adept problem-solving as well as time management skills. Once they develop these things, they will be paving a way to success. To help candidates give their best and achieve an outstanding result we have put together some of the most effective preparation tips for JEE. Aspirants can follow these tips and study more productive for the exams. 1)Keep Focus on The Important Topics:In JEE Maths there are usually seven topics that are important and candidates should study these topics thoroughly. The topics are 3-D geometry, probability and statistics, vector algebra, integration, complex numbers, parabola, and trigonometric ratios. Learning these topics will enable students to score higher marks in the exam. 2)Select Only the Best Resources: It is crucial for candidates to choose only those resources which will add to their JEE preparation. They should make use of the right and best maths books for JEE and study from them. Some of the recommended books are NCERT, S.K. Goyal, S.L. Loney, R.D. Sharma, amongst others. These books usually contain questions and exercises based on the JEE syllabus and format. 3)Do Solve Question Papers and Practice Often: Try to solve as many question papers as possible. It can be past papers, model papers or just sample papers. Get hold of them and start practising. The solutions are usually provided with the questions but we recommend candidates to first solve the question paper and then check the answers. Additionally, they can attempt the mock tests and they should keep a close track of the time.  All these will help candidates to test their preparation level and also know the question paper format, types of questions, marking scheme, exam duration, etc. Practising more is key to getting better at solving problems and developing enhanced maths fluency. 4)keep Focus on The Accuracy ofAnswers: While studying maths candidates need to realize that accuracy is better than speed. While it is important to solve the questions in time but if it is not accurate then it is a loss. Therefore, candidates should focus on answering the question more accurately as they can help them score higher marks. Besides, if candidates attempt 100% of the questions but they are incorrect, then they will lose marks. Maths questions are quite tricky and complicated and guesswork will definitely not work. Understand the concepts and their application in different problems. 5) Be Motivated: JEE preparation is a long process. It usually begins at least a year in advance before the final exam. In this, aspirants need to stay motivated to learn and put in the same effort throughout the preparation stage. They should have a positive mindset and not take any stress.   ",31,"the, best, way",JEE,5
"NEET 2021: Best books for Physics, Chemistry, Biology and NEET Syllabus 2021 and Important Tips","Before you start your NEET Preparation journey, you should realize few points that Around 13 Lakh students appear for NEET every year and Determination, Dedication and Consistency will help you achieve your goals also You have to stay confident and motivated till the last day of your exam. NEET Exam Overview 2021 –     Name of the examination   National Eligibility cum Entrance Test (NEET)     Mode of the examination   Offline     Duration of the examination   180 minutes     Total number of questions asked   180     Total marks   720     Negative marking   Yes       NEET Syllabus 2021:       Physics   Chemistry   Biology     Gravitation   Basic Concepts of Chemistry   Diversity in the Living World     Kinematics   States of Matter   Genetics and Evolution     Laws of Motion   Thermodynamics   Cell structure and function     Optics   Equilibrium   Classification of Plants and Animals     Thermodynamics   Redox Reactions   Human Physiology     Physical World and Measurement   Periodic table   Reproduction     Work, Energy and Power   Electrochemistry   Plant physiology     Waves and Oscillations   Chemical Kinetics   Biotechnology     Electrostatics   Surface Chemistry   Environment     Current Electricity   Biomolecules   Biology and Human Welfare     Atoms and Nuclei   Polymers   Ecology       Now Let’s discuss How candidate should prepare for NEET 2021 through best books? For deciding the best books for NEET: Candidate should keep in mind that the syllabus is provided by the National Testing Agency in its information brochure, however, some factors to look for while choosing the best books for NEET 2021 exam are –   the way basic concepts are dealt in the books Ample practice exercises and relevant examples that help in understanding the concepts and solve the problems.   Also read: NEET 2021- Preparation Tips, Syllabus, NEET Planning, Exam Pattern, Marks Distribution- Click Here  NEET 2021 & 2022: Best Book Suggestion NCERT is a very important book for every aspirant of NEET. If a student is aiming to crack NEET with top marks is suggested to begin their preparations using NCERT books for Physics, Chemistry, and Biology of Class 11th and Class 12th. It helps in providing a clear understanding of most of the NEET topics. If you are preparing from a state board, you can continue to study from your state board textbooks and for the gaps, if any, you can refer those topics from NCERT books. For this purpose, you may like to compare the syllabus of your state board with NCERT books and do the mapping, as required. Once a student has developed an understanding of the NEET topics from NCERT or your textbooks, then he/she may move to the recommended books for each subject, i.e. Physics, Chemistry, and Biology. Best book for NEET Physics 2021:  It is comprising of many numerical and conceptual problems therefore; NEET Physics is the most challenging part for medical aspirants. It requires most efforts. The section has 45 questions of Physics carrying 180 marks. NEET preparation books for Physics gives- Integrating the conceptual knowledge in solving questions/problems and Tips and tricks on solving numerical problems that will help in reducing time and improving accuracy. Best Books for NEET Physics  NCERT Physics Class XI & Class XII Concepts of Physics by H. C. Verma Objective Physics by DC Pandey Fundamentals of Physics by Halliday, Resnick and Walker Fundamental Physics by Pradeep Problems in General Physics by IE Irodov H. C. Verma and D C Pandey are the best Physics books for NEET. It's good to read NCERT Physics at the same time.  Best Books for NEET Chemistry 2021:   Candidate need to prepare from the specific NEET Chemistry books and resources, apart from NCERT as it also has conceptual and numerical question. As per the analysis of the previous year papers, inorganic section is generally the easiest section when compared with the other two sections and consists of memory-based questions. J. D. Lee includes multiple-choice questions which are really good for students preparing for NEET. Organic section needs practice and revision as it depends on the interlinking of knowledge. The best chemistry books for NEET 2021 & 2022 added here for the organic section will help candidates in understanding the concepts lucidly. Best Books for NEET Chemistry  NCERT Textbook Physical chemistry/modern chemistry by P.Bahadur Problems in Physical Chemistry for JEE (Main & Advanced) by Narendra Awasthi Organic Chemistry by Morrison and Boyd for Organic Chemistry Concise Inorganic Chemistry by J. D. Lee and op Tandon for Inorganic Chemistry Modern Approach to Chemical Calculations by RC Mukherjee Op Tandon, Himanshu Pandey for organic chemistry  Best Books for NEET Biology 2021 If you want to become a doctor, you are expected to have brilliance in Biology. This section of the NEET 2021 paper includes 45 questions each from Botany and Zoology. Thus, if you are good at handling questions from the Biology topics of Class 11 and 12 you can easily obtain high scores out of 360 marks.  Best Books for NEET Biology  NCERT Biology Class XI and Class XII textbooks Biology Vol 1 and Vol 2 by Trueman Objective Biology by Dinesh Objective Botany by Ansari Pradeep Guide on Biology GR Bathla publications for Biology NCERT at your FINGERTIPS is good for practicing MCQs in Biology.   We recommeded you to give Margdarshan NEET Test series which is absolutely free for you. Click Here to give the test.  Some Important Tips:  NCERT books provide the best preparatory material for NEET. Since the syllabus is based on NCERT students should read it thoroughly. If you don't have NEET coaching modules then one MCQ book each for Physics, Chemistry and Biology is required. For Chemistry, you can take separate books for Organic and Physical. Class 11 syllabus will help candidates with the basics and subject-wise concepts. Also, nearly 40 per cent of the questions in NEET are from Class 11 syllabus.  Margdarshan online NEET Test series provides confidence to crack NEET. There are many helping books in the market, yet, the NCERT is most recommeded book for  Class XI &; Class XII (all subjects)   Avoid using multiple books and material in your preparation. Referencing multiple sources, books and study materials, for similar topics and chapters, uses a lot of cognitive load of the memory. Quality matters more than quantity in NEET preparation.  Preparing the theory section is equally important for NEET preparation 2021. Coaching is not mandatory for NEET preparation 2021. Students determined to clear NEET can prepare for the examination at home also.  ",32,"before, you, start",JEE,5
JEE Mains 2021 Exam Dates (Postponed?) Syllabus Latest News of JEE 2021,"On 10 Dec, 2020 Minister of Education, Dr Ramesh Pokhriyal conducted interaction where he addressed all the queries/doubts related to JEE Main 2021 exam. All the key points and summary of that day are mentioned below. He also added that his ministry is considering to hold multiple sessions of JEE Main. Using #EducationMinisterGoesLive, students asked regarding CBSE Board Exam 2021 and JEE Main 2021. Where Minister Hints At Change In Exam Pattern. Education minister adds point By mentioning about Multiple Attempts For JEE Main. Though Exam dates are not yet finalised but minister assures that it will be declared very soon and NTA (National Testing Agency) will take care about no clashes in the exam date of CBSE Board and JEE Mains 2021.Also Exam officials had earlier told that the first round of JEE Main will likely be held in February 2021 instead of January. Some more updates of JEE 2021 are  Also Read   JEE Mains 2021:Best Books for Physics, Important topics for JEE Main, Topic Weightage and Preparation Tips - Click Here JEE Mains 2021: Best Books for Chemistry, Important topics and Topic Weightage for JEE - Click Here Margdarshan Online Test Series for JEE Main and Advanced 2021 - Click Here   Some important points of webinar a JEE aspirant student should notice are : 1) Regarding the Syllabus:   Syllabus of JEE Main 2021 will remain same as the last year. A proposal is under examination where students will be given choice to answer 75 questions (25 questions each in Physics, Chemistry and Mathematics) out of 90 questions (30 question each in Physics, Chemistry & Mathematics) When compare to JEE Main 2020, there were 75 questions which had to be answered by the candidates (25 questions each in Physics, Chemistry & Mathematics).  2) Change in Exam Pattern: Education Minister Ramesh Pokhriyal ‘Nishank’ did not state categorically about change in the syllabus but hinted there may be changes in the way questions are framed. 3) About Multiple attempts: The ministry is discussing the possibility of conducting JEE Main more than twice every year. Mr. Pokhriyal said that the ministry is considering if JEE Main can be held for up to four times.  4) Syllabus of JEE Main 2021: Education minister stated that discussion on reducing the syllabus of JEE Main 2021 is still going on. The goal is to make participation from all boards as some boards have agreed and some have not. 5) Syllabus of CBSE: Mr. Pokhriyal said that CBSE has already reduced syllabus by 30 per cent so there are no chance of more reduction in syllabus. 6) Points on Practical Exam:  Mr. Pokhriyal mentioned that If students cannot visit schools for lab work, it will not be possible to hold CBSE practical exams and he will discussed more on this point he added ",33,"on, 10, dec,",JEE,2
"Latest Updates on NEET 2021: Exam Date (Postponed?), syllabus and Mode of NEET Exam","To relieve concerns of students regarding NEET 2021 and board exams, Education Minister Ramesh Pokhriyal ‘Nishank’ held a live session on 10 Dec 2020. In the webinar, Mr. Pokhriyal said that there is no plan to cancel the Medical entrance test -- NEET 2021 followed up by multiple questions regarding the class 10th and 12th Boards to which Union Minister Ramesh Pokhriyal ‘Nishank’ and Dr. Sanyam Bharadwaj (Controller of Exams, CBSE) stated that the CBSE Class 10th and 12th board exams 2021 won’t be cancelled. All the key points and summary of that day are mentioned below. The education minister made an assurance that there will be no clashes between the exams of CBSE Board and NEET 2021, Meanwhile, the CBSE issued a notification stating it clear that any decision on 10th and 12th class exam dates will be communicated at the appropriate time through the official website.   Some important points of the webinar a NEET aspirant student should notice are:   1)NEET 2021 Dates: Education minister did not share any final dates or tentative dates. however, he assured that they are trying to share the exam dates for NEET in advance with the students.   2) Syllabus of CBSE: Mr. Pokhriyal said that CBSE has already reduced the syllabus by 30 percent so there is no chance of more reduction in syllabus.   3)Mode of Exam: Mr. Pokhriyal didn’t provide any clear confirmation regarding it. He added that so far, NEET has been conducted in offline or pen and paper mode. However, based on the suggestions, the ministry is open to suggestions on digital mode.   4) Points on Practical Exam:  Mr Pokhriyal mentioned that If students cannot visit schools for lab work, it will not be possible to hold CBSE practical exams and he is ready to discuss more on this topic.   5)Regarding the NEET Syllabus: Education minister did not state anything regarding the reduction of the syllabus of NEET as many students have repeatedly asked for a reduction of the NEET Syllabus by 10 to 20 percent. Mr. Pokhriyal assured students that if the current situation persists, then due consideration and time would be given to the students.   6)Regarding cancellation of NEET 2021:Mr. Pokhriyal asserted straight no on the question of cancellation of the NEET examination 2021 and added that a precious year of students should not get wasted.       ",34,"to, relieve, concerns",JEE,1
"JEE Mains 2021: Exam Date Announced, Application (Started), Result Date, Exam Time of JEE 2021","The first edition of the exam of JEE Main 2021 has been released. The entrance test for admission in premier IITs, NITs will be held from February 23 to 26 followed by rounds in March, April and May. As Union education minister Ramesh Pokhriyal Nishank announced that The National Testing Agency (NTA) will be conducting Joint Entrance Examination (JEE) Mains exams four times a year starting from February 2021. The candidates can download the application from the website- jeemain.nta.nic.in. The education minister said the results will be declared within five days from the last date of exams. NTA conducts this exam to offer admission in B.Tech, B.E., B.Arch, and B.Plan in  NIT's,  IIIT's,  CFTI's. Considering the reduction in CBSE and other state board syllabus’, JEE Main exam pattern has been revised. students will be given a choice to answer 75 questions (25 each in Physics, Chemistry and Mathematics) out of 90 (30 each in Physics, Chemistry and Mathematics). Each of these subjects will have two sections. Section A will have 20 MCQs and Section B will have 10 Numerical value answer-based questions. Candidates have to attempt any five questions out of 10 in section B.   How to apply for JEE Main Step 1: Visit the official website, jeemain.nta.nic.in Step 2: On the homepage, click on the application form button Step 3: Click on the way you wish to apply Step 4: Register if not applied before using credentials Step 5: Verify and create log-in Step 6: Fill form, upload images Step 7: Make payment, submit form.   Also Read   JEE Mains 2021:Best Books for Physics, Important topics for JEE Main, Topic Weightage and Preparation Tips - Click Here JEE Mains 2021: Best Books for Chemistry, Important topics and Topic Weightage for JEE - Click Here Margdarshan Online Test Series for JEE Main and Advanced 2021 - Click Here    JEE Main Exam Date 2021 (February Session)       Events   JEE Main Important Dates     Availability of JEE 2021 application form   December 16, 2020     Last date to submit the application form   January 16, 2021     Last date of fee payment   January 17, 2021     JEE Main Application Form Correction 2021   January 19 to 21, 2021     Availability of JEE Main Admit Card   Second week of February 2021     JEE Main 2021 Exam Dates   Session 1 - February 23 to 26, 2021 Session 2 - March 15 to 18, 2021 Session 3 - April 27 to 30, 2021 Session 4 - May 24 to 28, 2021     JEE Main Answer Key date 2021   To be notified     Availability of Answer Key challenge facility   To be notified     Release of Final Answer Key   To be notified     JEE Main Result (Paper 1)   To be notified     JEE Main Result (Paper 2)   To be notified     Registration for JoSAA Counselling   To be notified       Candidates should note that NTA does not edit/modify/alter any information entered by the candidates after completion of the application process under any circumstances. Any request for change in information thereafter will not be entertained. Exam Time for JEE Main 2021: JEE Main 2021 exam will be held in two shifts each day- Shift 1 and Shift 2. JEE Main shift 1 timings are- 9 am to 12 pm while shift 2 timings are 3 pm to 6 pm.       Name of the Course   Date   Timings     B.Arch and B.Plan   February 23, 2021   9:00 AM to 12:00 PM 3:00 PM to 6:00 PM     B.Tech/ B.E   February 24 to 26, 2021   9:00 AM to 12:00 PM 3:00 PM to 6:00 PM       For your better preparation of JEE, Margdarshan brings you free mock test series of JEE Mains 2021: https://marg-darshan.com/test-series/iit   JEE Main 2021 Result Date The authorities will declare the JEE Main result 2021 in online mode. Candidates will be able to check their JEE Main 2021 results by logging in to the result portal using their application number and date of birth. JEE Main result 2021 date will be notified later ",35,"the, first, edition",JEE,3
Benefits Of JEE Mains Test Series ,"Solving Mock Tests is the best practice to prepare for any examination. JEE Advanced 2021 Paper 1 and Paper 2 will be conducted online in Computer Based Test (CBT) format. It is being conducted in the online mode since 2018. Apart from JEE, giving mock test for NEET exam is equally important.Aspirant should Practice questions of JEE Main and NEET which are in the same pattern as asked in the main exam.  The mock test is designed to offer JEE/NEET aspirants a methodical approach for testing of his preparation towards the prestigious Joint Entrance Examination (JEE) or The National Eligibility cum Entrance Test. Additionally, by giving mock test series student can determine how much more endeavour is requisite from his end to do well. Why Mock Test ? JEE and NEET are one of the toughest college-level entrance examinations in the country. Though the pattern of the question paper has changed a lot over time but practice and patience have always been crucial to preparation, it is very important to have the right temperament in an exam where you are racing against time to prove your mettle. These series act as a stepping stone to the success of taking an entrance examination which can be taken through e-learning sites. These are various benefits of giving mock test : 1)  It makes you assured of what you have learned for EXAM, which ultimately helps in performing well on the final day. 2)  Mock test help in providing the required practice. 3)  Mock tests help you cover the entire syllabus. 4)  It clear the doubts beforehand. 5)  Mock tests make you aware of the important topics that you have missed. Recommended:-  Margdarshan Online Test Series for JEE Main and Advanced 2021 - Click Here  JEE Mains 2021: Exam Date Announced, Application (Started), Result Date, Exam Time of JEE 2021 Click here   JEE Mains 2021:Best Books for Maths, Important topics for JEE Main, Topic Weightageand Preparation Tips Click Here   How to practice for mock tests?       1) Be regular about giving the paper and solving it within the stipulated time limit.      2) When the paper is done, calculate the total marks obtained.      3) Do check the solution of wrong questions attempted by you and develop the approach of solving       questions with accuracy.      4) Analyze your entire performance in that particular test and then see where you need to work on.      5) Take the test again and again. Devote last few weeks only on revision.      6) There are different types of mock test. Some are topic-based, some chapter-wise and some cumulative. You may give the papers depending on your requirement.    Benefits of Margdarshan IIT JEE / NEET Online Test Series :  Gives analysis of test: Margdarshan Test Series provide analysis report which will be available after completing the test. Helps in Improving Weaker areas: Margdarshan series make you able to see in which areas or topics you are making mistakes, so that it can be improved before the exam date. Helps in improving Time Management: For each question time taken per question and section will be available to students, for better time utilization during the exam. Time Saving and Economical: There is No need to go to any practice test centre. Margdarshan Online test series is a convenient and affordable option to solve online.  Important Tip for Final Exam   1) Focus on regular practice: For conceptual clarity, it is important that you spend time practising questions. You must solve at least 20 relevant questions in a day. As NTA has introduced numerical type questions in JEE 2020, ensure that you practice the same to get ready for the latest exam pattern and same goes with NEET.   2) Be Confident: you should experience being confident and positive.   3) Be Cool and Calm: you should maintain being cool and calm. Writing an examination is not only knowledge testing, but also testing your anxiety.   4) Read the Question Properly: It is very vital for you to read the questions properly and calmly before solving the test series. It is usually believed that if the answers are started well in the beginning, the ending also will be similar.   5) Time Consciousness : You must be able to develop a habit of attempting several mock test series papers by planning your time efficiently.  Accuracy and speed in solving the questions helps you greatly.    How to Practice JEE Main, Advanced and NEET Online Mock Tests?  Login to the Margdarshan Online Test Series Portal with the Username and Password provided to you (After Registration). When you Login into Margdarshan online test Series, you will get the list of Tests which you can check. Whenever you are ready to give an online test, Click on TAKE TEST. Read the instructions given on screen. After reading the instructions, you can Start the test. Margdarshan provides Analysis Report When you finish the Test or when time is over.  ",36,"solving, mock, tests",JEE,4
JEE Mains 2021: Preparation Strategy for JEE Main February and Tips & Tricks for JEE 2021,"Time management plays an important role in one’s JEE PREPARATION. GOAL SETTING and MONITORING is another important process in JEE PREPARATION. In order to set these goals, first have a reasonable idea of the curriculum and then divide the topics into sections depending on their difficulty level. Another important part of setting the goals is to assign equal attention to all the subjects; neglecting the less favoured one may cost students heavily. Once the segregation of topics is done, form a time table accommodating all subjects and stick to it for the entire period of preparation. Keep focus and devote all the attention towards achieving these pre-set goals. As the JEE Main 2021 February session exam is approaching. JEE Main 2021 Phase – I is scheduled from February 23 – 26, 2021. It is time you start preparing for the exams this is why Margdarshan have come up with the JEE mock Tests to help you get in full control of your JEE Main Preparation. It will help you understand the difficulty level, syllabus coverage, ideal time for each question, questions involved with multiple concepts, repetitive nature of concepts, and more.  Important Tips:  Assign the Days: Aspirant should keep in mind that Studying without a deadline isn’t something that aspirants can afford now, therefore you must assign your days to certain topics and finish them within the deadline. Stay Focused: If a student will have too many resources, it will only alleviate the stress. Therefore, research well and shortlist some resources for your study plan and stick to it. Remember, you can’t cover everything from everywhere, therefore keep it simple and accurate.    For best books of physics, chemistry and maths you can read -  Notes and Revision: Usually student keep revision for the last minute. Keep revision sessions for regular intervals. Make some crisp notes for the last-minute reading and avoid unnecessary panic before the exam.   Healthy Lifestyle is must: It is very important to maintain a healthy lifestyle if one needs to keep her/ his productivity at the peak. Sleep for 6- 7 hours, and on time. Stay hydrated and take breaks at intervals. We know binge watching tv shows and social media can be tempting but you’ve a goal for the next few months and like everything in the world, it comes at a cost.  Take Mock Test seriously: It is only through mock tests that one can identify his strengths and weaknesses, so take up mock tests at least twice a week and increase the frequency if you feel like time management and accuracy needs to be worked upon. Mock test will lead to the formulation of accurate exam day strategies.  For taking mock test , click the link here   Physics, Chemistry and Maths Study Strategy for IIT JEE 2021    Physics: This is a logical thinking subject; it requires a thorough understanding of fundamental concepts and the application of mathematics to solve problems. Physics relies less on memory and more on applying ideas and concepts to solve problems. Understanding the concepts and solving problems is the key to score well in physics. Master the basics of the subject rather than memorizing the formulas. While preparing, keep your concepts clear before you go for questions. Numerical problems and conceptual questions, both are important for JEE. A Golden rule to master physics in JEE student should dois to Practiceand Practice Problems. The objective is to solve so many questions that you start to anticipate which method would likely work best. With experience, you'll be able to see solutions quickly.         Maths: In Mathematics also practice is very important. Formulae should be on your tips. Know every shortcut possible. Mathematics is not just solving; it needs a little visualisation skill too (ex.- graphs and curve sketching).      Tip by an IIT Student:""Work on the theory really well. At least understand the basic idea. What are we calculating? Why are we doing so? What is its significance? Where is it applied? A working amount of memory is required to recall the formulas and methods. So, don’t go in with the expectation that everything is just thought and understanding-oriented. You will have to remember bulk of stuff in the beginning. With time it will eject out as a reflex.""       Chemistry:In Chemistry, the key is understanding and then revising it again and again. Write a summary of important points. Start with the basics and then move ahead with complex concepts. Practice problems each time when you study a topic. Make a separate notebook for named reactions & their mechanism and revise it daily.    Also Read   JEE Mains 2021:Best Books for Physics, Important topics for JEE Main, Topic Weightage and Preparation Tips - Click Here JEE Mains 2021: Best Books for Chemistry, Important topics and Topic Weightage for JEE - Click Here JEE Mains 2021:Best Books for Maths, Important topics for JEE Main, Topic Weightageand Preparation Tips Click Here    TIPS:  If student is preparing For Physical Chemistry, Read from NCERT and have your concepts clarified at your coaching institute. To become good at Physical Chemistry you need to develop problem solving skills. Be thorough with all the formulae. You should know all the formulas of chemical bonding, equilibrium, kinetics, radioactivity etc. Solving a lot of problems in Physical Chemistry helps. The concept is different in Inorganic Chemistry, it involves a lot of memorization. Study NCERT properly. Make precise notes for each chapter. You might think it is a waste of time right now to maintain so many notes but they’ll prove indispensable for your JEE revision. Organic chemistryis the conceptual subject. General Organic Chemistry is one of the most important topics in this section. A student cannot ace organic chemistry without understanding the concepts thoroughly. Additionally, students should equally focus on isomerism and effects. Studying these concepts will help solve most questions from organic chemistry. Moreover, students should remember that before beginning to solve questions from organic chemistry, they should completely understand GOC, hydrocarbons, Alcohol, Aldehyde, Amines and Alkyl Halide. While preparing for Physics,the most common mistake students make is that they either ignore numericals or the theory part of a chapter. Both numericals and theory of a topic are interlinked and often, JEE Main exams contain questions which are numerical but require a theoretical concept to solve the problem. Keep practicing both theoretical and numerical methods simultaneously to help you have a better understanding of the topic and variations involved within. For preparing Mathematics,student should list down all the equations and theories that are used in that chapter. Mathematics is a subject that consists of various equations and theories within a single chapter. This can often lead to confusion and forgetfulness. Listing down equations and theories, chapter-wise and subject-wise will help you learn them quickly and more efficiently even if you forget one of the equations. It will also be a good habit to open the book where you have listed down all the equations before starting off with the preparation of that subject.    JEE Main Paper Pattern To prepare for JEE Main 2021, it suggested to candidates to refer the previous year topic coverage of each subject. It will help candidates to make their study plan accordingly. As the questions have increased in JEE Mains 2021 so it is advisable to look into the exam pattern of JEE Mains 2018.Mentioned below is the topic wise coverage for candidate reference. It is the coverage of 2018     Subject   Branch   Percent wise Coverage of Topics in JEE Main 2018     Physics   Mechanics   30%     Heat & Thermodynamics   7%     Electrostatics & Current Electricity   17%     Magnetics & Electro Magnetic Induction   13%     Optics& Waves   3%     Modern Physics   10%     Simple Harmonic Motion, Waves & Elasticity   7%     Semi-Conductor Devices, Electromagnetic Waves and Principles of Communication   13%     Chemistry   Organic Chemistry   30%     Inorganic Chemistry   30%     Physical Chemistry   40%     Mathematics   Co-Ordinate Geometry   17%     Calculus   27%     Algebra   27%     Vector/3-D Geometry   10%     Trigonometry   6%     Sets & Relations, Mathematics Reasoning, Statistics   13%     ",37,"time, management, plays",JEE,6
navneet,"<iframe width=""560"" height=""315"" src=""https://www.youtube.com/embed/-ePDTGeB5sw"" frameborder=""0"" allow=""accelerometer; autoplay; clipboard-write; encrypted-media; gyroscope; picture-in-picture"" allowfullscreen></iframe>",38,"<iframe, width=""560"", height=""315""",JEE,1
JEE Mains 2021: Preparation Strategy for JEE Main February and Tips & Tricks for JEE 2021,"<iframe allow=""accelerometer; autoplay; clipboard-write; encrypted-media; gyroscope; picture-in-picture"" allowfullscreen="""" frameborder=""0"" height=""315"" src=""https://www.youtube.com/embed/jh66Pjtqr4k"" width=""560""></iframe>",39,"<iframe, allow=""accelerometer;, autoplay;",JEE,1
test,"JEE Mains 2021: Testing hello user this is a testing blog from the developer side. please ignore it.  <iframe allow=""accelerometer; autoplay; clipboard-write; encrypted-media; gyroscope; picture-in-picture"" allowfullscreen="""" frameborder=""0"" height=""315"" src=""https://www.youtube.com/embed/8-xYYY73htA"" width=""560""></iframe> ",40,"jee, mains, 2021:",JEE,1
How to Prepare Physics for JEE Mains 2021?,"As we know, Physics has always been considered as a complicated subject. The subject requires a very keen conceptual approach to the problems as well as the theoretical approach. In physics there are many derivations and Formulas which requires a good level of Mathematical approach to get the final result. In order to score well in physics, a proper strategy and planning is required.The student should elevate all the topics of Physics. From basic Physics to the Complex physics topics. All topics playan important role for the examinations point of view but If planned properly, physics can enhance the student’s JEE Main result. In order to crack the subject with good scores, following the right JEE Main preparationtips is important. Do read it – JEE Mains 2021: Preparation Strategy for JEE Main February and Tips & Tricks for JEE 2021   1) Student should know the physics JEE Main 2021 syllabus For making strategies, this must be the first step to know the whole syllabus of physics paper. Physics has questions from both Class 11 and Class 12 too.   JEE Main 2021 Syllabus: Physics      Physics     Physics and measurements     Kinematics     Laws of motion     Work, energy and power     Rotational motion     Gravitation     Properties of solids and liquids     Thermodynamics     Kinetic theory of gases     Oscillations and waves     Electrostatics     Current electricity     Magnetic effects of current and magnetism     Electromagnetic induction and alternating currents     Optics, Dual nature of matter and radiation     Atoms and nuclei, Electronic devices   Experimental skills      For more detail read – JEE Mains 2021:Best Books for Physics, Important topics for JEE Main, Topic Weightage and Preparation Tips   2) Make a Timetable Once a student become familiar with the syllabus of Physics for JEE Mains 2021, it is advisable to prepare a timetable for each chapter and topic. While preparing the timetable, ensure that you have given yourself time to eat, sleep and study. It is advisable to start with the chapters that either carry a lot of weightage in the paper or are difficult to complete. However, once you have prepared a timetable, you should adhere to the timetable that you've designed. Therefore, while preparing, keep in mind your abilities. While it is necessary to push yourself to do more every day, it is also advisable to keep your goals realistic as well.   3) Take Care of the important Topics : 11 Topics of Physics you must study well for JEE Mains  Dimensional Analysis Gravitation Electrostatics Current Electricity Heat Transfer Electromagnetic Induction Waves & Sound Geometrical Optics Thermodynamics Kinetic Theory of Gases Rotational Dynamics  Then come a) basic topics you must have a strong grasp on, b) scoring topics, c) important topics which you should practice a lot. Also Read    JEE Mains 2021: Preparation Strategy for JEE Main February and Tips & Tricks for JEE 2021   JEE Mains 2021: Exam Date Announced, Application (Started), Result Date, Exam Time of JEE 2021   Benefits Of JEE Mains Test Series     4) Both Theory and Numerical are imp  Student should give the weightage equally both to numerical and the theory part of a chapter. Both numerical and theory of a topic are interlinked and often, JEE Main exams contain questions which are numerical but require a theoretical concept to solve the problem. Keep practicing both theoretical and numerical methods simultaneously to help you have a better understanding of the topic and variations involved within.   5) Take Notes  If student is preparing for JEE Main, then it’s beneficial to make a habit of writing down notes for every chapter. These notes will turn out to be helpful during your revision period to revisit the chapter and will help you remember the key points of the different topics. While jotting down notes, make sure you have mentioned the theories and numerical equations relevant to the topic. This will reduce your time in searching for the information later in the future. The notes you write down will define the quality of revision that you will be able to do in the last days of the exam.   6) To Solve Physics is the subject which requires practice to solve the questions. It Strengthen your grip on concepts and topics. As a student preparing for JEE Main, you must solve questions of the past ten years. Solving JEE Main question papers will help you form a general idea of the type of questions asked in the exam. While solving questions, don’t forget to maintain an error-log and resolve your doubts immediately. This will help you to keep an insight of your weak points and common mistakes to avoid while taking the exam. Every student preparing for an exam has a strong subject and a weak subject. Try to solve more questions from your weak areas. This will help you overcome your weakness. But don’t neglect your strong subject. Keep practising it as well. Additionally, while solving questions, make a habit of solving them under a certain time constraint. For instance, solve 25 questions in 50 minutes. This will help you improve your speed and manage time.   7) Do Revision Revision is a very important factor while preparing for the exam. Student didn’t take care of this key point and keep on studying the next but this is a factor that you should keep in mind while drafting the timetable for the preparation of Physics for JEE Mains 2021. Revision of a subject or topic should include revisiting the notes and key elements of the subjects and attempting mock tests and previous year question papers of JEE Mains. Attempting previous year question papers and mock tests will allow you to map out the knowledge you have gained for the subject, understand the type of questions asked and the time it takes for you to answer the questions. While attempting mock tests and previous year question papers, it is advisable to time yourself. If you are able to train yourself in terms of accuracy and answer the question correctly within the stipulated time period, you will stand a better chance at cracking JEE Mains 2021.   8) Take Mock Test Regularly- By giving mock test on a regular basis, student can understand the pattern of main exam JEE Mains 2021 also their fear of main exam will be reduced by it. Student become familiar by it. Free Mock test for JEE 2021 ",41,"as, we, know,",JEE,5
"CBSE Class 12th Exam Updates(Out), Time Table for Class 12 CBSE, Important tips for Board Exam","On Dec 31, 2020 at 6:00 PM Education Minister Ramesh Pokhriyal Nishank announced the CBSE 2021 Exam Dates for Classes 10 and 12. The official exam dates for CBSE class 12 Board Exams 2021 exams will begin from 4th May 2020 to 10th June. The practical’s will begin from March 1. CBSE 12th Result 2021 will be announced on July 15 at cbse.nic.in . Also,Mr. Ramesh Pokhriyal has cleared that the board examinations will be conducted only in offline mode and students will be provided enough time for preparation.    CBSE Class 12 Date Sheet 2021:  The announcement regarding the CBSE class 12 board time table to be out shortlybut here are some announced information:       Event   Date     CBSE 12th Admit card 2021 (Release Date)   January 2021  (Expected)     CBSE Class 12 Board Exam 2021 (First Paper)   May 4     CBSE Class 12 Board Exam 2021 (Last Paper)   June 10     CBSE Class 12th Result 2021 (Announcement)   July 15        CBSE will publish the schedule of examination on it’s official website. Students who have enrolled can download the time-table schedule from the portal once it will be uploaded there. Apart from publishing, CBSE will also forward the examination scheme to all the affiliated schools. Therefore, candidates can also avail the same from their schools.Candidates can access the examination schedule from any of the modes as per their convenience but we advised them to refer only the genuine sources. For this official website of CBSE Visit the official website of CBSE i.e. http://cbse.nic.in.  Also Read    How to Prepare Physics for JEE Mains 2021?   JEE Mains 2021: Preparation Strategy for JEE Main February and Tips & Tricks for JEE 2021   Benefits Of JEE Mains Test Series    Important Instructions/Points to keep in mind On CBSE 12th Exam :  A 12th class Student should complete the CBSE 12th syllabus of all subjects a month or two before the exam. This way he/she will be left with enough time to do revision. Student should plan the proper strategy to write the answers. If student will download and practice the previous years’ question papers of CBSE 12th for better preparation of the exam. Then he/she will make one familiar with the marking scheme, types of questions asked in the exam, duration and more. The duration of time for each paper will be indicated in the date-sheet. Student should not forget to carry the CBSE 12th admit card on the exam day. It is advised that one takes 2-3 copies of printouts of the admit card as soon as it releases and to keep it secure till the announcement of the result. Candidates will receive the Answer booksbetween 10.00 – 10.15 A.M. At 10.30 A.M. candidates will start writing the answers. Candidates should write their particulars on the answer book. Candidates shall read the question paperfrom 10.15 A.M. – 10.30 A.M. (15 minutes),   ",42,"on, dec, 31,",JEE,2
My testing Blog,"As we know, Physics has always been considered as a complicated subject. The subject requires a very keen conceptual approach to the problems as well as the theoretical approach. In physics there are many derivations and Formulas which requires a good level of Mathematical approach to get the final result. In order to score well in physics, a proper strategy and planning is required.The student should elevate all the topics of Physics. From basic Physics to the Complex physics topics. All topics playan important role for the examinations point of view but If planned properly, physics can enhance the student’s JEE Main result. In order to crack the subject with good scores, following the right JEE Main preparationtips is important. Do read it – JEE Mains 2021: Preparation Strategy for JEE Main February and Tips & Tricks for JEE 2021   1) Student should know the physics JEE Main 2021 syllabus For making strategies, this must be the first step to know the whole syllabus of physics paper. Physics has questions from both Class 11 and Class 12 too.   JEE Main 2021 Syllabus: Physics      Physics     Physics and measurements     Kinematics     Laws of motion     Work, energy and power     Rotational motion     Gravitation     Properties of solids and liquids     Thermodynamics     Kinetic theory of gases     Oscillations and waves     Electrostatics     Current electricity     Magnetic effects of current and magnetism     Electromagnetic induction and alternating currents     Optics, Dual nature of matter and radiation     Atoms and nuclei, Electronic devices   Experimental skills      For more detail read – JEE Mains 2021:Best Books for Physics, Important topics for JEE Main, Topic Weightage and Preparation Tips   ",43,"as, we, know,",JEE,1
Testing blog,"   test1 result1   test2 result2   test3 result3    To relieve concerns of students regarding NEET 2021 and board exams, Education Minister Ramesh Pokhriyal ‘Nishank’ held a live session on 10 Dec 2020. In the webinar, Mr. Pokhriyal said that there is no plan to cancel the Medical entrance test -- NEET 2021 followed up by multiple questions regarding the class 10th and 12th Boards to which Union Minister Ramesh Pokhriyal ‘Nishank’ and Dr. Sanyam Bharadwaj (Controller of Exams, CBSE) stated that the CBSE Class 10th and 12th board exams 2021 won’t be cancelled. All the key points and summary of that day are mentioned below. The education minister made an assurance that there will be no clashes between the exams of CBSE Board and NEET 2021, Meanwhile, the CBSE issued a notification stating it clear that any decision on 10th and 12th class exam dates will be communicated at the appropriate time through the official website.   Some important points of the webinar a NEET aspirant student should notice are: 1)NEET 2021 Dates: Education minister did not share any final dates or tentative dates. however, he assured that they are trying to share the exam dates for NEET in advance with the students. 2) Syllabus of CBSE: Mr. Pokhriyal said that CBSE has already reduced the syllabus by 30 percent so there is no chance of more reduction in syllabus. 3)Mode of Exam: Mr. Pokhriyal didn’t provide any clear confirmation regarding it. He added that so far, NEET has been conducted in offline or pen and paper mode. However, based on the suggestions, the ministry is open to suggestions on digital mode. 4) Points on Practical Exam:  Mr Pokhriyal mentioned that If students cannot visit schools for lab work, it will not be possible to hold CBSE practical exams and he is ready to discuss more on this topic. 5)Regarding the NEET Syllabus: Education minister did not state anything regarding the reduction of the syllabus of NEET as many students have repeatedly asked for a reduction of the NEET Syllabus by 10 to 20 percent. Mr. Pokhriyal assured students that if the current situation persists, then due consideration and time would be given to the students. 6)Regarding cancellation of NEET 2021:Mr. Pokhriyal asserted straight no on the question of cancellation of the NEET examination 2021 and added that a precious year of students should not get wasted.   ",44,"test1, result1, test2",JEE,1
Preparation tips for Chemistry for JEE Mains 2021,"Chemistry is all about concept and basics so student who is preparing for JEE Mains, have to read complete NCERT Book for preparation as it is considered to be the best book for preparation. Chemistry is often ignored by most of the students though it holds equal importance as the other two subjects. It can turn out to be an asset in boosting your JEE Main score, if given proper consideration.  Chemistry is divided into three different parts Organic, Inorganic and physical. In these three parts you have to set the main focus on organic chemistry because weightage of organic is high in JEE exam. Also Questions in the Chemistry section are considered unambiguous in nature, thus attempted questions have a low probability of getting negative marks.  There are different types of student, first ones are those who are a pro at all subjects and second one’s are those students who need JEE Main 2021 preparation tips for Chemistry as they find it hard to learn lengthy reactions and need some help. For such students, here is some information on what things they need more focus in the JEE Main exam.  Chemistry Syllabus in JEE Main: While preparing for JEE Main,the first step of starting the preparation is to be well aware of the syllabus. The detailed syllabus of Chemistry for JEE Main is given below. It is important to check that the candidate is not missing out on any topic as that can lead to a serious loss of marks in JEE Main. The syllabus of Chemistry for JEE Main is broadly classified into three sections of the subject. The sections are:  Physical Chemistry Inorganic Chemistry Organic Chemistry        S.No   Units   Topics     IIT JEE Main Physical Chemistry Syllabus 2021 (Section A)     1   Some Basic Concepts in Chemistry   Matter and its nature, Dalton's atomic theory; Concept of atom, molecule, element and compound; Physical quantities and their measurements in Chemistry, precision and accuracy, significant figures, S.I. Units, dimensional analysis; Laws of chemical combination: Atomic and molecular masses, mole concept, molar mass, percentage composition, empirical and molecular formulae; Chemical equations and stoichiometry.     2   States of Matter   Classification of matter into solid, liquid and gaseous states. Gaseous State: - Measurable properties of gases; Gas laws - Boyle's law, Charle's law, Graham's law of diffusion, Avogadro's law, Dalton's law of partial pressure; Concept of Absolute scale of temperature; Ideal gas equation; Kinetic theory of gases (only postulates); Concept of average, root mean square and most probable velocities; Real gases, deviation from Ideal behaviour, compressibility factor and van der Waals equation. Liquid State: - Properties of liquids - vapour pressure, viscosity and surface tension and effect of temperature on them (qualitative treatment only). Solid State: - Classification of solids: molecular, ionic, covalent and metallic solids, amorphous and crystalline solids (elementary idea); Bragg's Law and its applications; Unit cell and lattices, packing in solids (fee, bec and hep lattices), voids, calculations involving unit cell parameters, imperfection in solids; Electrical and magnetic properties.     3   Atomic Structure   Thomson and Rutherford atomic models and their limitations; Nature of electromagnetic radiation, photoelectric effect; Spectrum of hydrogen atom, Bohr model of hydrogen atom - its postulates, derivation of the relations for energy of the electron and radii of the different orbits, limitations of Bohr's model; Dual nature of matter, de-Broglie's relationship, Heisenberg uncertainty principle. Elementary ideas of quantum mechanics, quantum mechanical model of atom, its important features. Concept of atomic orbitals as one electron wave functions; Variation of t|/ and \|/2 with r for Is and 2s orbitals; various quantum numbers (principal, angular momentum and magnetic quantum numbers) and their significance; shapes of s, p and d - orbitals, electron spin and spin quantum number; Rules for filling electrons in orbitals - aufbau principle, Pauli's exclusion principle and Hund's rule, electronic configuration of elements, extra stability of half-filled and completely filled orbitals.     4   Chemical Bonding and Molecular Structure   Kossel - Lewis approach to chemical bond formation, concept of ionic and covalent bonds. Ionic Bonding: Formation of ionic bonds, factors affecting the formation of ionic bonds; calculation of lattice enthalpy. Covalent Bonding: Concept of electronegativity, Fajan's rule, dipole moment; Valence Shell Electron Pair Repulsion (VSEPR) theory and shapes of simple molecules. Quantum mechanical approach to covalent bonding: Valence bond theory - Its important features, concept of hybridization involving s, p and d orbitals; Resonance. Molecular Orbital Theory - Its important features, LCAOs, types of molecular orbitals (bonding, antibonding), sigma and pi-bonds, molecular orbital electronic configurations of homonuclear diatomic molecules, concept of bond order, bond length and bond energy. Elementary idea of metallic bonding. Hydrogen bonding and its applications.     5   Chemical Thermodynamics   Fundamentals of thermodynamics: System and surroundings, extensive and intensive properties, state functions, types of processes. First law of thermodynamics - Concept of work, heat internal energy and enthalpy, heat capacity, molar heat capacity; Hess's law of constant heat summation; Enthalpies of bond dissociation, combustion, formation, atomization, sublimation, phase transition, hydration, ionization and solution. Second law of thermodynamics: Spontaneity of processes; AS of the universe and AG of the system as criteria for spontaneity, AG"" (Standard Gibbs energy change) and equilibrium constant.     6   Solutions   Different methods for expressing concentration of solution - molality, molarity, mole fraction, percentage (by volume and mass both), vapour pressure of solutions and Raoult's Law - Ideal and non-ideal solutions, vapour pressure - composition, plots for ideal and non-ideal solutions; Colligative properties of dilute solutions - relative lowering of vapour pressure, depression of freezing point, elevation of boiling point and osmotic pressure; Determination of molecular mass using colligative properties; Abnormal value of molar mass, van't Hoff factor and its significance.     7   Equilibrium   Meaning of equilibrium, concept of dynamic equilibrium. Equilibria involving physical processes: Solid -liquid, liquid - gas and solid - gas equilibria, Henry's law, general characteristics of equilibrium involving physical processes. Equilibria involving chemical processes: Law of chemical equilibrium, equilibrium constants (Kp and Kc) and their significance, significance of AG and AG"" in chemical equilibria, factors affecting equilibrium concentration, pressure, temperature, effect of catalyst; Le Chatelier's principle. Ionic equilibrium: Weak and strong electrolytes, ionization of electrolytes, various concepts of acids and bases (Arrhenius, Bronsted - Lowry and Lewis) and their ionization, acid - base equilibria (including multistage ionization) and ionization constants, ionization of water, pH scale, common ion effect, hydrolysis of salts and pH of their solutions, solubility of sparingly soluble salts and solubility products, buffer solutions.     8   Redox Reactions and Electro-chemistry   Electronic concepts of oxidation and reduction, redox reactions, oxidation number, rules for assigning oxidation number, balancing of redox reactions. Electrolytic and metallic conduction, conductance in electrolytic solutions, molar conductivities and their variation with concentration: Kohlrausch's law and its applications. Electrochemical cells - Electrolytic and Galvanic cells, different types of electrodes, electrode potentials including standard electrode potential, half - cell and cell reactions, emf of a Galvanic cell and its measurement; Nernst equation and its applications; Relationship between cell potential and Gibbs' energy change; Dry cell and lead accumulator; Fuel cells.     9   Chemical Kinetics   Rate of a chemical reaction, factors affecting the rate of reactions: concentration, temperature, pressure and catalyst; elementary and complex reactions, order and molecularity of reactions, rate law, rate constant and its units, differential and integral forms of zero and first order reactions, their characteristics and half -lives, effect of temperature on the rate of reactions -Arrhenius theory, activation energy and its calculation, collision theory of bimolecular gaseous reactions (no derivation).     10   Surface Chemistry   Adsorption- Physisorption and chemisorption and their characteristics, factors affecting adsorption of gases on solids - Freundlich and Langmuir adsorption isotherms, adsorption from solutions. Catalysis - Homogeneous and heterogeneous, activity and selectivity of solid catalysts, enzyme catalysis and its mechanism. Colloidal state- distinction among true solutions, colloids and suspensions, classification of colloids -lyophilic, lyophobic; multimolecular, macromolecular and associated colloids (micelles), preparation and properties of colloids - Tyndall effect, Brownian movement, electrophoresis, dialysis, coagulation and flocculation; Emulsions and their characteristics.     IIT JEE Main Inorganic Chemistry Syllabus 2021 (Section B)     11   Classification of Elements and Periodicity in Properties   Modem periodic law and present form of the periodic table, s, p, d and f block elements, periodic trends in properties of elements atomic and ionic radii, ionization enthalpy, electron gain enthalpy, valence, oxidation states and chemical reactivity.     12   General Principles and Processes of Isolation of Metals   Modes of occurrence of elements in nature, minerals, ores; Steps involved in the extraction of metals -concentration, reduction (chemical and electrolytic methods) and refining with special reference to the extraction of Al, Cu, Zn and Fe; Thermodynamic and electrochemical principles involved in the extraction of metals.     13   Hydrogen   Position of hydrogen in periodic table, isotopes, preparation, properties and uses of hydrogen; Physical and chemical properties of water and heavy water; Structure, preparation, reactions and uses of hydrogen peroxide; Classification of hydrides - ionic, covalent and interstitial; Hydrogen as a fuel.     14   S - Block Elements (Alkali and Alkaline Earth Metals)   Group -1 and 2 Elements- General introduction, electronic configuration and general trends in physical and chemical properties of elements, anomalous properties of the first element of each group, diagonal relationships. Preparation and properties of some important compounds - sodium carbonate and sodium hydroxide and sodium hydrogen carbonate; Industrial uses of lime, limestone, Plaster of Paris and cement; Biological significance of Na, K, Mg and Ca.     15   p- Block Elements    Group -13 to Group 18 Elements- General Introduction: Electronic configurations and general trends in physical and chemical properties of elements across the periods and down the groups; unique behaviour of the first element in each group. Groupwise study of the p - block elements Group -13- Preparation, properties and uses of boron and aluminium; Structure, properties and uses of borax, boric acid, diborane, boron trifluoride, aluminium chloride and alums. Group -14- Tendency for catenation; Structure, properties and uses of Allotropes and oxides of carbon, silicon tetrachloride, silicates, zeolites and silicones. Group -15- Properties and uses of nitrogen and phosphorus; Allotropic forms of phosphorus; Preparation, properties, structure and uses of ammonia, nitric acid, phosphine and phosphorus halides, (PC13, PCI,); Structures of oxides and oxoacids of nitrogen and phosphorus. Group -16 Preparation, properties, structures and uses of ozone; Allotropic forms of sulphur; Preparation, properties, structures and uses of sulphuric acid (including its industrial preparation); Structures of oxoacids of sulphur. Group -17- Preparation, properties and uses of hydrochloric acid; Trends in the acidic nature of hydrogen halides; Structures of Interhalogen compounds and oxides and oxoacids of halogens. Group-18- Occurrence and uses of noble gases; Structures of fluorides and oxides of xenon.      16   d - and f - Block Elements   Transition Elements- General introduction, electronic configuration, occurrence and characteristics, general trends in properties of the first-row transition elements -physical properties, ionization enthalpy, oxidation states, atomic radii, colour, catalytic behaviour, magnetic properties, complex formation, interstitial compounds, alloy formation; Preparation, properties and uses of K2 Cr, 07 and Kmn04. Inner Transition Elements Lanthanoids - Electronic configuration, oxidation states and lanthanide contraction. Actinides - Electronic configuration and oxidation states.     17   Co-Ordination Compounds   Introduction to co-ordination compounds, Werner's theory; ligands, co-ordination number, denticity, chelation; IUPAC nomenclature of mononuclear coordination compounds, isomerism; Bonding-Valence bond approach and basic ideas of Crystal field theory, colour and magnetic properties; Importance of co­ordination compounds (in qualitative analysis, extraction of metals and in biological systems).     18   Environmental Chemistry    Environmental pollution - Atmospheric, water and soil. Atmospheric pollution - Tropospheric and Stratospheric Tropospheric pollutants - Gaseous pollutants: Oxides of carbon, nitrogen and sulphur, hydrocarbons; their sources, harmful effects and prevention; Green house effect and Global warming; Acid rain; Particulate pollutants: Smoke, dust, smog, fumes, mist; their sources, harmful effects and prevention. Stratospheric pollution- Formation and breakdown of ozone, depletion of ozone layer - its mechanism and effects. Water Pollution - Major pollutants such as, pathogens, organic wastes and chemical pollutants; their harmful effects and prevention. Soil pollution - Major pollutants such as: Pesticides (insecticides, herbicides and fungicides), their harmful effects and prevention. Strategies to control environmental pollution.      IIT JEE Main Organic Chemistry Syllabus 2021- Section C     19   Purification and Characterization of Organic Compounds    Purification - Crystallization, sublimation, distillation, differential extraction and chromatography - principles and their applications. Qualitative analysis - Detection of nitrogen, sulphur, phosphorus and halogens. Quantitative analysis (basic principles only)- Estimation of carbon, hydrogen, nitrogen, halogens, sulphur, phosphorus. Calculations of empirical formulae and molecular formulae; Numerical problems in organic quantitative analysis.      20   Some Basic Principles of Organic Chemistry   Tetravalency of carbon; Shapes of simple molecules -hybridization (s and p); Classification of organic compounds based on functional groups: and those containing halogens, oxygen, nitrogen and sulphur; Homologous series; Isomerism - structural and stereoisomerism. Nomenclature (Trivial and IUPAC)- Covalent bond fission - Homolytic and heterolytic: free radicals, carbocations and carbanions; stability of carbocations and free radicals, electrophiles and nucleophiles. Electronic displacement in a covalent bond - Inductive effect, electromeric effect, resonance and hyperconjugation.   Common types of organic reactions- Substitution, addition, elimination and rearrangement.     21   Hydrocarbons   Classification, isomerism, IUPAC nomenclature, general methods of preparation, properties and reactions.   Alkanes - Conformations: Sawhorse and Newman projections (of ethane); Mechanism of halogenation of alkanes. Alkenes - Geometrical isomerism; Mechanism of electrophilic addition: addition of hydrogen, halogens, water, hydrogen halides (Markownikoff s and peroxide effect); Ozonolysis and polymerization. Alkynes - Acidic character; Addition of hydrogen, halogens, water and hydrogen halides; Polymerization. Aromatic hydrocarbons - Nomenclature, benzene -structure and aromaticity; Mechanism of electrophilic substitution: halogenation, nitration, Friedel - Craft's alkylation and acylation, directive influence of functional group in mono-substituted benzene.     22   Organic Compounds Containing Halogens   General methods of preparation, properties and reactions; Nature of C-X bond; Mechanisms of substitution reactions. Uses; Environmental effects of chloroform, iodoform freons and DDT.     23   Organic Compounds Containing Oxygen   General methods of preparation, properties, reactions and uses. ALCOHOLS, PHENOLS AND ETHERS  Alcohols: Identification of primary, secondary and tertiary alcohols; mechanism of dehydration. Phenols: Acidic nature, electrophilic substitution reactions: halogenation, nitration and sulphonation, Reitner - Tiemann reaction. Ethers: Structure. Aldehyde and Ketones: Nature of carbonyl group;Nucleophilic addition to >C=0 group, relative reactivities of aldehydes and ketones; Important reactions such as - Nucleophilic addition reactions (addition of HCN, NH, and its derivatives), Grignard reagent; oxidation; reduction (Wolff Kishner and Clemmensen); acidity of a-hydrogen, aldol condensation, Cannizzaro reaction, Haloform reaction; Chemical tests to distinguish between aldehydes and Ketones. Carboxylic Acids- Acidic strength and factors affecting it.      24   Organic Compounds Containing Nitrogen    General methods of preparation, properties, reactions and uses. Amines: Nomenclature, classification, structure, basic character and identification of primary, secondary and tertiary amines and their basic character. Diazonium Salts: Importance in synthetic organic chemistry.      25   Polymers   General introduction and classification of polymers, general methods of polymerization-addition and condensation, copolymerization; Natural and synthetic rubber and vulcanization; some important polymers with emphasis on their monomers and uses - polythene, nylon, polyester and bakelite.     26   Biomolecules   General introduction and importance of biomolecules.  Carbohydrates - Classification: aldoses and ketoses; monosaccharides (glucose and fructose) and constituent monosaccharides of oligosaccharides (sucrose, lactose and maltose). Proteins - Elementary Idea of a-amino acids, peptide bond, polypeptides; Proteins: primary, secondary, tertiary and quaternary structure (qualitative idea only), denaturation of proteins, enzymes. Vitamins - Classification and functions. Nucleic Acids - Chemical constitution of DNA and RNA. Biological functions of nucleic acids.      27   Chemistry In Everyday Life    Chemicals in medicines - Analgesics, tranquilizers, antiseptics, disinfectants, antimicrobials, antifertility drugs, antibiotics, antacids, antihistamine - their meaning and common examples. Chemicals in food - Preservatives, artificial sweetening agents - common examples. Cleansing agents - Soaps and detergents, cleansing action.      28   Princ iples Related to Practical Chemistry   Detection of extra elements (N,S, halogens) in organic compounds; Detection of the following functional groups: hydroxyl (alcoholic and phenolic), carbonyl (aldehyde and ketone), carboxyl and amino groups in organic compounds. • Chemistry involved in the preparation of the following: Inorganic compounds: Mohr's salt, potash alum. Organic compounds: Acetanilide, p nitroacetanilide, aniline yellow, iodoform. •Chemistry involved in the titrimetric exercises -Acids bases and the use of indicators, oxalic-acid vs KMnO,, Mohr's salt vs KMnO,. •Chemical principles involved in the qualitative salt analysis: Cations - Pb2+, Cu!+, Af,+, Fe1+, Zn2+, Ni2+, Ca2+, Ba2+, Mg2+, nh;. Anions- CO,"", S2~, SO4"", NO"", NO~2, Cf, Br"", I"" . (Insoluble salts excluded). •Chemical principles involved in the following experiments: 1. Enthalpy of solution of CuS04 2. Enthalpy of neutralization of strong acid and strong base. 3. Preparation of lyophilic and lyophobic sols. 4. Kinetic study of reaction of iodide ion with hydrogen peroxide at room temperature.       Important Chapters in Chemistry: * Chemical Bonding * Periodic table * Carbonyl Compounds and their derivatives * Redox reactions, Mole Concept and the concept of equivalents * Solid-state, solutions and gases theory * Thermochemistry and the Second Law of Thermodynamics Some topics are important and easy! Don’t miss your revisions for these topics!    Easy to score: * Mole concept * Coordination chemistry * Alcohols, phenols, and ethers * P-block elements   Click here to know about best book for chemistry Understanding the variety and types in questions: If compared with Physics and Mathematics, it is difficult to study a pattern from the questions asked in JEE Main chemistry. There are more Variations in the pattern of JEE Main chemistry as compare to physics and mathematics. However, observing the paper, it can be easily inferred that most of the questions are theory-based and can be solved by studying NCERT books thoroughly. Following is a rough analysis of the questions asked in the chemistry sections:     Solved examples + Exercises given at the end of the NCERT textbook   15-20     Previous years’ question papers   15-20     Fact-based/out of NCERT   2-5       Stay Focused by selecting the Right Study Material It is truly said that less is more, so do not spend unnecessary time on books that seem too difficult or not relevant to JEE. Hence there is no need to master Atkins Physical chemistry by heart, read a couple of books repeatedly rather than 5 books once.  Initiate with NCERT and keep one reference book for each section. For inorganic chemistry NCERT + Past year question bank are enough For organic chemistry the Himanshu Pandey is enough.    Tricky but important is the key: Here are the chapters that are tricky but important:  Transition Element and Coordination Chemistry – 3 questions are asked each year on an average in JEE 3 questions are asked each year on an average in JEE of Periodic Table and Representative Elements  Chemical reaction is important. Do practice it many times. It is important to practice at least 50 different reactions daily as understanding chemical reactions can be extremely confusing.Please also note the conditions in which they occur. It will help you remember each chemical reaction better. Also, practice complicated questions related to these reactions. Prepare a list of reactions that you make a lot of mistakes in. Write them down on a blank sheet and refer to it often for quick short revisions.    Managing time and selection: During JEE Exam try to wrap up the chemistry section in less than 40 minutes, the additional time can be utilised in revision or solving lengthy mathematics questions and solve the chemistry section initially before maths and physics as chemistry is deemed to be less time consuming and easy it can be wrapped up easily.  Mock Test: For cracking JEE,solve as many mock tests and previous year papers. Not only you will get accustomed to solving questions in an exam like environment, but these mock tests will also tell you where you stand at a national level. Click Here For Free Mock Test   ",45,"chemistry, is, all",JEE,16
"JEE Advanced 2021 Exam Date (Out), Change of Criteria for JEE Advanced","Dates for JEE Advanced 2021 has been announced by Education Minister Ramesh Pokhriyal ‘Nishank’. The examination will be held on 3rd July 2021.  IIT Kharagpur will conduct the JEE Advanced exam 2021 as a computer-based exam across various test cities in 7 IIT Zones and Indian Institute of Technology (IIT) Bombay will release the JEE Advanced 2021 schedule soon. Apart from this, the education minister has scrapped 75% eligibility criteria in class 12 (for reserved category, it was 65%) from JEE Advanced and allowed third attempt for it. Candidates who missed JEE Advanced 2020 can appear in JEE Advanced 2021 without qualifying JEE Main 2021 according to JAB. As a result, the number of candidates for the final stage of the exam is going to increase. Other than announcing dates for the JEE Advanced 2021 exam, Union Education minister Ramesh Pokhriyal is also likely to ""speak on issues raised by students like an increase in the number of attempts for those who appeared for JEE Advanced 2020 amid COVID-19 restrictions, and syllabus cut. Merit list will be released by the National Testing Agency (NTA) and in 2021 the engineering examination candidates will get four attempts to qualify for the JEE Main examination with the first session taking place from February 23 to 26.   Click Here For Free Jee Mains Mock Test   JEE Advanced Exam Dates 2021     Events   Dates     JEE Advanced 2021 registration commences   4th week of May, 2021     Deadline for registration   1st  week of June, 2021     Publishing of Admit card   2nd week of June, 2021     Examination day   July 3, 2021     Publish of answer keys   To be Announced     Challenge of answer keys   To be Announced     Result declaration of JEE Advanced 2021   To be Announced         Do read it – JEE Mains 2021: Preparation Strategy for JEE Main February and Tips & Tricks for JEE 2021 ",46,"dates, for, jee",JEE,1
Maths,   titile test 1     tittle test 2   tittle test 3      ,47,"titile, test, 1",JEE,1
How To Prepare For JEE Main In Last Month?,"The last month is most crucial time of preparation.  One can count the number of days left for JEE Main exam. This exam has its own distinct elegance. The stress is normal in every exam but this stress can go to a whole new level when it comes to entrance exams like JEE Mains and Advance. A serious aspirant ideally must have completed the syllabus by now.Your preparation in these final months before the exam will have a major impact on your performance and JEE Main percentile, ranks and scores.The following points would, however, count.:   1)Time Allotment :This is the time to consolidate your preparation and ensure that you do extremely well in the actual JEE(Main) exam. In a day you may study all the three subjects Physics, Chemistry and Mathematics by dividing equal time to all the three subjects. Bear in mind that morning hours are the best to study comparatively tougher things and so these must be used for the portions you are weak at. 2)Revision Strategy: If you try to revise everything by going through your books chapter by chapterlike you did the first time. It will take you ages and you will still not able to finish off before the exam time table. Also do not try any new topics or the topics you had trouble while learning it. 3) Careful Planning: Don’t fail to realize your goals by studying in an exceedingly haphazard manner.With so less time in exam, your success can rely upon how effectively you arrange your resources. All three subjects i.e., Physics, Chemistry and Math are equally important for the JEE. Divide days and time in an effective way. 4)Test Series :It familiarize you with the exam environment and also give schedule to revise the subjects. Once you become habitual to test series, you don’t feel agitated or scared at the thought of unfamiliarity with the exam.  Click Here For Free Mock Test  5)Subject Expertise : Though all three subjects i.e. Physics, Chemistry and Math are equally important for the JEE so work hard on all three domains but gain expertise in your strongest portion. If your favourite subject is maths, then estimate most potential samples of maths as this can facilitate in increasing your rank in JEE.   One Month strategy Subject- Wise : 1) Mathematics : Maths need practice. So make sure of all these points :  Thorough with all the formula. Identify your strengths and weaknesses and work accordingly. Before attempting the question, understand and analyse the questions Lengthy topics and chapters should be avoided at this point of time. Practice previous year questions Make a routine of practising and solving questions every other day.    2) Chemistry: Chemistry is always considered easiest and elegant one as compares to other 2 subjects. It has three major parts – Organic, Inorganic and Physical Chemistry.  Pay Focus on NCERT books only. The exercises given at the end of chapters in CBSE Books must also be solved completely. Byheart all the formula. Understand the reason behind every question and try solving them.  3) Physics: This subject is considered tricky but some questions can be easily solved  Pen down the important formulae and results Physics requires a lot of consistent, conceptual and logical thinking so build a high level of critical and logical thinking Don’t mess with those subjects which you have not prepared before. Make a separate note of essential and complicated formulae and concepts. Analysis of Previous Year papers.  Some Exam rules : 1)If you think you can do that question then only do. Do not waste your time if you are unsure of it. 2)Fill the answer sheet properly. 3)Keep focus on your question paper, do not get distracted by watching other students activity. ",48,"the, last, month",JEE,3
test,,49,,JEE,1
JEE Main 2021: Last one month preparation tips for Maths.,"The only thing to do in the remaining 1 month is revision and more importantly quality revision. It’s not the correct time to make your weak topics strong but to master those topics at which you are good. Mock Tests in CBT(Computer Based Test)  are important, aspirants must take up mode to develop ones’ self-confidence & exam temperament. Also time Management is crucial to score more marks in the actual JEE (Main).   JEE Main Mathematics Syllabus 2021 List below provide the maths topic with expected no of questions and marks.     Name of the Topic   Expected Number of Questions   Expected Marks     Trigonometry   02   08     Matrix and Determinants   02   08     Probability   02   08     Matrix and Determinants   02   08     Co-Ordinate Geometry   02   08     Integral Calculus   04   16     Differential Calculus   07   28         Also Read:-   Preparation tips for Chemistry for JEE Mains 2021   How To Prepare For JEE Main In Last Month?   Free Mock Test      Important Topics in Mathematics : Quadratic Equations & Expressions, Complex Numbers, Probability, Vectors, Matrices in Algebra; Circle, Parabola, Hyperbola in Coordinate Geometry; Functions, Limits, Continuity and Differentiability, Application of Derivatives, Definite Integral in Calculus.   Important Tips for Maths   NCERT class XI and class XII textbooks should be your cup of tea now. To develop a sound confidence level,try to do as much as quality problems as possible. Every year there are 2-3 questions of same topics.you can prepare for these topics even if you don’t have any idea about other topics. To memorise and revise functions, formulas, and concepts use audio and visual learning aids  Create a strategy to maximise your performance by analysing your strengths and weaknesses during practice   Candidates can expect at least one question from the following topics -  Trigonometric Ratios Parabola Complex Numbers Integration Vector Algebra Probability and Statistics 3D Geometry Sequence and Series Circles and Family of Circles Inverse Trigonometric Functions    Revision Strategy :  Solve mock question papers by creating an examination hall-like atmosphere. Practicing questions from the past year papers is of utmost importance. Approach to retain your books, notebooks etc should be consistently systematic and planned. Try to eliminate these things like calculation errors, wrong interpretation ofthe question, etc.,  Things your school asks you to submit necessarily before the exams must have been prepared long before the exam dates.Ex- The notebooks for 'practical exam' or projects. Strengthen your grasp on those topics which are frequently recurring topics from previous years’ question paper.    Expert Tip:  In Mathematics, students are advised to avoid selective study. Don’t forget to take short breaks of five to ten minutes after every one or two hours of serious study. Relax completely when you take a break. Remember it is the quality of time spent and not the quantity alone. It’s normal to be stressed but don’t overstress yourself. Five to six hours of sleep every night is a must, especially three-four days before JEE Main 2020 for physical and mental fitness. Relaxation exercises may help to regain freshness. Avoid over-sleeping during the day.  ",50,"the, only, thing",JEE,2
"JEE Main Marks vs Percentile, JEE Main Cutoff 2021","It has become important to understand the normalization process, as the JEE Main exam is conducted four times this year. Students can claim their rank in the most confined manner by directing the calculations on JEE Main Percentile vs marks. The results for all candidates will be published in the form of percentile score and the scorecard which shall have only the percentile score of Physics, Chemistry, and Mathematics along with the total percentile score.  JEE Main Percentile Vs Rank 2021 Before we move ahead, Students will be eager to know what their JEE Main percentile score means and what rank they are likely to get based on their percentile score  Percentile scores are scores based on the relative performance of all those who appear for the examination. Basically, the marks obtained are transformed into a scale ranging from 100 to 0 for each session of candidates.            The formula to calculate the percentile score is as under: Total number of candidates who scored less than the highest rawscore / Total candidates appeared in the exam×100    Ranks are the performance scores of the candidates that are allotted based on the candidate’s score in the examination. So, the higher the JEE Main 2021 rank, the better institute, and preference will a candidate get.     By analyzing the past trends, we have calculated the expected JEE Main Percentile Vs Rank 2021 which is given below:       Percentile Scores (NTA Score)   Expected Rank     100   1     99   8746+     98   17,490+     97   26,235+     96   34,980+     95   43,724+     94   52,469+     93   61,214+     92   69,959+     91   78,703+     90   87,448+     85   1,31,171+     80   1,74,895+     70   2,62,342+     60   3,49,789+     50   4,37,236+     40   5,24,682+     30   6,12,129+     20   6,99,576+     10   7,87,023+     5   8,30,747+     0   8,50,000+         Slot wise Percentile Score Vs Marks Analysis (JEE Main 2020 (January Session))     Slot 1 (300 Marks) 9:30 AM to 12:30 PM     Percentile   07-01-2020   08-01-2020   09-01-2020     100   286   -   292     %   95.3%   -   97.3%     >=99   175   170   180     %   58.3%   56.7%   60%     >=98   140   140   142     %   46.7%   46.7%   47.3%     >=97   134   129   124     %   44.7%   43%   41.3%     >=96   120   115   115     %   40%   38.3%   38.3%     >=95   111   107   102     %   37%   35.7%   34%     >=94   101   94   97     %   33.7%   31.3%   32.3%     >=93   92   90   86     %   30.7%   30%   28.7%     >=92   87   85   80     %   29%   28.3%   26.7%     >=91   84   78   72     %   28%   26%   24%     >=90   73   75   67     %   24.3%   25%   22.3%     >=85   60   55   56     %   20%   18.3%   18.7%     >=80   50   49   43     %   16.7%   16.3%   14.3%     >=75   43   41   40     %   14.3%   13.7%   13.3%     >=70   37   36   35     %   12.3%   12%   11.7%           Slot 2 (300 Marks) 2:30 AM to 05:30 PM     Percentile   07-01-2020   08-01-2020   09-01-2020     100   -   291   -     %   -   97%   -     >=99   172   190   172     %   57.3%   63.3%   57.3%     >=98   136   154   143     %   45.3%   51.3%   47.7%     >=97   120   135   117     %   40%   45%   39%     >=96   116   117   115     %   38.7%   39%   38.3%     >=95   98   107   87     %   32.7%   35.7%   29%     >=94   94   99   82     %   31.3%   33%   27.3%     >=93   84   93   78     %   28%   31%   26%     >=92   79   87   74     %   26.3%   29%   24.7%     >=91   70   82   68     %   23.3%   27.3%   22.7%     >=90   65   78   60     %   21.7%   26%   20%     >=85   55   63   55     %   18.3%   21%   18.3%     >=80   47   50   47     %   15.7%   16.7%   15.7%     >=75   41   47   41     %   13.7%   15.7%   13.7%     >=70   35   41   34       Click here to see the Part-2 of this blog ",51,"it, has, become",JEE,2
"JEE Main Marks vs Percentile, JEE Main Cutoff 2021 Part-2","Click here to see Part-1 of this blog JEE Main Normalisation Procedure To equalise the difficulty levels of the exam when it is conducted in multiple sessions then normalization is incorporated. So NTA will declare the percentile in JEE Mains obtained after normalization.   It brings about the exercise of fair candidate scores taken across the multi-session papers, also the same as those acquired in educational examinations selected conducted in India.  The JEE main percentile score indicates the percentage of candidates scoring equal to or below the target given percentile, which is determined after the normalization process with the marks excelled by candidates. Next, compiling the raw marks, the NTA utilizes the percentile equivalence for the normalization process (formula) across subjects - Physics, Chemistry, Maths (PCM) as well as total. Notably, the highest/top score from each session will carry the same ideal percentile of 100. Those marks obtained in between highest and lowest scores are converted to proper Percentiles. The percentile score will be used to create the JEE Main merit list.    Things To Note For JEE Main Percentile Vs Rank  Percentile is neither the percentage score (which is the percentage of the maximum marks that you have secured) nor the raw marks (absolute marks secured by you). In case, there is a tie between two candidates, the tie-breaking policy will be used The highest marks in JEE Main 2017 were 350 and for JEE main 2018 it was for 360 marks. Don’t forget to normalize them to 300 marks if you want to verify old scores. Also, if the aspirant appears for JEE Main 2021 either in February, March, April or May session, all Total and Subject-wise Percentile Scores will be taken into consideration. A range of Ranks is provided for available adjacent marks and the final rank is predicted based on linear interpolation. The percentile score obtained indicates the number of candidates who scored less than or equal to your raw score.   JEE Main previous Years CutOff JEE Main 2020 Cutoff     Category   JEE Main Paper 1 Cut Off 2020     PwD   0.0618524     Common Rank List (CRL)   90.3765335     General-EWS   70.2435518     Other Backward Classes (OBC-NCL)   72.8887969     Scheduled Tribe (ST)   39.0696101     Scheduled Caste (SC)   50.1760245           Category   JEE Main Paper 1 Cut Off 2019 (Percentile)     PwD   0.11371730     Common Rank List (CRL)   89.7548849     General-EWS   78.2174869     Other Backward Classes (OBC-NCL)   74.3166557     Scheduled Tribe (ST)   44.3345172     Scheduled Caste (SC)   54.0128155     JEE Main Cutoff (2018, 2017, 2016, 2015, 2014)     Category   2018   2017   2016   2015   2014     UR   74   81   100   105   49     OBC   45   49   70   47   74     SC   29   32   52   50   70     ST   24   27   48   44   70        JEE Aspirant must secure a rank or cut-off, which is above the closing rank, in order to get admission in the NITs, IIITs, IIITM & IIITDM and other Central Government/State Government Funded Institutions. Having a lower rank than the cut-off of JEE Main 2021 (for a particular programme/institute) means the candidate will not be eligible for admission.    There are 2 types of JEE Main cutoff 2021.    The first is minimum marks to be eligible to apply for JEE Advanced. The second is the minimum rank needed to get admission in the NITs, IIITs, CFTIs, etc also known as the opening and closing ranks.  Cut-off 2021 of JEE Mains will be released category-wise, branch-wise and institution-wise. The cut-offs will vary from candidate to candidate as per the institution/course/category. Candidates must also know that the Cut-Off of JEE Main 2021 will be categorised under two different types. These two distinctive categories are Qualifying Cut-Off and Admission Cut-Off.   JEE Main Cutoff 2021 Qualifying- Expected     Category   Cutoff     Common Rank List (CRL)   90- 95     GEN-EWS   70- 75     Other Backward Classes (OBC-NCL)   70- 75     Scheduled Caste (SC)   50- 55     Scheduled Tribe (ST)   40- 45     PwD   1-2     ",52,"click, here, to",JEE,3
"JEE Mains Paper 2 Exam: Exam Tips, Important Topics, Syllabus","For B.arch and B.planning aspirant, JEE MAINS PAPER 2 is a widely know exam. It is conducted to shortlist candidates for admission in B.Arch/B.Plan courses in institutes like the School of Planning and Architecture (SPAs) and NITs. Questions in this exam are related to architecture making it necessary for the students to be familiar with famous national and international buildings. Additionally, the students need to have an idea about the related topics and exam pattern.   Exam Pattern of JEE Main Paper 2:     Particular   Details     Mode of Exam   Mathematics and Aptitude Test will be held as a computer-based test, while the drawing exam will be in offline mode     Exam Duration   3 Hours (4 hours for persons with benchmark disabilities)     Sections   Mathematics, General Aptitude, Drawing Skills/Planning     Number of Questions   Aptitude – 50, Mathematics – 30 and Drawing - 2/ Planning - 25     Marking Scheme   Every correct answer will fetch 4 marks, whereas 1 mark will be deducted for each incorrect response. In case of drawing questions, it will be of total 70 marks. The marks for each question will be mentioned along with it.       Study Tips:  If a student wants to know/ get some perspective about the Drawing test section of JEE Mains Paper 2, substantiate his/her study material with Engineering Drawing books. Draw the dimensions & try to analyse objects closely Drawing tests in arts is more about aesthetics. On the other hand, the drawing test of the Architecture entrance exam is more about the design ideas. Work on Drawing: To prepare for the Aptitude and Drawing tests, work on your observation skills and drawing  Solve previous year papers for JEE Mains and enough sample papers to develop pace and practice. You can even take online JEE Mains Paper 2 mock tests for practice. Note down the important formulas for Mathematics. While preparing for any topic of JEE Mains paper 2, make short notes.  You can prepare only when you are healthy, so do not forget to take care of your health.   To take online mock test: click here  JEE Mains Paper 2 (B.Arch) most important topics: Candidates must focus on these high scoring topics while preparing for the exam.  Colour texture, harmony and contrast. Three dimensional – perception: Understanding and appreciation of scale and proportion of objects, building forms and elements. Design and drawing of geometrical or abstract shapes and patterns in pencil. Transformation of forms both 2-D and 3-D union, subtraction, rotation, development of surfaces and volumes, Generation of Plan, elevations and 3-D views of objects. Creating two dimensional and three-dimensional compositions using given shapes and forms. Sketching of scenes and activities from memory, landscape.    To check the JEE Main paper 2 whole syllabus: click here   Guidelines for Exam Day: Below are some of the important items that the candidates should or should not carry to the JEE Main 2021 test centre. Also given are the documents that the candidates must bring to the examination centre without which they will not be allowed to appear in the exam. What to carry on exam day? The test-takers will be provided with a sheet for any rough work they do. Documents required:  Admit card and Undertaking  Passport-size photo Photo ID Sanitizer Transparent Water Bottle Certificates: PWD certificate issued by the Competent Authority, if claiming relaxation under PwD category.  JEE Main 2021 Paper 2 Cutoff The cut off scores of JEE Main 2021 are of two types – qualifying cut-off marks and admission cutoff marks. The NTA will release the qualifying JEE Main cut-off marks of papers. JoSAA will release the admission cut-off (opening and closing ranks) marks after the declaration of the result. The factors that determine JEE Main 2021 BArch cut off are:  Total number of applications received for a particular programme Number of aspirants appearing for JEE Main Paper 2 The difficulty level of the exam Total number of seats available The category under which admission is sought  ",53,"for, b.arch, and",JEE,3
Importance of Motivation | How to stay motivated | Talk with an IITian,"Maintaining focus during the critical period between mains and advanced is both the most vital and most ignored part of your journey. JEE Mains is around the corner and aspirants are going the extra mile to dig the victory flags in the upcoming JEE Mains exam. simply completing the syllabus is not enough! If you want to have an edge over your counterparts you need to step up your game. Preparation for JEE Mains requires a lot of hard work and determination. You have to be ready to even go through many sleepless nights to finish the vast JEE syllabus. But this means practicing and revising diligently while following a meticulous study plan that recognizes your strengths and takes care of all your weaknesses. You have to constantly motivate yourself to keep pushing until that exam date.   Here we are going to share some motivational points which will help you to stay motivated during the preparation for JEE Mains:    Setting Priorities: For clearing JEE Exam, you need to set priorities. Firstly, you need to clear out your mind. Think about what you want to achieve in the future. Do you want to be accepted into a premium or a well-known institute to pursue your engineering dreams? This will help you to keep motivated for studies and will keep you away from distractions. Daily Reward: If you keep a daily goal for yourself; it could be that you finish a certain topic that day or maybe you solve a set of difficult problems that day. Once you accomplish your goal, reward yourself with little treats. It could be playing your favorite game/ using social Media for few minutes. Whatever it is, take some time to reward yourself. This will rejuvenate your mind and subconsciously encourage you to achieve daily goals. Small Achievable Task: Make a small goal for yourself first like Doing 20 questions daily and then increasing the number. If you are overwhelmed by your JEE dream, focus on what you can do tomorrow, the coming week, then next week. Take small steps, celebrate your accomplishments, and keep improving. Keep in contact with your Good friends and teachers: Having good company is very important so surround yourself with people who motivate you daily to do more. Keep regular contact with your good friends and discuss what is to be studied and revised and share study plans. This will let you know the progress of your friends which in turn will make you more motivated to study. Being in contact with teachers to get help regarding some topics and the syllabus of JEE Main 2020 may also be a big motivating factor while studying. Be Confident: At the end of the day, it is you who will decide how you want to do this i.e., positively, negatively, motivated, unmotivated. Keep clear goals and work hard on achieving them. There may be times when you wish to give up, however, if you wish to achieve your dreams of studying engineering, hard work is essential. Mock tests give you confidence: By giving Mock tests and test series courses you get to know your weak points and your strength. Sit in a closed room in your home, set the timer to three hours, and then give the exam. It will also help you in learning to manage your time. Write down the number of questions you were able to attend and which questions you attempted wrong. Analyse your paper on your own to know which type of questions are challenging for you and which questions can be solved with ease. Also, practice skipping those questions in which you are not confident, or you think will consume your extra time. Don't skip them entirely, leave them for the last and if possible, solve them but don't sacrifice the time of other questions for a few questions.    For more reference, Check out this helpful video: JEE Motivation by an IITIAN <iframe allow=""accelerometer; autoplay; clipboard-write; encrypted-media; gyroscope; picture-in-picture"" allowfullscreen="""" frameborder=""0"" height=""315"" src=""https://www.youtube.com/embed/wmxu8Ge50cs"" width=""560""></iframe> ",54,"maintaining, focus, during",JEE,3
JEE Mains 2021 April Strategy | Best Book for JEE Advanced 2021,"Now that we are past the March attempt of IIT JEE Mains 2021, our strategies must focus on the April attempt of IIT JEE Mains 2021. This is a crucial time as a lot of IIT JEE aspirants are confused whether they should start preparing for JEE Advanced or should they focus on JEE Mains April. So here is Margdarshan trying to clear the clutter inside your minds and help you take the right path.    Let’s Analyse The JEE Mains March Paper    First things first, the March attempt paper was relatively tougher compared to the February attempt. That was expected, however, and we can safely assume that the coming attempts could be even tougher. In the March attempt, the Maths section was especially high on difficulty, while the Chemistry section consisted of tricky questions. It must be noticed though that a lot of chemistry questions were directly NCERT based, especially in the Organic and Inorganic Chemistry section.   Before We Dive Into The Strategy   One must evaluate where they stand after the March attempt before they begin further preparation. Once the answers are tallied with any answer key from a credible source, one can get a fair idea of where they stand in terms of the expected score. That understanding is crucial in strategizing further preparation for JEE 2021.   For Expected March JEE Mains Score Below 120   If one is expecting a March JEE Mains score of 120 or below, they can expect to secure a rank of somewhere between 15,000 and 20,000. Sure, there will be a few NITs and other good colleges that will be available to candidates with such a rank, but they will have to compromise with their branch. On the other hand, if they have strong branch preferences, they will have to compromise with the institute. Thus, it is suggested for these candidates that instead of going for JEE Advanced preparation, they must focus on giving the April attempt and scoring better. During this period they must focus on the following:    Thorough NCERT revision Solving PYQs Giving Mock Tests Periodically and Analyzing      For Expected March JEE Mains Score Between 120 & 150   For the expected March JEE Mains score between 120 and 150, the rank could lie somewhere between 7,000 and 15,000. At this rank, one could easily get NITs along with getting their preferred branches, as well as a few IITs too with middling branches. However, getting the Top branches at preferred IITs would be difficult. Thus, this category of students must strike a balance between preparing for JEE Mains April Attempt as well as JEE Advanced 2021. These students must focus on the following:    Mock Tests, focusing on accuracy Solving PYQs Revise Short Notes    For Expected March JEE Mains Score Above 150   Needless to say, the candidates with a score of 150+ must focus heavily on JEE Advanced preparation, while keeping a slight eye on JEE Mains April Attempt too. For these candidates, Margdarshan would like to suggest a few books to help them in their JEE Advanced Preparation. These books include    Maths - Arihant or Cengage Physics - D.C. Pandey (Objective) Organic Chemistry - Himanshu Pandey, O.P.Tandon Inorganic Chemistry - NCERT, J.D.Lee Physical Chemistry - R.K.Mukherjee    Along with these, the candidates must focus on Mocks and PYQs as they will help in both JEE Mains and JEE Advanced preparation. Additionally, candidates with score above 170 should give PYQs as a Mock Test only, preferably on alternate days, and focus on analysis on the same.   We hope the above information helps aspirants choose the right strategy. One can feel free to contact Margdarshan on Social Media or our helpline to get further guidance. Margdarshan wishes all aspirants the Best of Luck ! ",55,"now, that, we",JEE,3
"Preparation Strategies for Board Examination, Top 5 Strategies","While most of us are heavily focused on IIT JEE Mains or NEET preparation, one issue that a number of Competitive Exam aspirants frequently face is the constant dilemma of distribution of time and effort between JEE or NEET preparation and Board Exam preparation for class 12th. The major issue is that the majority of aspirants are not able to devise a clear and efficient strategy for board exam preparation, and therefore end up spending unnecessarily large amounts of time on it, thereby hampering their Competitive Exams preparation too.   At Margdarshan, we have come up with a set of 5 key pointers that, if followed, can help you strike the perfect balance, and will also ensure that you perform well in the Board exams too. Let's delve deep into this.   Proper and Planned Revisions   A big set of students usually complain post exams that even though they had studied certain topics, they weren’t able to fully justify that in the exam. The reason behind that is simple - lack of thorough revision. When you study a topic, it gets stored in your mind. Then, when you move on to the next topic and so forth, the memory of older ones begins to fade. Therefore, it becomes critical that before the exam, you do a thorough end to end revision of each topic. When you revise topics, your brain accesses old memory cells that got suppressed by the piling of more information, and therefore, the memory now becomes refreshed and there is a huge chance that you would be able to recall that topic in the exam.   Solve Previous Year Question Papers   One common thread in Board Exams across the country, whether it be State Board, CBSE or ICSE, is that a lot of questions from the previous years get repeated in the exam. As such, it helps to have gone through and solved the previous years’ question papers, especially for the last 10 years. Apart from the questions getting repeated, solving previous years question papers gives one an understanding of the pattern of question paper, the topical weightage, test taking practice and time management.   Planning Your Study Time Table   Board exams require conceptual knowledge as well as the ability to write descriptive answers. Therefore, the study needs to be elaborate and in depth, and the focus must be on being able to reproduce the whole concept in the exam. In such a scenario, your study plan must focus on detailed revision and detailed answer writing practice. One must plan their study time table in a way that high concept and high weightage topics get maximum coverage. Also, one must do a little research on best answer writing methods and get their answers checked by experts to ensure that they are up to the mark.   Will it help in Competitive Examination’s Preparation?   A lot of people treat Board Exams and Competitive Exams as separate entities. But the truth is, they are just two different pillars based on the same conceptual foundation. Essentially, every competitive exam is just a slightly more complex and application oriented test of the same concepts that one learns for board exams. Therefore, devoting time to Board exam preparation will only help you strengthen your base, which you can then build on for your competitive exams like JEE Mains, NEET, etc. Also, sometimes aspirants get stuck in competitive exams where they are unable to ascertain whether the methods and formulae they are applying are indeed applicable for the given question, and in such instances, having a sound base of clear concepts can come in handy.   We hope that the above pointers can help you prepare well for the Board exams without compromising on the Competitive Exam preparation. For any further help, feel free to reach out to Margdarshan, and we would be happy to help. All the Best! ",56,"while, most, of",JEE,3
How to prepare for JEE Advanced 2021,"JEE Advanced 2021 is ringing near and so is the student's anxiety. The leader of the competitive exams' bandwagon and the dream of thousands of scientific brains out there on the verge of entering college life, the JEE advanced is certainly not an easy nut to crack. One needs to be highly dedicated and smart in the preparation to be eligible for a seat in the IITs.  Amidst the growing uncertainties, a tentative date of JEE advanced 2021 is announced to be the 3rd of July 2021. But, the COVID-19 may again be a decisive factor in rescheduling the exam and there are pretty good probability of the exam getting postponed. But to keep yourself ready for every circumstance, it would be a wise take to be advance in your preparations rather than focusing on the date of the exam. To make your JEE advanced preparation more viable and exam-specific, here we provide a tailored strategy for the students. JEE Advanced Strategy As far as an airtight strategy for cracking JEE advanced is concerned, there is no ‘one size fits all scheme. But, some universal techniques are helpful for all:  Set your daily, weekly and monthly targets:  Taking the announced JEE Advanced date to be final, you have less than 2 months left for the D Day. So, set yourself productive and achievable targets on a daily, weekly and monthly basis. Divide your whole syllabus accordingly so that you can go through every topic of the curriculum well before the exam.  Don’t start Cramming  It is a general tendency of students to hop on cramming the concepts when the exam approaches near. This is the biggest mistake to beware of. Don’t compromise on the conceptual knowledge as it will pay to be your best weapon in the exam.  Turn to mock tests:  Almost all of the previous IIT qualifiers and specially toppers have briefed us on the significance of mock tests in getting you closer to success in the exam. So, don’t get loose on them, and practice at least one mock test daily. The best way to it would be to perform the mock test in proper time limit and real-time exam scenario. Trust us, each mock test will take you one step closer to success.  Analyze the mock test's results:  Take an hour for analyzing your mock test result daily. Scrutinize your strong and weak areas, note them down and spare 2-3 hours from your routine to work on the weak zones.  Finalize your sectioning scheme  To be in rhythm during the exam, prepare your pattern to be followed during performing the exam ready in advance. Prepare robust sectioning based on your weak and strong subjects.  Be always in the learning zone  Apart from study hours, you can use your miscellaneous time in preparation for the exam as well. Paste formula notes at various places like your room door, bathroom, exercise area, etc. This will help you memorize important formulas during showers, exercises and normal passing bys.    Important Points The perfect warrior never compromise on any vertical. Subjective preparations are first requirement towards clearing your exam. But, to be more pronounced in your exam rehearsal there are many other factors also to keep check on:  Keep yourself hydrated to be more concentrated, fresh and healthy for exam. Though the registration for the exam is not open yet, but once it opens complete your JEE Advanced registration on time to prevent last minute rush. Practice an hour of meditation and yoga to increase your productivity. Rely on healthy food to keep your health optimum. Try to stay away from negative news. Be in touch with friends and teachers to be updated regarding any developments.    Be ahead of the time and the race to mark up your name in your dream IIT. A perfect strategy and an earnest endeavor is all you need to call out successfully to the JEE advanced 2021.   ",57,"jee, advanced, 2021",JEE,3
JEE Mains Counselling 2021 Procedure | Steps to fill JoSAA Counselling,"Most of the science students carry a dream of pursuing their academic journey in either IITs, NITs or IITs. Just the thought of landing them in these premium institutes of the country thrills them, and you know what’s more thrilling? The Counselling for admissions! The aspirants of JEE Mains 2021 are in full spirits as the counselling for the same is approaching near for admissions to NIT's, IIITs and GFTIs. And, we know your mind is hovered by many questions now about the procedure and process of counselling. So, here is everything you need to know about JEE Mains counselling 2021. JEE Mains Counselling 2021 The complete process of JEE Mains counselling 2021 is undertaken by Joint Seat Allocation Authority (JoSAA). This year also, they will be scheduling it once the results are out. The counselling would be held through online mode. After JoSAA counselling, the leftover vacant seats will further be administered by Central Seat Allocation Board(CSAB) Steps in the Counselling   Registration- The students qualifying for the JEE Mains can participate in the counselling To initiate the process, the candidate needs to have to make online registration at the official website of JoSAA 2021. You have to use your JEE Mains 2021 roll number and password for logging in. All the fields must be filled accurately and after that, click the confirmation button. Choice Filling – Upon registration, the candidate needs to fill in preferred choices of institutions and courses they want admission in. It’s suggested to fill maximum choices for a maximum probability of getting admission. Once you fill in the choices, lock them or they will be automatically locked once the choice filling is closed. Mock Seat Allotment- Before provisional seat allocation, the JoSAA will conduct two rounds of mock counselling to make the process more comprehensive to the students. It will provide a better image to students of the probable institute they can get admitted to based on their scores. Analyzing the mock seat allotment results, candidate can change the choices. After the choice filling is closed, 6 rounds of subsequent provisional counselling will be held. Provisional Seat Allotment And Acceptance- Based on your scores, choices and cut-off marks, you will be allotted a seat at an institution from your preference list. To accept the seat, the candidate needs to make the fee payment through E-Challan or SBI net banking. Do keep the E-Challan receipt for further references. Candidates must also download the provisional seat allotment letter.  Once the candidate accepts the seat, he will be asked to choose from 3 options viz:  Freeze- You lock the institute you got admission at and do not want to participate in further rounds of counselling. Float- You lock the institute you got admission at, but want to participate in further rounds of counselling to know about more options. Slide- You are open to joining higher courses if available in the same institute you got admission to.  After the seat acceptance payment, the candidate needs to report to the assigned institute for document verification. Document Verification  Further developments in your admission include documents verification at the institute you get admission to. Following are the essential documents you need to carry for the verification:  Provisional Seat Allotment Letter issued by official JoSAA portal. E-Challan receipt as proof of online seat acceptance payment. A valid identity card(government-issued) 3 passport size photos similar to the one uploaded during candidate registration. JEE Mains Admit Card JEE Mains 2021 scorecard 12th class official mark-sheet Date of Birth proof Category card if applicable Disability documents if applicable.  How Can We Help? After months of preparations, waiting for results and all the stress and anxiety, it becomes tedious for students to carry on with the counselling process with all alertness. Margdarshan here becomes a significant help for you. We don’t just guide and help students during preparations for the exam but also throughout their counselling process. We help you in every step of counselling, from online registration to provisional admission.  Our well-versed experts do all the research and analysis to provide you with the most accurate prediction of the probable institute you can get admitted to. Based on it, you can make your preference list efficiently. Our successful history with many students in getting admission to their dream institute backs our words. So, be ready to chase your dreams as Margdarshan is always there to hold your hands at each step. ",58,"most, of, the",JEE,3
"JEE Mains 2021: Most important topics for Maths, Chemistry & Physics","Exam fever is up and high in JEE Mains 2021 aspirants, as with each passing day they are approaching closer to the decisive day of the exam. Not to mention, they are in all spirits to crack the exam and are seeking every way and trick to come out with flying colours and to boost their spirits, Margdarshan is always at their disposal. We sensed that students require working smart and the best way to do that is to focus upon the most important topics for JEE mains 2021. Emphasizing those topics that are most probable to show up in exam can be really helpful as it mends you more confidence and saves a good amount of time. Practically, it is the most vital step for smarter preparation. So, our dedicated experts, after deep research into previous exams and question patterns, devised a meaningful list of important and most important topics for JEE mains 2021. Here is the complete list for your reference: Physics Important topics:  Thermodynamics- Students can always expect 3-4 questions from thermodynamics and it has always been one of physics most important topics for JEE Mains. So, getting a good proficiency in it is always crediting in the exam. The main topics to become comfortable within thermodynamics for a good score are:   Carnot's Engine (especially the efficiency) Laws of thermodynamics Relationship between Cp and Cv Isothermal, Adiabatic and isobaric processes.   Electrodynamics- No wonders that electrodynamics is the bulkiest and weighted topic in JEE. You are sure to have 6-8 questions from this area in your JEE mains 2021. So, the topics from here to practice deeply are:   Coulomb's law Potential due to point charge and system of charges. Relation between field and potential  Electric dipole and flux Capacitors Gauss's law Potential energy due to charged sphere with cavity.   Optics- anyone can swear on the possibility of optics being the most certain presence in JEE exams. Being a wide topic, it can take a good time to prepare. So here are the optical physics important topics for JEE mains from the syllabus:   Reflection/refraction Snell's law Laws of refraction Total internal reflection Combination of lenses Mirror equation Refraction through prism Dispersion of light   Magnetism- It is certain to expect a good weightage to the magnetism part in physics as each year we get to see it covered in the exam. The main topics to appear most commonly are:   Magnetic force and field Lorentz force Magnetic force on a current-carrying conductor Biot Savart law Ampere circuital law Force between two parallel current-carrying conductors Solenoid and toroid Magnetic force on axis of current-carrying loop   Modern Physics- Each year we can see at least 2-3 questions from modern physics. Since the topic is too big and a bit difficult, so you can opt for the following subtopics for more concise preparation:   Atomic physics X-ray De-Broglie wavelength Binding energy and nuclear stability Decay law Mass-energy equivalence   Semiconductor and Alternate Current- Semiconductors and Alternate currents do not have too much weightage in the exam but can be scoring due to repetitive questions. The most probable concepts used from these topics in the exam are:   Resistance and reactance AC circuit Choke coil   Fluid Mechanics- fluid mechanics always gets its special slot in the most important topics for JEE mains and if you want to score good, it won’t be wise to skip on following topics:   Calorimetry Critical velocity Stoke's law Terminal velocity Bernoulli's theorem Viscosity  Poiseville's formula    Chemistry Important topics:    Organic Chemistry – Organic Chemistry might be a strength for some and a weakness for others, but it is essential for exam undoubtedly and certainly needs a good space in the list of most important topics for JEE mains. You cannot hope of making it big in JEE exams if you do not master the following key topics from organic chemistry:   Tautomerism and stereoisomerism Aromatic compounds Hydrocarbons- halogenation of alkanes, reducing and oxidizing agents, electrophilic substitution Haloalkanes- polyhalo compounds, SN and elimination reactions Alcohols- esterification, industrial preparation, oxidation, glycerol, glycol,  Ethers- HX reaction, ring-opening Carbonyls- testing methods, polymerization, conjugate reactions, condensations Carboxylic acids- Grignard reaction, decarboxylation, heating effects Amines- aromaticity, azo coupling  Inorganic Chemistry- Inorganic chemistry can be tricky but when it comes to JEE exam, it is more specific. You can expect a good number of questions from the following topics:     Periodic table- Ionisation energy, electronegativity, exceptions Chemical bonding- VSEPR, MOT, hybridization, dipole moment, Hydrogen bonding,  Coordination compounds- Nomenclature, CFT, Electronic configuration, s-p-d blocks Metallurgy and qualitative analysis-   Physical Chemistry- physical chemistry can be most scoring in the chemical zone of the exam. If you make the chemistry important topics for JEE mains from this section your strength, then it can add much to your overall scoring:     Atomic structure- mole concept, stoichiometry, Avogadro's law, Normality, Dulong-Pettit law, ionic strength, rudimentary, Dalton's theory, Rutherford's scattering experiment, De-Broglie hypothesis, Heisenberg's Uncertainty principle Thermodynamics and Kinetic theory- first and second law of thermodynamics, joule-Thompson expansion, enthalpy, Kirchhoff’s equations, kinetic theory laws, ideal gas equation, Maxwell distribution, real and ideal gases Solid State- types of solids, Bragg's equation, packing factor Surface chemistry- adsorption, catalysis, Bredig's arc method, Hardy Schulz law, Ostwald’s theory Equilibrium – chemical and ionic equilibrium, stoichiometric representation, Henry’s law, Le Chateller's principle, reversible reaction. Common ion effect, Bronsted Lawry concept, buffer solution Electrochemistry- Faraday's laws, resistance, conductivity, electroplating, Kohlrausch's law, ionic mobility.  Mathematics Important topics Mathematics is most favored subjects by maximum portion of JEE aspirants and to crack through this section, it would be helpful to know maths important topics for JEE mains. Our experts this deliver you to the crisp list of the topics, you are certainly going to witness in the exam.  CALCULUS   Application of derivatives Definite integrals Application of integrals Functions  Continuity and differentiability Limits Tangents and Normals Rate measurement Maxima and minima Area under curves   CO-ORDINATE GEOMETRY   Circle Parabola Hyperbola Straight lines (Most important) Conic sections Properties of triangles   ALGEBRA   Vector and 3D (Most important) Quadratic equations Sequence and Series Permutations and Combinations Probability Complex Numbers-  Matrix and Determinants Binomial theorem   Trigonometry   Trigonometric ratios Heights and distances Inverse trigonometric functions  We do not claim it that all the questions in the exam will appear from these topics only, but we can assure you that a maximum portion will be covered from these topics only. If you make these most important topics for JEE mains your best friend, no way you don’t crack through the exam.  So, focus on smart and fast preparation to extract maximum out of time with this checklist of important topics for JEE mains 2021 from experts ",59,"exam, fever, is",JEE,5
NEET Latest News| Important Topics for NEET 2021,"In India, stuffed coaching centres and brimming streets of educational neighbourhoods like Kota, Mukherjee Nagar, etc. pronounce that how deeply the fever of competitive exams have ingrained into the minds of students and parents. From very innocent years of middle schools, they start dreaming and preparing to crack the mighty tests to secure a seat in premium institutes of the nation. No doubts NEET is among the pioneers of competitive exams and each year we get a fresh new bunch of aspirants seeking to break through this rock.  Amidst all the speculations and latest news about 2021 made on the date of the exam, no concrete claim is yet made by officials. The latest developments signals that NEET 2021 can be held in September owing to the probable C.B.S.E Board exams in July-August. On 1st of June, the C.B.S.E will declare their decision and after that the picture will be more clear on when the exam may be held. The official date remains to be disclosed. For students, now is high time to focus on their preparation more vividly as time constraints are blurred due to changing NEET 2021 latest updates. Margdarshan has always endeavoured in keeping students away from herd psyche and our generous efforts are driven towards providing students with nuanced and viable exam tips. Keeping up the tradition, here we are to help you with the most important topics for NEET 2021, to help you put your preparation on the fast track. Biology Having maximum weightage in the medical entrance, biology is definitely the most emphasised subject and knowing the important topics of biology in NEET 2021 can boost up your NEET exam strategy to better levels. So, here are the topics that you must ace to jump up your score:  Diversity of Living Organisms: Since the NEET exam is very much time specific so you can expect many direct questions. The diversity of living organisms has a good scope of direct questioning and thus makes it a very important chapter for the exam:   Plant and animal kingdom- features of gymnosperms and pteridophytes, different types of algae, algae pigments. Biological classification- features of Fungi, Monera, Protista.   Structural organisation in plants and animals :   Morphology of flowering plants and anatomy of leaf, stem and roots. Structural organisation in animals- functions of animal tissues, epithelial tissues.   Cell Structure and functions: This topic is quite significant from an exam point of view as you can find a good amount of questions from here in the exam. Following topics are most expected to appear:   Cell cycle and division- mycoplasma, ribosomes, chromosomes, mitochondria, nucleus, chloroplast Meiosis   Plant Physiology: animal-plant physiology and is something to ace at the very first as these two topics add up to nearly 25 questions in the exam. So, you can see the stakes. Mastering these is undoubtedly mandatory:    Plant growth and development- phases of growth, arithmetic and geometric growth, plant hormones, seed dormancy, Transport and respiration in plants- Transpiration pull, photoperiodism,  Mineral nutrition- nitrogen cycle, mineral deficiency Photosynthesis- C3, C4 cycle, photorespiration, light reaction, electron transport, pigments involved.   Animal Physiology   Chemical coordination and integration- endocrine system, hormones, hypoactivity, hyperactivity Digestion and absorption- digestive disorders, hormones and enzymes, absorption of proteins, carbohydrates and fats. Respiration: balance sheet, amphibolic pathways, respiratory quotient, aerobic respiration Excretion- modes, disorders and mechanism of the urinary system, kidney, micturition Circulation- pathways and disorders in the circulatory system, blood, lymph, blood flow, cardiac activities Neural coordination: eye, ear, neuron, disorders, reflex action arc Locomotion and movement: muscle, joints, skeleton, disorders   Reproduction: Covering up the most t important topics from reproduction is certainly going to pay as you are definitely going to face a generous amount of questions from here:   Reproductive health Human reproduction Organism reproduction Flowering plants sexual reproduction   Genetics and Evolution: any student who is determined to crack through the exam, cannot compromise with this section of biology. Having a decent proportion in the question paper can add evidently to your score:   Evolution- Darwin’s contribution, gene drift, Hardy-Weinberg's principle, adaptive radiation, theory of evolution Inheritance- Mendel’s laws and deviations, sex determination, chromosomal theory, genetic disorders.   Biotechnology: It may not be too big of a topic but it’s scoring potential is high, as it is easy and expected as well in the exam:   Principles and processes- applications   Ecology: Don’t expect less than 8-10 questions from ecology in your exams and that makes it one of the most important topics. Though, it is quite easy and scoring, but, you need to master it to prevent any loophole:   Biodiversity: pattern, loss, conservation of biodiversity Ecosystem- Darwinism, natural selection, genetic disorders    Physics Important topics:  Thermodynamics- students can always expect 3-4 questions from thermodynamics and it has always been one of physics most important topics for NEET. So, getting a good proficiency in it is always crediting in the exam. The main topics to become comfortable within thermodynamics for a good score are:   Carnot's Engine and refrigerator Laws of thermodynamics Relationship between Cp and Cv Isothermal, Adiabatic and isobaric processes. Reversible and irreversible processes   Electrodynamics- You are sure to have a good amount of questions from this area in your NEET exam 2021. So, the topics from here to practice deeply are:   Coulomb's law V-I relationship Relation between field and potential  Electric dipole and flux Capacitors Gauss's law Wheat stone bridge Potentiometer Cell arrangement Resistance Potential energy due to charged sphere with cavity.   Optics- anyone can swear on the possibility of optics being the most certain presence in jee exams. Being a wide topic, it can take a good time to prepare. So here are the optical physics important topics for NEET from the syllabus:   Reflection/refraction Snell's law Laws of refraction Total internal reflection Combination of lenses Mirror equation Refraction through prism Dispersion of light Human eye     Magnetism- It is certain to expect a good weightage to the magnetism part in physics as each year we get to see it covered in the exam. The main topics to appear most commonly are:   Magnetic force and field Lorentz force Magnetic force on a current-carrying conductor Biot Savart law Ampere circuital law Force between two parallel current-carrying conductors Solenoid and toroid Magnetic force on axis of current-carrying loop   Modern Physics- each year we can see at least 2-3 questions from modern physics. Since the topic is too big and a bit difficult, so you can opt for the following subtopics for more concise preparation:   Atomic physics X-ray De-Broglie wavelength Binding energy and nuclear stability Decay law Mass-energy equivalence   Semiconductor and Alternate Current- Semiconductors and Alternate currents do not have too much weightage in the exam but can be scoring due to repetitive questions. The most probable concepts used from these topics in the exam are:   Resistance and reactance Transistor AC circuit Logic gates Zener diode Choke coil   Work, Energy and power: Since the NEET exam counts for more conceptual and direct formula based questions, you can expect much from this zone:   Collisions Work-energy theorem Power   Rotational motion and Gravity: These two topics have been favourites to NEET exam and you cannot skip them for a considerable score:   Center of mass and gravity Parallel and perpendicular axis theorem Rolling motion Torque, angular momentum  Kinematic equations    Chemistry Important topics:    Organic Chemistry – Organic Chemistry might be a strength for some and a weakness for others, but, it is essential for exam undoubtedly and certainly needs a good space in the list of most important topics for NEET. You cannot hope of making it big in exams if you do not master the following key topics from organic chemistry:   Tautomerism and stereoisomerism Aromatic compounds Hydrocarbons- halogenation of alkanes, reducing and oxidising agents, electrophilic substitution Haloalkanes- polyhalo compounds, SN and elimination reactions Alcohols- esterification, industrial preparation, oxidation, glycerol, glycol,  Ethers- HX reaction, ring-opening Carbonyls- testing methods, polymerization, conjugate reactions, condensations Carboxylic acids- Grignard reaction, decarboxylation, heating effects Amines- aromaticity, azo coupling     Inorganic Chemistry- Inorganic chemistry can be tricky but when it comes to NEET exam, it is more specific. You can expect a good amount of questions from the following topics:     Periodic table- Ionisation energy, electronegativity, exceptions Chemical bonding- VSEPR, MOT, hybridization, dipole moment, Hydrogen bonding,  Coordination compounds- Nomenclature, CFT, Electronic configuration, s-p-d blocks Metallurgy and qualitative analysis-   Physical Chemistry- physical chemistry can be the most scoring in the chemical zone of the exam. If you make the chemistry important topics for NEET 2021 from this section your strength, then it can add much to your overall scoring:     Atomic structure- mole concept, stoichiometry, Avogadro's law, Normality, Dulong-Pettit law, ionic strength, rudimentary, Dalton's theory, Rutherford's scattering experiment, De-Broglie hypothesis, Heisenberg's Uncertainty principle Thermodynamics and Kinetic theory- first and second law of thermodynamics, joule-Thompson expansion, enthalpy, Kirchhoff’s equations, kinetic theory laws, ideal gas equation, Maxwell distribution, real and ideal gases Solid State- types of solids, Bragg's equation, packing factor Surface chemistry- adsorption, catalysis, Bredig's arc method, Hardy Schulz law, Ostwald’s theory Equilibrium – chemical and ionic equilibrium, stoichiometric representation, Henry’s law, Le Chateller's principle, reversible reaction. Common ion effect, Bronsted Lawry concept, buffer solution Electrochemistry- Faraday's laws, resistance, conductivity, electroplating, Kohlrausch's law, ionic mobility.  To catalyze your preparation, this list of topics devised by our experts can be really helpful. So, doctor them successfully to be one through NEET 2021.    ",60,"in, india,, stuffed",JEE,7
Impact of 12th Board Cancellation On JEE/NEET Exams,"The COVID scenario brought to us many unanticipated circumstances and historic events. Before the pandemic, no one would have imagined even in their wildest dreams that one day the whole nation would be locked down. The new normal way of life was never expected before 2020. And now, one of the most unexpected take-ups in the history of the Indian Education system created a wave of shock, uncertainties and debates, and that is the Cancellation of 12th Board exams. The 12th board exams used to be a milestone in the academic lives of students and they were the decisive factor of their further ventures. It is for the first time that these prominent exams are cancelled. Amidst all the cuss, the most concerned crowd is the students preparing for JEE/NEET and university entrances. They are left in a pool of uncertainties on what would be next? Following our traditions, Margdarshan is again out to help you with all the future possibilities after the board cancellation. Here is all you need to know about board cancellation and its impact on JEE/NEET 2021 and university admissions. All about 12th board cancellation: On the first of June 2021, the government announced cancelling of C.B.S.E 12th board exams given to the pandemic. The evaluation and assessment of the students will be made on a fair and efficient pattern, which was added by the officials. After the C.B.S.E and CISCE board cancellation, many state governments like Uttar Pradesh, Haryana, Maharashtra, Gujarat, Madhya Pradesh, Uttarakhand, Goa, Rajasthan and Odisha also scrapped the 12th board exam. Other states are yet to decide on the decisive exams. Impact of 12th Board Cancellation on JEE 2021 and NEET  2021 After the cancellation of the 12th board exams, now the concern is again narrowed down to the two most significant entrance exams, JEE and NEET. A review committee is being organised to make clear decisions of when the remaining phases of the engineering entrance exam and medical entrance will be held.  The cancellation of the two major entrances seems to a no possibility as admission to premium engineering and medical colleges can be done only on solid grounds. Institutes cannot afford to scrap a complete year curriculum. According to the official NEET 2021 Website launched on 2nd June 2021, the application process for NEET 2021 will start soon, but, there is no concrete information regarding the date of the exam. Possibilities are that the exam may be held in the first week of September.  The review committee will soon come up with some clear information on both exams. Till now the decision if C.B.S.E on 12th board exams was being awaited for next decision on the major entrances. Now since it is out,  cancellation of the 12th board exams is going to have a significant impact on the entrance exams. Students may expect a rise in competition as now these are the only exams to evaluate the credibility of students academically. Also, since the syllabus of the exams was never shortened as of C.B.S.E exams, a thorough revision of the complete syllabus must be done to get a breakthrough score. Impact on Preparation: It is needless to say that the 12th board cancellation is going to pose a great impact on the momentum of the preparation of JEE/NEET aspirants. For some, it’s going to boom, it is going to face a speed breaker. How? Here are the two scenarios:  For students who were passionate only about the entrance throughout would be a lot more relaxed now, as the extra burden of board exams is taken off them now. All they have to focus upon now is their dream entrance exam. This way they can get more time and attention space for their preparation. Some students were equally dedicated to their board percentage as they were for entrance. Now, since the exams are scrapped, so are some of their expectations and confidence, as the C.B.S.E 12th class assessment criteria are yet not clear. The thoughts of not getting an expected or deserving score might puzzle their mind a bit and distract them from their entrance preparation.  For both cases, the time now is just to focus on entrance preparation, as that is the only certainty present. Also, the option provided by C.B.S.E to take the exam upon dissatisfaction with assessment score should be kept considered. The smart move would be to focus completely on your entrance without wasting any more time. Other Universities' Take on Admission processes If we go beyond JEE and NEET, then there are many other universities where admissions were subjected to a merit list based on the 12th board percentage. Coming from the office of Delhi University, CUCET is the most probable option for admissions now. Other options that have a potential future in admission criteria under these unprecedented circumstances are:  Some engineering, science or medical universities might use the JEE/NEET score for admissions Private entrance exams can be held by universities The scores that will be announced by C.B.S.E on new norms can be used for setting a merit list.  What Should Students' Do Now The COVID scenario has taken a huge toll on the students. Ever developing uncertainties is making it tough for them to be focused on a goal. But, to come out from this situation as a winner, consistency and determination is the only way. Here are few tips for the students to keep up their momentum:  Drag in all your focus on your entrance preparation. Stay away from rumours. Be positive(psychologically, not COVID) Stay motivated  Margdarshan is always on their toes to keep you informed with authentic updates. So, just focus on your preparation and leave it on us to keep you tracked with all the latest information about JEE mains 2021, NEET 2021 and other academic information. ",61,"the, covid, scenario",JEE,4
NEET 2021 Free Test Series| Free NEET Test Series,"All the students who look up to themselves in medical coats with a stethoscope decorated around their neck know the significance of the NEET 2021 exam in realizing this dream. Each year lakhs of students sit for this premium medical entrance exam to open their doors towards a fancy medical world. But, only a handful of them is able to make it to the list of prominent medical institutes by cracking this mighty test. The difference between the bulkful of appearing students and a handful of clearing students lies between the days of dreaming and execution. It solely lies in one's preparation. Those who go to extra miles in their efforts and extra brains on their preparation strategies are the ones who easily crack through the toughest medical entrance. Apart from all the dedication and persistence, one strong factor that determines one's success in the exam is how much ready you are for the exam. If we go by the wisdom words of medical alma maters, practising NEET mock test series is the best way to achieve practical readiness for the actual exam. So, here we present a viable test series straight out from deep research of our experts for all NEET aspirants. Benefits of Taking Mock Test Series All your preparation, pouring down of concepts in mind, years of hard work and dreams can all shrink to point O, if you surrender to anxiety, stress and panic on the day of the exam. Taking realistic test series in a real-time environment and settings can save you from this traumatic situation well in advance. Giving enough mock tests before the actual exam can help you in so many ways:  Time Management: By practising Online mock test series will give you an exact idea of managing your time in an actual exam. This way you will not be hustled or confused during your actual exam. Increased Output: While performing a test series you go through a range of concepts in 180 minutes. This helps you in spanning a wide area of the important syllabus in a limited time. Strong and Weak zones: The test series will help you know about the weak and strong areas of your syllabus and analyzing them efficiently will let you know where to devote more time now. Sitting practice: By practising test series, you will be habitual of giving 3 hours of continuous exam sitting and it will be beneficial during the actual exam. Mental preparation: Psychological strength matters equally as conceptual strength. Practising the test series will mentally prepare you for the exam. Confidence: With each test series you take, you will get an additional unit of confidence for your actual exam and you will not face any panic during your actual exam.  Step by Step Guide  Visit the official Margdarshan website on any of your mobile, laptop or desktop computer.  Enter the Test Series page and choose your preferred exam from the pop down. For the free NEET test series, you will be directed to a new page where you will find options from subjective or complete test series. You can opt as per your choice. On clicking on the mock test series, you will be directed to the general information page similar to the one you can expect during the actual exam. Read information carefully and at the end click on the confirmation square. Without confirming, you cannot proceed further. On clicking on submitting, you will be asked to log in through a pop-up. You can either log in now or at the submission of the paper. You can log in with your email ID and password. After submitting the declaration page, you will be directed to your question paper and the time will start. One question will be displayed on the screen at a time and you have to choose your answer by clicking on the circle in front of the option. The circle of the chosen option will fill out automatically. On answering you have to click on Save & Next and if you want to review it afterwards then click on Review later. If you don’t save your answers then they will be automatically saved upon submission. You can shuffle between questions from the Question Palette at the bottom of the page. Shuffling between subjects can be done by choosing from the pop-down panel by clicking on the top right corner of the screen. You can view your answered, not answered, not visited, to be reviewed and answered but marked for review questions in the question palette. Upon completion of the paper, submit it. Over submission, you will be asked for ratings and log in. Logging in will help you keep track of your scores and tests to analyze your growth. You can view a complete analysis report after logging in and a detailed solution is available with each question to clear your doubts. You can view other students' result too if you want to compete.  Why Margdarshan? We are pretty sure that you can find an ocean of mock tests and test series over the internet, so you need a strong reason to rely on the test series provided by Margdarshan. The reason persists in your trust in us and our dedication to provide you with the best. The key features that are enough to entrust you with the free online NEET test series provided by us are:  These are developed by industry experts with deep research. All the blueprint and weightage standards are followed as per the actual exam by NTA.  A realistic approach subsists the exam and no random questions without exam point of view are stuffed in the series. A real-time exam pattern of both question paper and conducting software are employed to provide you with the most authentic experience. You will get the most accurate and fastest possible solutions to all the problems by our subjective connoisseurs after logging in. Any discrepancies with any problem or solution will be discussed on priority. Instant and precise evaluation will be made by our smart and curated system. You can check your results and responses any time you want on your account to keep track of your progress.  All our endeavours are inclined in providing you with the most robust study and preparation material for you to save your precious time when the exam is ringing near each day. So, without wasting time in putting second thoughts, start with your real preparation by taking the test series.   How to use free online test series to the fullest Practising mock test series is definitely going to help you evidently in your exam, but here are some tips to use them to maximum output and benefit:  Don’t cheat with questions or time during the mock test. Give it in a single sitting without pause to get a real estimate. Practice it in real-time conditions of desk and chair in an isolated room with no disturbance. Don’t quit before the actual time and perform it without worrying about scores. With each test, you will witness your score and efficiency scaling up. After completing and submitting the exam, give generous time to analyze it. Trace your strong and weak areas and note down the factors to work upon for the next exam. The analysis is as important as is giving the test.  Conclusion. With each rising sun, you are getting closer to the deciding day. So, extract maximum out of your time by performing our free online NEET test series and get closer to your dream with each passing moment.  ",62,"all, the, students",JEE,6
CBSE Class 12th Marking Scheme| CBSE Latest News on Marking Scheme,"After the historic take of C.B.S.E on the 1st of June 2021 on cancelling class 12th board exams, the students were all inquisitive about how they are going to be evaluated now and when would C.B.S.E class 12 result will be declared. The wait is over, as the 12-member committee set by the Education Ministry to develop robust and fair criteria of evaluation has finally come out with their 12th class marking scheme. The attorney general presented the scheme in front of the Supreme Court on 17th June 2021. After listening to the attorney general, the supreme court declared to pass the final orders on the same on 21st June 2021. Now you all must be on the edges of your seats to know exactly what’s in the marking scheme. So, here is a detailed explanation of the scheme proposed by the committee for the Class 12th evaluation. Highlights of the new scheme  According to the scheme, class 12th result will be developed from the performance of students in class 10th, 11th and 12th by far. The committee referenced a ratio of 30:30:40 for class 10th, 11th and 12th contribution to the result. The only theory part of the exam will be evaluated by these criteria.   30% proportion will be from the average of best three subject's theory score in class 10th final exams. 30% proportion will be from class 11th final exams theory result. 40% proportion will be from class 12th unit/sessional/pre-board exams theory result.   Practical marks will be based on the 12th class only. The schools are guided to set a committee headed by the principal and two PGT teachers to determine the result for their school students. The result is said to be out by 31st July 2021 and Supreme Court has ordered the committee to come out with a strong grievance redressal pattern for the students. The students unsatisfied with the results will be given the option to appear for a physical exam after the COVID conditions become conducive.  Benefits The scheme is developed by reliable think tanks of the education ministry, so we cannot simply rule it out. Apart from helping avoid physical exams in these dreadful conditions, the scheme also has some more benefits:  Three academic years of a student will be considered for evaluation, the students who couldn’t perform well during a pandemic can be backed by their previous better results. The inclusion of theory scores only makes it more credible as knowledge is kept as the base of evaluation. The choice of appearing for the physical exam for students not contended with the result opens the door for normal evaluation as well.  Loopholes It is practically impossible to create a scheme that is foolproof and is acceptable to all. The C.B.S.E  class 12 marking scheme is also confronting criticism due to the following reasons:  Usually, some students, especially those preparing for engineering and medical entrances do not pay much attention to the scoring in class 11th. The scheme will thus degrade the potential score they could get through the normal pattern. The scheme seems unfair to students who worked really hard this year but doesn’t have a good scoring in class 10th and 11th. Evaluation by schools makes the process prone to alterations at various platforms. No concrete process is provided regarding rationalization or moderation of the scores. A robust strategy to redress the resentments is missing in the scheme.  What students should do now? The scheme is not yet finalized completely and is subjected to many changes. So students must not panic until the official results are out. Also, after the 12th class result declaration, the option of appearing for a physical exam after the pandemic conditions become facilitative is always open if you are not happy with the evaluation. So, students must keep their focus on their further preparations for various entrance exams. Conclusion The marking scheme for C.B.S.E 12 Class has launched another wave of uncertainty, worries, hopes and concerns. The only and best option is to patiently wait for things to get fully transparent and to trust the democratic powers residing in the nation. Meanwhile, stay tuned to Margdarshan for all necessary C.B.S.E latest updates. ",63,"after, the, historic",JEE,3
Free JEE Mains Test Series| JEE Mains mock test series,"With the very first lightening of future career concerns striking the mind of middle school students, a maximum of them start imagining themselves on the benches of premium IIT institutes. They find places like IIT Delhi and IIT Bombay to be a fantasy land and wish to inaugurate their college life in these mighty institutes. Starting their journey with hope and dream, they pass through treacherous roads of confidence, self-doubt, preparation, persistence, exam, result and counselling. From the millions with dreams, only a few hundreds finally make it to an IIT each year. The toughest part of the road towards an IIT is the preparation. This is the point that determines your success most vitally. The intensity of your preparation for the fortunate engineering entrance exam infers the height of your success in it.  To hit the preparation game on the bull's eye, a student needs to go strategic and smart. A successful candidate always comes out with effective and productive plans for preparation and one most important feature from the strategies of the winners is practising mock test series. Practising a generous set of pragmatic test series act as a catalyst to your JEE success. Now, being your best friend in JEE preparation, Margdarshan is prepared to fuel your JEE Mains preparation with the most reasonable and realistic free JEE Mains test series. Why Take Mock Test Series? Playing in a room doesn’t give you the exact experience of playing on a professional ground. To excel in something, you need to embark upon its real-time experience. For your JEE exam also, you must be ready to tackle all the constraints that might interfere with your success and an essential passage to it goes through practising a maximum of mock tests in real-time settings. By practising mock tests at home, you get to adapt yourself to the pressure, time management and stress of the actual exam.   Get aware of the exam pattern: Don’t let the pattern and style of the exam be a surprise for you, as a real exam is just for embarking upon the questions and not other worries. Practising reliable mock tests makes you aware of the pattern and procedure of the exam beforehand so that all you need to focus upon on the big day is solving your problems from the question paper. Prepare your sectional strategy: taking test series a good number of times helps you customize your strategy for the exam as to which section or subject you should perform in how much time. Regular test series will help you figure out the strategy which works best for you. Get psychologically prepared: Giving mock test series will strengthen up your psychology about the exam so that no anxiety, stress or panic attack might jeopardize your months of hard work. Analyze your growth: With each mock test, you can examine your growth in the preparation and which part of the curriculum needs more of your attention.  Learn more concepts in less time: By taking mock test series for JEE Mains you cover almost every corner of the important syllabus in minimum time. This helps boost up your productivity manifolds. Get better at your speed: Regular practice of the mock test makes you habitual of the exam pattern and mode of the exam. This way you become more adaptive and fast for the actual exam.      Step by Step Guide  Visit the official Margdarshan website on any of your mobile, laptop or desktop computer.  Enter the Test Series page and choose your preferred exam from the pop down. For the free JEE test series, you will be directed to a new page where you will find options from subjective, mock and previous year's test series. You can opt as per your choice. On clicking on the mock test series, you will be directed to the general information page similar to the one you can expect during the actual exam. Read the information carefully and at the end click on the confirmation square. Without confirming, you cannot proceed further. On clicking on submitting, you will be asked to log in through a pop-up. You can either log in now or at the submission of the paper. You can log in with your email ID and password. After submitting the declaration page, you will be directed to your question paper and the time will start. One question will be displayed on the screen at a time and you have to choose your answer by clicking on the circle in front of the option. The circle of the chosen option will fill out automatically. On answering you have to click on Save & Next and if you want to review it afterwards then click on Review later. If you don’t save your answers then they will be automatically saved upon submission. You can shuffle between questions from the Question Palette at the bottom of the page. Shuffling between subjects can be done by choosing from the pop-down panel by clicking on the top right corner of the screen. The exam pattern is similar to the latest version and consists of 10 Numerical data type questions. You have to perform any 5 of these questions. You can view your answered, not answered, not visited, to be reviewed and answered but marked for review questions in the question palette. Upon completion of the paper, submit it. Over submission, you will be asked for ratings and log in. Logging in will help you keep track of your scores and tests to analyze your growth. You can view a complete analysis report after logging in and a detailed solution is available with each question to clear your doubts. You can view other students' result too if you want to compete.  Features of Our Test Series To help you save your precious time in these last days of preparation, Margdarshan provides you with test series that is not just free but reliable. The features that our free JEE mains test series outshines all the random test series available over the web are:  Academic connoisseurs with industry experience created these test series after a good research and previous year analysis. The standard exam pattern designed by the National Testing agency is followed in developing the mock test series. The latest pattern of JEE Mains 2021 consisting of 10 Numerical data type question is employed in the test series to help you get aware of the new style. You have to perform only 5 out of the 10 Numerical data type questions. The questions used in the test series are strictly exam-oriented. Real-time exam settings are developed to give you a credible experience. Most precise and accurate solutions to the problems are provided by experts and any disparity with the solution is attended to immediately. The evaluation is completely unbiased, precise and instant to give you proper scores. Your responses, scores and solutions can be accessed anytime through your account.  Friendly Advice Perform the JEE Mains mock test series with honesty and in real-time conditions to get the best output. Analyze your performance after each test so that you can keep track of your progress and prepare accordingly.  If you are determined to turn every stone to excel in the JEE Mains 2021, then these mock test series are going to be a significant help. So utilize them to the best and complete your remarkable journey with a seat in your desired IIT. ",64,"with, the, very",JEE,6
Top Private College for Engineering| Best Private College for Btech in India,"The appealing life of IITs, glamour of the corporate world and alluring packages by MNCs created a huge buzz of qualifying JEE Exam and pursuing engineering as a career among students. In the last 2 decades, this craze has only grown deeper and the evidence of that can be witnessed at bustling streets of Kota, Punjabi Bagh, etc with young boys and girls solving problems from Resnick Halliday or any other cliche book for qualifying JEE Mains and advanced. Apart from all the IITs and NITs, some private engineering colleges are synonymous with the quality of education and placement potential of top IITs. We cannot deny the fact that many famous CEOs and MDs like Satya Nadella, Manu Sawhney, etc. are not IITians but alumni of reputed private B.Tech colleges. In fact, many such private institutes are kept at priority by students than many new IITs. Some of the top private Engineering colleges in India are more than 50 years old and are jewelled with experienced staff, years of persistence and deeply rooted academic prosperity. So, it is sometimes good to ditch an IIT for these amazing alternatives to IITs. Not just in education domain, but these private engineering colleges are also credible enough to place you in a 6-figure paying cubicle. If you can afford the fee to these colleges or can manage to get a good fee waiver then they are worth spending four years of your academic journey. You need to be very judicious in opting from the giant number of private engineering colleges across the country. Since Margdarshan is always there to help you, we are well resourced in this domain too. So, if you are looking for something beyond IIT or NIT then here is a list of the top 5 private B.Tech colleges that are not much behind the IITs and NITs when it comes to the median salary package.  IIIT Hyderabad  Median Package: 19 LPA Annual Fee:20 Lakhs Known for its impeccable educational environment, the Indian Institute of Information Technology, Hyderabad is counting a success since 1998. It is always among the top choices of students seeking admission to the best private engineering institute. Offering 9 BTech courses, the institute takes in undergraduate students based on any of the JEE Mains score, Undergraduate entrance exam score, Lateral Entry Entrance exam score and SPEC. UGEE is for all students while LEEE is for those students who have completed 2 years of B.Tech or BE from a reputed college. SPEC is a special channel of admission. Scholarship facilities are also available in the institute based on different criteria like annual family income, merit, loan, etc. The university is highly acclaimed in the placement zone given to more than 95% of placement records each year. All top companies never miss picking fresh talent from this imperial zone of raw engineers. Notable alumni: Siladitya Padhi(Scientist, TCS Labs), Raghavendra Mall(Research Scientist), Ajay Somani, Anshuman Singh Famous placement companies: Amazon, Deloitte, Facebook, Walmart, Microsoft, Bloomberg, Google, TCS, etc.  Birla Institute of Technology and Science, Pilani  Median Package: 14 LPA Annual Fee: 24 Lakhs Justifying the Birla name, BITS Pilani is apple of every student's eye who are striving to get a decent engineering seat in a reputed private engineering college. Since 1964, the institute is ever-growing with milestone steps like collaborating with the Massachusetts Institute of Technology. The credibility of the institute is evident from its getting a Rank 2 by TOI 2020 ranking for private B.Tech colleges. The undergraduate admissions in BITS Pilani are done on the BITSAT score of a student. It offers mighty 23 courses to undergrads in different branches. Students need to have minimum 75% marks in 12th class and any state or board topper is allowed to apply for admission directly without BITSAT. Almost 99% placement guarantee is also a peculiar factor of the magnetism this institute cast on students. The highest CTC ranging to striking 45 LPA is obviously an alarming figure for the students. Notable alumni: Sabeer Bhatia (Hotmail founder), Prithviraj Chavan (former CM), Vivek Paul, Baba Kalyani, Manu Sawhney (Director, Manchester United) Famous placement companies: Accenture, Flipkart, Google, Microsoft, TCS, IBM, Wipro, etc.  Birla Institute of Technology, Mesra  Median Package: 8.4 LPA Annual Fee:20 Lakhs BIT Mesra doesn’t need any introduction as from the day it landed in the academic world in 1955, it has never ceased to surprise everyone with the exceptional exposure it provides to the students studying here. These 780 acres of campus is commendable for its pioneering efforts for students like having academic and exchange collaborations with renowned National and International institutes and organizations. To get admitted to any of the 10 B.Tech courses offered by the university, a student is supposed to have a decent JEE Main and JEE Advanced score along with at least 95% marks in 10+2 from an authorised board.  The stature of the institute is well known to big companies, so each year they participate in the placement drive held here and draws a large number of students to the high paying corporate world. Some students got placed with flattering packages of even up to 41 LPA.  Notable alumni: Pulkit Trivedi (Director, GPay India), Madhumita Pathak (AD, Ola), Mridula Shekhar (CMO TATA AIA life insurance), Pritam Pritu, Kamlesh Kumar Sharma. Famous placement companies: TCS, TCL, Adobe, Wipro, Google, Facebook, etc.  Thapar University, Patiala  Median Package: 8.1 lakh PA Annual Fee: 35 Lakhs Founded in 1956, Thapar University is a prestigious member of top private engineering colleges in India. From sprawling infrastructure to experienced staff, the university is at par in quality of education and placements.  For B.Tech admissions, the university has two criteria. One is based on JEE Mains score and the second is the lateral entry through an offline private exam held by the university. The University provides scholarships to the top 35 students securing 95%+ marks in 12th exams and the next 45 students securing 90%+ marks in the same. The University is highly renowned for its placement potential as each year a handsome number of students secure a high paying job at leading companies. The packages provided goes as high as 40 lakh PA.  Notable Alumni: Deepak Vinayak, Anoop Kumar Mittal, Air Marshal Jagjeet Singh, Robin Raina (Chairman, Ebix board) Notable Placement Companies: Infosys, Larsen & Tourbo, JP Morgan, IBM, Edelweiss, HSBC, Microsoft, Samsung, etc.   Manipal Institute of Technology (MIT)   Median Package: 7.9 lakh PA Annual Fee: 20 Lakhs Hailing its roots way back from 1957, the Manipal Institute of Technology, Manipal is a highly respected engineering school in the nation. Known for its huge campus and celebrated fame among top private engineering institutes, the college is much in demand among engineering aspirants. To get admission to B.Tech in MIT, you need to have at least 50% marks in the 12th class with Physics, Maths and English as compulsory subjects and have to qualify MET held by MAHE university to which MIT is a constituent. The institute also offers various scholarships like academic, freeship and meritorious on different parameters. The placement levels are also quite appealing as normally more than 85% of students get placed in prominent companies with CTC ranging maximum up to 30 LPA. Almost all big companies test the talent of MIT students and take them to reputed cabins Notable alumni: Satya Nadella (Microsoft CEO), Rajiv Suri (Nokia CEO), Vikas Khanna(Chef) Famous placement companies: Microsoft, Capgemini, Infosys, Cisco, Amazon, Deloitte, etc. Keep your preparation to score maximum in your upcoming JEE mains 2021 as even if you don’t make it up to any IIT or NIT, these best private engineering colleges are always there to give you a nearly equivalent academic experience. ",65,"the, appealing, life",JEE,6
What is JEE Advanced Exam| How to get admission into IIT?,"IITs in India are not just some regular technical institutes but brands in themselves. The highly dreamed corridors of these premium institutes have seen some of the best CEOs, writers, scientists, MDs, politicians, and almost all types of connoisseurs strolling their way as students there. Given to the potential of the IITs, each year lakhs of students dream to get a seat in one of them.  How to get admission to IIT? Everyone knows that the ride to IIT is quite demanding. The success rate in the whole procedure of getting into IIT is less than1%. But, where does it all begin? Many would say that it all begins with preparation, coaching, filling up the forms, etc. But, the real quest to get into an IIT begins with a knack. A knack for playing around Physics, Mathematics, and Chemistry. When you start looking at the world from a more scientific perspective that means you are ready for the steep journey to IIT.   After a good number of years' preparation(depends on when you realize about your knack and start preparing for getting admission into IIT after 12th), your practical trip to IIT pursues with following steps:  JEE Mains Registration  JEE Mains exam JEE Advanced registration JEE Advanced exam JoSAA Counseling   <iframe allow=""accelerometer; autoplay; clipboard-write; encrypted-media; gyroscope; picture-in-picture"" allowfullscreen="""" frameborder=""0"" height=""315"" src=""https://www.youtube.com/embed/eAsjQ3R1iPQ"" title=""YouTube video player"" width=""560""></iframe> The students who qualified JEE advanced are able to fill all the IITs, NITs, GFTIs and IIITs in their choice filling during JoSAA Counseling. The students who qualified only JEE Mains can fill only NITs, GFTIs and IIITs in their choice filling as they are not eligible to apply for IITs. If you manage to get a good score and all India rank in JEE Advanced then with subsequent steps of document verification and admission formalities for the IIT allotted to you, your dream journey consumes at a seat in the IIT classroom only to start a new academic journey in finest educational ambiance What is JEE Advanced? The filtration process to get the most deserving candidates for placing in IITs goes through many steps and the most significant of them is JEE Advanced. JEE Advanced is the second stage exam after JEE Mains to get admission to IITs. The top rankers from JEE Mains are eligible for appearing in the JEE Advanced, qualifying which further opens the doors of IITs for them based on their ranking and score. So for your question to what is JEE advanced exam, the answer is that it is the gateway that you have to clear for getting into an IIT. Each year one of the Indian Institutes of Technology organizes the JEE advanced exam. History Before 2013, students used to appear for AIEEE for getting admission to NITs, GFTIs, and some other private technical institutes. For admission to IITs, the students had to appear for the IIT-JEE exam. All the students were allowed to sit in the IIT-JEE exam. But, from 2013 the AIEEE and IIT-JEE pattern was scrapped and JEE Mains and Advanced were installed. This step generated a screening process for admission to IIT before the actual exam,  that is JEE Advanced, as only limited qualifiers from JEE Mains are eligible for appearing in JEE Advanced. Exam pattern: mode, number of questions, type of questions, marking scheme, etc. JEE Advanced Exam pattern shows just minute changes each year and usually, it is the same every time. The changes are not major and won’t surprise you. It is always beneficial to thoroughly get acquainted with the exam pattern and important information like number and types of questions, marking scheme, etc. for the exam. The organizing IIT always issues a detailed brochure about the full pattern of the exam well in advance each year. For your convenience, here is detailed information about everything you need to know about the JEE Advanced:  No. Of Papers: The exam is conducted in two segments, Paper I and Paper-II. Both the papers are mandatory to appear by the candidates. Exam duration: 3 hours for each paper. Mode: JEE Advanced is conducted in online mode and is a computer-based exam. Types of Questions: The JEE Advanced question paper comprises of generally four types of questions- Multiple Choice Questions, Numerical Data Type Questions, Match the following type questions, and paragraph-based questions. You expect any of these types in your exam. Sections: The question paper consists of three sections, each for Physics, Chemistry, and Mathematics.  Marking Scheme: According to the JEE Advanced latest pattern there will be negative, partial, and zero marking:   Negative Marking- For MCQ-type questions with only one correct answer( -2 )marks will be given for a wrong answer.   For MCQ-type questions with multiple correct answers (-1), marks will be given if no correct option is chosen.  Partial Marking- For MCQ type questions with more than one correct answer +3 marks will be given for choosing 3 out of 4 correct options, +2 marks will be given for choosing 2 out of 3 or more correct options and +1 marks will be given for choosing only 1 out of 2 or more correct options. Zero marking- For all the unattempted questions and wrong numerical type questions 0 marks will be given.  To understand the pattern more deeply you can see previous year JEE Advanced question papers and mock test series by Margdarshan. JoSAA Counseling  Joint Seat Allocation Authority organizes counseling for admissions to IITs, NITs, IITs, and GFTIs based on JEE Mains and JEE Advanced scores. The counseling procedure begins after JEE mains exam is conducted for all the students. It starts with online registration and choice filling and six subsequent rounds of seat allotment are held.  JoSAA Counseling process can be confusing and time-consuming and since many of you would be gearing up for JEE Advanced preparation, Margdarshan we smoothly guide you through the JoSAA Counseling process. For more details on JoSAA counseling 2021, you can read this blog JEE Counselling 2021 Procedure | Steps to fill JoSAA Counselling About JEE advanced 2021 The JEE Advanced 2021 which will be organized by IIT Kharagpur, was supposed to be held on 3rd July 2021, but due to the pandemic's new wave, the exam was postponed. The exact JEE Advanced 2021 Exam date is still not out officially and students are still waiting for some concrete information. Other Information unique to JEE Advanced 2021 are:  JEE Advanced 2021 is special as students who qualified JEE Mains 2020 but couldn’t appear in JEE Advanced 2020 are also eligible to appear for JEE Advanced 2021. They do not have to qualify JEE Mains 2021 again. The students from JEE Mains 2020 will be considered in addition to the 2021 batch and thus there will be no loss to the new batch. The female quota seats which used to be 20% will not be the same this year. This time IITs will decide the number of female seats on their own. The restriction of a minimum 75% marks in the 12th board exams is lifted this time and students only need to pass the 12th board exam. 3 attempts are allowed to appear in the JEE Mains and JEE advanced exams now.  For JEE Advanced 2021 syllabus you can click on the given link. JEE Advanced Physics syllabus: Click Here JEE Advanced Chemistry syllabus: Click Here JEE Advanced Maths syllabus: Click Here JEE Advanced syllabus 2021 PDF Free Download: Click Here Conclusion If you are going to appear for JEE Mains 2021 or JEE Advanced 2021 then the countdown has already begun. So tighten up your laces for a sprint that you never did before. Immerse yourself in the endeavors that can make your dream to sit in an IIT come true. For more information and important updates about JEE Mains 2021 and JEE Advanced 2021 stay tuned to Margdarshan ",66,"iits, in, india",JEE,6
Top 10 Engineering Entrance Exams In India| Engineering Entrance Exams After Class 12,"It is not long ago that the culture of corporate jobs suddenly overshadowed the craze of government jobs. With a splitting corporate world and raining job opportunities in this sector number of tempted students to pursue engineering as their careers also exploded. The charm of UPSC started to be seen in IIT entrance exams too. With the bloom of expected engineering students, people dived into the business of developing engineering colleges to coin it to the maximum. But, the authentic Institutes always work through an organized channel and that is entrance exams. So, sticking to our pledge to help you in every possible manner, Margdarshan brings to you a curated and reliable list of top engineering entrance exams after 12th in India that you can appear in for getting admission to authentic and well-established engineering institutes in the country. How we came up with the list We did not come up with a list out of random picks but logically segmented the exams based on factors like the reputation of institutes accepting the qualifying students in a particular exam, interest of students in the exam, eligibility criteria, organizing units, etc. With deep research and analysis, the top 10 engineering entrance exams after 12th that we narrowed down are the following: #1 JEE Advanced Exam Overview Every student looking for a career in Engineering is at some point pushed towards this career by the grandeur of IITs and their premium standard. The gateway to IITs is the toughest engineering exam internationally, the JEE Advanced. Top 2.5 lakhs students from those who qualify JEE Mains are eligible to appear in JEE Advanced Exam. Those who qualify JEE Advanced are eligible to get admission to various courses of different IITs based on their ranks and scores. This exam certainly tops the list of best entrance exams in India. Highlights  The success rate in JEE Advanced is less than 1% (See yourself in that 1% only). It is a national-level computer-based online exam held for undergraduate admissions. There were two attempts allowed for JEE advanced but from this year three attempts are allowed. Foreign nationals are allowed to appear for JEE Advanced.  Important details  Organized by: One of the IITs each year. Admission To: Indian Institutes of Technology    Eligibility: This year due to pandemic the condition of 75% aggregate is scrapped and students just need to pass the exam.   JEE Advanced 2021: JEE Advanced 2021 organized by IIT Kharagpur, was supposed to be held on 3rd July 2021, but given to outspread of the virus it got postponed. The official date is still not out but is expected to be released anytime soon.  #2 JEE Mains Exam Overview The dream of IIT begins with the first step and that is JEE Mains. Each year millions of national and international students test their knowledge in JEE Mains to get eligible for appearing in JEE Advanced or for various NITs, IIITs, GFTIs, and many other private institutes. If you manage to get in the top 2.5 lakhs students them you can apply for JEE Advanced too for getting admission to IITs. Highlights  JEE Mains is held online as a computer-based exam. Foreign national students following the eligibility criteria are allowed to appear in the exam. The JEE Mains score is also accepted by Navy technical entry and many other reputed organizations. Many International universities also accept a valid JEE Mains score.  Important, Details  Organized by: National Testing Agency Admission To: NITs, IIITs, GFTIs, and many private engineering colleges. Eligibility: This year due to pandemic the condition of 75% aggregate is scrapped and students just need to pass the exam.  JEE MAINS 2021 JEE Mains 2021 is supposed to be held in four phases this year out of which two phases are conducted. The remaining two phases got postponed due to pandemic splurge and can be announced anytime soon. #3 BITSAT Exam Overview Few engineering institutes have garnered a reputation comparable to the IITs in India and the top among them is BITS and specifically its Pilani campus. Some students prefer it even before the new IITs. So, technically the entrance exam after 12th for the BITS is also significant in India for engineering and that exam is BITSAT. Each year nearly 3 lakh students appear for BITSAT for nearly 2000 seats to get admission into B.E and B.Pharm.  Highlights  It is a University organized National level computer-based exam held once every year. Apart from 61 centers in India, they also have an International center in Dubai each year for exams. 3 hours of the exam also have English and logical reasoning as a subject in the exam along with physics, chemistry, and Maths/Biology with a total of 150 MCQs. Unlike other entrance exams, BITSAT 2021 is free from any reservation.  Important Details  Organized by: Birla Institute of Technology and Science Admission To: Goa, Hyderabad, and Pilani campus of BITS and NIIT University. Eligibility: 75% marks in 12th class from any recognized board or International passport with valid SAT score. Students must also have at least 60% marks in each of Physics, Chemistry, Maths/Biology separately.  BITSAT 2021 BITSAT 2021 is going to be organized from 3-6 August 2021 after a postponement due to a pandemic. The application process for the exam will resume on 7th July 2021. #4 VITEEE Exam Overview Vellore Institute of Technology has always been among the top private engineering institutes in India and given the huge placement opportunities by the institute, almost 2 lakhs of students apply for VITEEE, one of the top engineering entrance exam for campuses under Vellore University each year. The University offers nearly 5000 seats in different courses and campuses based on the VITEEE. Highlights  VITEEE is an online remote proctored computer-based University level exam. It is held once every year. There is no negative marking in VITEEE Class 12th appearing students can also apply for the exam.  Important Details  Organized by: Vellore University  Admission To: VIT Vellore, VIT Chennai, VIT Bhopal, and VIT Amravati Eligibility: Minimum 60% aggregate marks in Physics, Chemistry, and Mathematics in class 12th from any recognized board.  VITEEE 2021 VITEEE 2021 was conducted through the online remote proctored mode from 28-31 May 2021 and the result was announced on 12th June 2021. The first round of counseling is over and subsequent rounds will be done shortly. #5 MET Exam Overview If we talk about the best private engineering colleges in India then all the Manipal institutes certainly make it to the list. Students are always fancied by the Manipal Institute of Technology and every year almost 2 lakh students appear for the Manipal Entrance Test for getting a seat in the Manipal Institutes. Highlights  MET is an online remote proctored University level exam held once every year in two phases. MET can be attempted twice in a single year. The first attempt can be made in phase I and the second in Phase II of the exam. For students giving both the attempts, the best score of the attempts will be considered for result and counseling. The exam is conducted at 80 centers across India and one in Dubai.  Important Details  Organized by: Manipal Academy of Higher Education  Admission To: Manipal Institute of Technology, Manipal University Jaipur, Sikkim Manipal Institute of Technology  Eligibility: Applicant must have a minimum of 50% marks in Physics, Mathematics, and chemistry/biology/ Bio-Technology/any technical vocational course. You must also have English as one of the subjects in 12th.  MET 2021 MET 2021 was conducted in two phases, 16 -20 April 2021 and 11-14 June 2021. The results will be declared on 6th July 2021 according to the latest update. The pattern this year was different from previous years. #6 COMEDK UGET Exam Overview One of the most popular state-level engineering entrance exams is COMEDK UGET. The Consortium of Medical Engineering and Dental Colleges of Karnataka Undergraduate Entrance Exam is a highly reputed exam to get admission to nearly 140 engineering institutes in Karnataka. Every year more than 70,000 students apply for 20,000 seats offered through the exam. Highlights  COMEDK UGET is held once every year and is a state-level computer-based exam. All Indian nationals are allowed to appear for the exam. No reservation is offered in the seats. The exam is conducted in two shifts on the same day.  Important Details  Organized by: Consortium of Medical Engineering and Dental Colleges of Karnataka  Admission To: 140+ institutes of Karnataka state Eligibility: Minimum 45% marks in Physics, Mathematics, and Chemistry/ Electronics/  Biology/ Bio-Technology/ Computer Science  COMDEK UGET 2021 COMEDK UGET 2021 is scheduled to be held on 14th September 2021 in two shifts. The application process for the exam began on 22nd March 2021 and the last date for the same is 31 July 2021. #7 WBJEE Exam Overview The students who are interested in pursuing engineering in West Bengal have a nice opportunity through WBJEE. The West Bengal Joint Entrance Exam score helps you to get admission to various engineering courses in the institutes of West Bengal. Each year more than 70 thousand students appear for various seats available in the institutes accepting WBJEE Score.   Highlights  WBJEE is a state-level exam held once every year in an offline OMR sheet mode. Only Indian nationals are eligible to appear in the exam. The applicant must be 17 years or more in age to apply for the exam. There is no upper age limit for the exam.  Important Details  Organized by: West Bengal Joint Entrance Exam Board Admission To: Universities, Government colleges, and self-financed engineering and technical institutes in West Bengal. Eligibility: Minimum of 45% marks in Physics, Mathematics, and Chemistry/Bio-Technology/ Biology/ Computer Science/ Electronics/ Technical vocational course.  WBJEE 2021 WBJEE 2021 will be conducted on 17th July 2021. The applications were entertained from 23 Feb 2021- 30 March 2021 and admit cards will be issued from 12th July 2021. #8 MHCET Exam Overview Maharashtra is not famous just for Bollywood but for some amazing educational institutes as well. There are many esteemed engineering institutes in the state where you can pursue your B.Tech dream, and the way to secure a seat in these institutes is through MHCET. Maharashtra Common Entrance Test is held every year and almost 4 lakh students test their chance in it.  Highlights  It is a state-level computer-based exam. No negative marking is done in the exam. Only Indian nationals can apply for the exam. 12th appearing students can also apply and there is no upper age limit.  Important Details  Organized by: Directorate of Technical Education, Maharashtra  Admission To: 200+ Technical colleges of Maharashtra  Eligibility: 12th pass from recognized board.  MHCET 2021 The application process for MHCET began on 8th June 2021 and will last till 7 July 2021. Late application with an additional fee will be allowed up to 15th July 2021. The exam date is not yet issued but can be declared anytime soon. #9 KEAM Exam Overview Kerala Engineering Architecture and Medical Entrance Exam is a prioritized choice of students who want to get admission to Kerala Engineering colleges. Since the medical and architectural entries are shifted to NEET and NATA scores, so technically it is just an Engineering entrance exam now to get admission to engineering colleges of Kerala. Highlights  KEAM is held once every year in an offline pen and paper mode. A candidate must be at least 17 years in age. 12th appearing students can also apply for the exam.  Important Details  Organized by: Commissioner for Engineering Exams, Kerala Admission To: 170+ Engineering colleges in Kerala Eligibility: Minimum 50% marks in Physics, Chemistry, and Mathematics.  KEAM 2021 KEAM will be conducted on 24th July 2021 and results will be out by 15th September 2021. The application process for KEAM 2021 closed on 26th June 2021. #10 KCET Exam Overview Another state that is famous for its educational ambiance is Karnataka. To get a seat in the Engineering colleges of Karnataka you have to appear in Karnataka Common Entrance Test. This state-level exam is taken every year by almost 2 lakh students to get admission in government and private engineering colleges of Karnataka. Highlights  KCET is conducted in an offline mode. Only Indian nationals are eligible for the exam. Age limit is no barrier to the exam. Applicants must have done at least 7 years of schooling from 1st to 12th in a government or government recognized school to apply for KCET.  Important Details  Organized by: Karnataka Examination Authority Admission To: Government, Government recognized and Private engineering colleges of Karnataka. Eligibility: Pass 10+2 with Physics, Chemistry, Maths, and English as compulsory subjects.  KCET 2021 KCET 2021 will be conducted on 28-29 August 2021. The application process started on 15th June 2021 and will end on 10th July 2021. Conclusion With the help of this list of top engineering entrance exams in India after 12th, you can apply for the exam of your choice based on your eligibility conditions and other requirements. We hope you get to pursue your dream course in your desired institute by clearing the exam you apply for. ",67,"it, is, not",JEE,10
CBSE Latest News 2021 for Class 12 and Class 10| Impact on NEET and JEE,"When all are busy and curious about the JEE Mains 2021, NEET 2021, and C.B.S.E class 12th board exams 2022 evaluation criteria, an important thing that was being ignored was, ‘What about 10th and 12th board exams of session 2021-22?’. The students were totally confused about how they will be evaluated for these crucial academic years. But, the latest news about C.B.S.E class 10th and 12th is that the board has issued the evaluation criteria for the students in the 10th and 12th of the academic year 2021-22 well in time. On 5th July 2021, C.B.S.E released a special assessment scheme for the current 10th and 12th class batches of the 2021-22 academic session. The new pattern signals toward two terms of board exam nation scheduled to be held in November-December 2021 and March- April  2022. Here is everything you need to know about the new scheme: Board Exams Will Be Geld In Two Terms The key announcement made by the Central Board is that the present 10th and 12th classes will be divided into two terms Term I and Term II. Both the terms will cover 50% syllabus each and will be concluded with a Term board exam. Here are some highlights of the announcement:  Each term will cover 50% of the syllabus. A board exam based on the assigned 50% syllabus will be conducted after each term. The Term I board exams will be held in November-December 2021. The schedule is flexible and there is a window period of 4-8 weeks for exam conduction for all parts of the country. The Term II Board exams will be held in April-March 2022. The term I exams will be a 90 minutes MCQ-based exam on an OMR sheet. Questions will be case-based assertion-reasoning type.  The exam will be online or offline based on the pandemic conditions at the time. Term II exam pattern depends on the pandemic situation. If the situation will be conducive by the time then a descriptive exam of two hours will be conducted with different formats of questions. If the situation will not be favorable for the descriptive exam then the Term I pattern will be followed in Term II as well.  The final score of the academic year will be generated based on both the terms' scores. The question papers and marking scheme will be sent by the C.B.S.E. C.B.S.E appointed observers and external center superintendents will supervise the exams.  Curriculum Transaction C.B.S.E will issue a reduced syllabus for the 10th and 12th for both terms in July 2021. The bifurcated syllabus will be rationalized and divided based on the interconnectivity of the topics. Schools are advised to use alternate academic calendars and NCERT inputs in transacting the curriculum. Internal Assessment  The Central Board of Secondary Education also released guidelines on Internal Assessment of the students for the academic year 2021-22. The internal assessment pattern for class 9th will be the same as for class 10th and for class, 11th will be the same as for class 12th. Here are the key points of the announcement regarding the internal assessment:  Internal assessment will be done on annual basis and not on a term basis. The board emphasized on keeping the assessment pattern pronounced, unbiased, and credible. For the 9th and 10th classes, it will be based on three periodic tests, practical, portfolio, student enrichment, activities, and projects. For the 11th and 12th classes, it will be based on unit tests, practicals, exploratory activities, and projects. Schools are supposed to maintain a student profile with all the assessment details throughout the year as a digital record and evidence. Internal Assessment marks will be uploaded on a C.B.S.E generated IT portal.  Schools will be supplied with resources like sample assessments, teacher training modules, question banks, etc. by the C.B.S.E. More detailed guidelines on the internal assessment will be released along with the syllabus for the academic year.  Conclusion This crucial decision for the assessment of 10th and 12th classes for the academic year 2021-22 is a wise step by the board as it will help avoid the chaos faced in the evaluation of 10th and 12th classes of academic session 2020-21. Margdarshan will keep you updated with C.B.S.E latest guidelines for class 10th 2021 and 12th 2021 along with all necessary information regarding JEE Mains 2021, NEET 2021, class 12th evaluation criteria for session 2020-21. We will study the latest criteria for class 10th and 12th 2021-22 session and will shows with every piece of crucial information that you must know. Till then concentrate on your studies and ace every exam you sit in. ",68,"when, all, are",JEE,3
Important Topics for JEE Mains 2021: With Weightage and Checklist to score 150+ marks in JEE Main,"Tik-Tik-Tik! You know what’s it? The running hands of a clock. Thud-Thud-Thud! You know what’s it? The thumping heartbeats of the JEE Mains 2021 aspirants are growing faster with the hands of the clock signaling towards the running time.  If you did not land on this page accidentally then you must know that the highly awaited exam of JEE Mains is approaching any time soon. You can never know which morning you would wake up to headlines of JEE Mains 2021 dates announced by the authorities. Relax! And take a deep breath. We are not here to scare you in any way, but to fulfill our duty to guide you in the most viable manners. Now, since the exam is just at the doorsteps, you need to focus on building a crisper and more productive strategy. To help you out, we present you a potent 10-days strategy and important topics for JEE Mains that you should cover in the 10-day action plan for a hard-hitting score.  <iframe allow=""accelerometer; autoplay; clipboard-write; encrypted-media; gyroscope; picture-in-picture"" allowfullscreen="""" frameborder=""0"" height=""315"" src=""https://www.youtube.com/embed/3o2fXyd8X8w"" title=""YouTube video player"" width=""560""></iframe> 10 Days Strategy The JEE Mains 10-days strategy we are putting forth is focused on the most important topics for JEE Mains that can help you score from 130-150 marks(even more if your accuracy is exceptional). These are the topics that are a sure shot in the exam and can be covered easily in 10-days. So, if you are planning to crack JEE Mains 2021 in 10 days, then this can be an elixir plan for you.  Work on your accuracy: A single topic covered with good accuracy is better than covering many topics with poor accuracy. In your 10-days strategy focus on building a high accuracy for selected important topics. In the exam, the quality of revision pays more than quantity. Stick To Smart Work: Don’t waste your precious last time revision days in referring books, highlighting points in notes, searching websites for random tricks(knowledge and concepts are the only tricks), or searching astrologers to do some miraculous pooja for you(save something for post-exam). Focus on smart work and make quick last-time notes of the most important topics shared by us. Utilize every second in adding more to your final score by mastering the most expected topics. Cramming Time: Yes, you read that right! Now is the perfect time to unleash the hidden parrot in you. Cram as much of formulas, reactions, results, dimensions, or anything that you need to keep handy in your mind to save extra seconds in exams. It’s good that you can deduce formulas, but the timer on the screen won’t wait for you. Practice Mock Tests: Do at least one mock test daily to analyze your daily progress. Practice questions from previous years: Practice questions from previous years’ question papers based on the list of important topics. Make short notes: Make short handy notes that you can carry anywhere for a quick glance.  <iframe allow=""accelerometer; autoplay; clipboard-write; encrypted-media; gyroscope; picture-in-picture"" allowfullscreen="""" frameborder=""0"" height=""315"" src=""https://www.youtube.com/embed/qjFnK6fGxu0"" title=""YouTube video player"" width=""560""></iframe> Important Topics for JEE Mains 2021 With good research into previous years' question papers, blueprint, and experts advice, our in-house experts computed the list of most important topics for last days JEE Mains preparations that can help you achieve a 130+ score in JEE Mains 2021: Physics  Modern Physics  Total Questions expected in the exam- 5 Weightage- 20 Most expected sub-topics- Atomic physics, X-ray, De-Broglie wavelength, Binding energy and nuclear stability, Decay law, Mass-energy equivalence  Heat And Thermodynamics   Total Questions expected in the exam- 3 Weightage- 12 Most expected sub-topics- Carnot's Engine (especially the efficiency), Laws of thermodynamics, Relationship between Cp and Cv, Isothermal, Adiabatic and isobaric processes.  Current Electricity  Total Questions expected in the exam- 3 Weightage- 12 Most expected sub-topics- Coulomb's law, Potential due to point charge and system of charges, Relation between field and potential, Electric dipole and flux, Capacitors, Gauss's law, Potential energy due to charged sphere with cavity. Electrostatics Total Questions expected in the exam- 3 Weightage- 12 Most expected sub-topics- electric current, Ohm’s law, the temperature dependence of resistivity, electrical energy, electrical power, combination of resistors, cell, emf, internal resistance, Kirchhoff’s rules, Wheatstone bridge, Meter Bridge Total Marks: 56 Chemistry  Transition Elements And Coordination Compounds  Total Questions expected in the exam- 3 Weightage- 12 Most expected sub-topics- Nomenclature, CFT, Electronic configuration, s-p-d blocks  Periodic Table and Representative Elements  Total Questions expected in the exam-3 Weightage- 12 Most expected sub-topics- Ionisation energy, electronegativity, exceptions  Chemical Bonding  Total Questions expected in the exam- 2 Weightage- 8 Most expected sub-topics- VSEPR, MOT, hybridization, dipole moment, Hydrogen bonding,   Thermodynamics and Gaseous State  Total Questions expected in the exam- 2 Weightage- 8 Most expected sub-topics- first and second law of thermodynamics, joule-Thompson expansion, enthalpy, Kirchhoff’s equations, kinetic theory laws, ideal gas equation, Maxwell distribution, real and ideal gases. Total Marks: 40 Mathematics   Coordinate Geometry-  Total Questions expected in the exam- 5 Weightage- 20 Most expected sub-topics- Circle, Parabola, Hyperbola, Straight lines (Most important), Conic sections, Properties of triangles  Limits, Continuity, and Differentiability-  Total Questions expected in the exam- 3 Weightage- 12 Most expected sub-topics- Application of derivatives, Functions, Continuity and differentially, Limits, Tangents and Normals, Rate measurement, Maxima and minima  Integral Calculus-  Total Questions expected in the exam-3 Weightage- 12 Most expected sub-topics- Definite Integrals, Applications, Area under curves Total Marks: 44 Additional Topics If you manage to cover all the above topics in less than 10 days and have some extra days left then we have covered you there also. Here are some additional topics that are short but scoring to add more to your score in final preparation.  Physics- Units and Dimensions, Fluid Mechanics. Chemistry- General Organic Chemistry, Solid States Mathematics- Heights and Distances, probability.  Now you are all set with a 10-days action plan for your JEE Mains 2021. We will come back with more useful and reliable strategies to get maximum output in the time left. Till then ensure maximum marks by following the strategy we shared.  ",69,"tik-tik-tik!, you, know",JEE,4
Important Topics for NEET 2021| Crack NEET in Two Months| Margdarshan,"The biggest medical entrance exam of India, NEET 2021 is waiting at the doorstep and now all the aspirants have just two months to welcome it. Two months is not a bulk of time to qualify NEET, but it is sufficient enough if you are determined and capable to make an impactful 2 months strategy and strictly follow it to qualify the exam. Now being your partner in success, Margdarshan did one part for you by developing a reliable and practical strategy for these 2 months before the exams. Our experts came out with most potent scheme to help you prepare for NEET in two months if you are persistent and efficient in executing it. The scheme includes all the important topics for NEET 2021 and the chapter-wise weightage of NEET topics.    Strategy  The strategy includes an action plan and the most important topics to be covered to score maximum in minimum time available. So, if you want to know how to clear NEET in two months then begin with the action plan:  Be Positive, Realistic, and Confident  You would be wondering why I am saying this in spite of sharing important details. Trust me, clearing an exam is not just a knowledge thing but psychology too. If you are planning to prepare for NEET in two months, you need to be very positive and confident about yourself. I mentioned realistic because don’t go over the top in confidence as this is high time to roll up your sleeves and start some serious smard(smart+hard) work. After all, it is N-E-E-T, not J-O-K-E.  Set Your Time Table  If you are not managed with your time then it becomes even more difficult to crack the exam. So if you do not believe in miracles or are not an extremely genius lad then take a minimum of 10-12 hours of study from your day. That’s just in case you want to clear NEET.   Stick To The Strategy  Once you are ready with the strategy and timetable, without wasting any more seconds start your preparation. Don’t keep changing your plan and patterns now and then. This will only end up messing with your preparation. Just be disciplined and loyal to a single strategy, may it be the one shared by us or your own. Subject-Wise weightage  NEET exam is based on three subjects, Physics, Chemistry and Biology with the following distributions.     Subject   Weightage   No. Of Questions     Physics   25%   45     Chemistry   25%   45     Biology   50%   90       Subject-Wise Most-Important Topics For your convenience, we developed a list of the most important topics for NEET. The list is curated subject-wise. For each subject, the list is divided into three parts, Most-Important and easy questions, Most important and difficult topics, and then additional topics. This hierarchy is set to let you know that on what topics to cover first in your two months strategy to qualify NEET. First part will get you covered with almost 50% of the syllabus, second part will cover next 25% syllabus approximately and third part will cover complete syllabus. Depending on your speed and intensity of revision, you can carry on with each part one by one. Physics Most Important and Easy Units    Unit Weightage Chapters No. Of Questions     Electricity and electronic devices 26%   Electrostatic Current Electricity Semiconductor and Electronic Devices    5-6 4 3-4    Heat, Thermodynamics and kinetic theory  12%   Thermodynamic Kinetic Theory of Gases    3-4 3    Magnetism 18%   Magnetic Effects of Current and Magnetism EMI and AC EM Waves    2   2-3 2-3    Laws of Motion 3%   Laws of motion   2-3    Important and difficult topics     Unit   Weightage   Chapters   No. Of Questions     Kinematics   3%    Motion in straight line Motion in plane    1-2   1-2     Work, Energy and Power   4%    Work, energy and power    2     System of particles   5%    System of particles    2-3     Bulk properties of matter   3%    Mechanical properties Thermal properties    1-2   1-2     Optics   10%    Ray optics and optical instruments Wave optics    3-4     2-3     Dual nature of matter and radiation   6%    Dual nature of matter and radiation    2-3       Additional Topics     Unit   Weightage   Chapters   No. Of Questions     Physical World and Measurements    2%    Physical World Units and Measurement    1 0-1     Gravitation   2%    Gravitation    1-2     Atoms and Nuclei   3%    Atoms Nuclei    1-2 1-2     Oscillation and waves   3%    Oscillation Waves    1-2 1-2       Chemistry Most Important and Easy topics     Chapter   Weightage   No. Of Questions     Chemical Bonding   5%   3     Thermodynamics    8%   3-4     Equilibrium    6%   2-3     Redox Reaction   3%   1-2     Solutions   5%   2-3     Electrochemistry   2%   1     Chemical Kinetics   3%   2     Surface Chemistry   2%   1     Coordination Compounds   9%   4     Biomolecules   3%   2     Polymers   3%   1-2       Important and Difficult Topics     Chapter   Weightage   No. Of Questions     Structure of Atom   2%   1-2     P, D and F block elements   9%   4-5     Aldehyde, Ketones and Carboxylic Acids   4%   2-3     General Organic Chemistry    3%   1-2     Hydrocarbons   3%   1-2     Alcohol, phenol and Ethers   4%   2-3     Some P Block elements   2%   1-2       Additional Topics     Chapter   Weightage   No. Of Questions     Basic Concepts of Chemistry   1%   0-1     Classification of elements   2%   1     States of Matter   2%   1     Hydrogen   1%   0-1     S-Block elements   2%   1     Environmental chemistry   2%   1     Solid State   2%   1     Isolation of elements   2%   1     Organic compounds with nitrogen    1%   0-1     Chemistry in daily life   1%   0-1       Biology Most Important and Easy Topics     Unit   Weightage   Chapters   No. Of Questions     Diversity of Living Organisms   14%    Living World Biological Classification Plant Kingdom Animal Kingdom    1 3-4   3 3-4     Human Physiology   20%    Digestion and Absorption Breathing and Exchange of Gases Body fluids and circulation Excretion Process Locomotion and movements Neural control and coordination Chemical coordination and integration    2   2     2   2   2     2     3     Genetics and Evolution   18%    Principles of inheritance and variation Evolution Molecular Basis of Inheritance    5-6     3 4     Ecology and Environment   6%    Environmental Issues Biodiversity and Conservation Ecosystem Organisms and population    3q   2-3     2-3 2       Important and difficult topics     Unit   Weightage   Chapters   No. Of Questions     Cell   9%    Cell Biomolecules Cell cycle and division    3-4 2 2     Structural Organization in plants and animals    5%    Morphology of flowering plants Anatomy of flowering plants Structural Organization in animals    3         3     2     Reproduction   9%    Reproduction in organisms Sexual reproduction in flowering plants Human Reproduction Reproductive Health    1-2   3-4       3-4   2       Additional Topics     Unit   Weightage   Chapters   No. Of Questions     Plant Physiology   6%    Transportation in plants Mineral Nutrition Photosynthesis Respiration in plants Plant growth and development    1-2   1-2   2 1   1-2     Biology and human welfare    9%    Human health and disease Strategy for enhancement in food products Microbes in human welfare    3-4   2-3       3     Biotechnology   4%    Principles and processes Applications    2-3   2       How to use the strategy efficiently This strategy of NEET important topics for two months can work out for you only if it is executed with wisdom. Here are few tips to follow to efficiently utilize your two months with this action plan:  Master one part first: Don't keep shuffling between the parts. Master one part completely to ensure 50% marks first. After that master the part two with important but difficult questions and still if you have some time left then put your hands on additional topics. Practice previous year’s questions: After you revise a topic thoroughly you must attempt all the previous year questions of the topic to be more confident. Attempt a mock test daily: You can’t ditch mock tests to secure a good score in NEET. Practice at least one reliable mock test daily. Focus on accuracy: Just cramming concepts or going through books and notes is of no use if you are not good at accuracy of solving the problems. Increase your accuracy levels to score best. Keep short notes handy: Make short sticky notes of important reactions, formulas or concepts to utilize interstitial time.  Additional Tips  Stay motivated and healthy Perform meditation daily Don’t compromise on your sleep but on your television and mobile hours to save time. Believe in yourself    No target is too big that you can’t reach with persistence and determination and no feat is too easy to get with ignorance. Utilize this two months NEET strategy with maximum efforts and come out of the exam centre with flying colors. ",70,"the, biggest, medical",JEE,6
"JEE Mains 2022: Expected Date| Strategies for JEE 2022, JEE 2023","JEE Mains and Advanced  2021 are on the doorsteps, but JEE 2022 is also on the way. We must not forget that 2021 has come more than halfway down and preparation time for JEE 2022 is getting trimmed with each passing day. Adding more to the gravity of the situation in the sudden announcement of the 12th board two-term board Exams pattern 2022. The usual strategy of preparing for JEE first and saving board exam preparation for Jan-Feb won’t work now. But again, relax as we are here for you. Smartness is always considered in being prepared forever situation. Now, when you know that your JEE preparation will face a speed breaker in Nov-Dec due to board exams, it is high time to prepare a solid strategy for JEE 2022 preparation.  JEE 2022 Expected Date The first session of JEE 2022 is expected in February fourth week and subsequent sessions are planned in March, April, and May. The dates are expected and subject to change if the situation is not conducive due to pandemic. But, you be prepared well for the exam based on these dates to prevent the last-time hassle. Pre-Requisites For the Preparation Don’t worry, we are not going to tell you to collect mock test series, previous year’s question paper, books, notes, etc. We know you are wise enough to have all the essential study material for JEE. We are going to mention some less emphasized but equally significant aspects of getting ready for a viable preparation.  Test Your Academic Status Quo: Before you start preparing for JEE 2022, you must first know your current knowledge level and how prepared you are if your exam is the very next day. Trust us, it is a very beneficial step before starting your preparation. To test your knowledge, do a previous year’s question paper and see the score you get. It will help you know how intense and in what direction you need to start. Balance Your JEE and Board Preparation: Since the first term of Board Exams 2022 is scheduled to be held in Nov-Dec, you need to keep a balance between your board and JEE Preparation. Divide the study hours according to your priorities and preparation levels for both exams. You must not ruin either or both the preparations due to mismanagement. Set a Practical Time Table: Before you start preparing for JEE 2022, it is very helpful to make a practical timetable to stay disciplined throughout the months left between the exam. By mentioning the word ‘practical’, we mean to say that don’t make a timetable out of emotions. Be realistic in your approach and devote only as much time to things as you can actually give for 4-5 months. There is no point in setting a 16-hour timetable if you can’t make even 12 hours in real. It will only end up depressing you.   Preparation Strategy  Analyze the Syllabus: Go through the syllabus and divide it into three groups of Most Important, Important, and unimportant topics. You can find important topics for JEE Click Here JEE Mains 2021: Most important topics for Maths, Chemistry & Physics Click Here   Divide the syllabus: Divide the topics further in sections based on your knowledge, I.e, Expert, Mediocre, Naive.  Action Plan: Now when you have three categories and three subcategories, follow the  pattern of preparation:   Most Important- Expert topics Most important- Mediocre topics Most Important-  Naive topics Important- Expert topics Important- Mediocre topics Important-  Naive topics Unimportant- Expert topics Unimportant- Mediocre topics Unimportant-  Naive topics  Preparing according to this action plan will help you work productively to get a good score.  Set a Test Day- Save a day in a week to test yourself on the topics covered in the week. Make a questionnaire from previous year’s question papers on the covered topics and analyze your scores and performance. It will not just boost your confidence but also help you track your growth. Keep Preparing Smart Notes: By smart notes, we meant to say that don’t fill bundles of notebooks by writing down everything you find significant. It’s JEE, almost everything is important. So make crisp and concrete notes. Note down only those things which you tend to forget, any exceptions, and important formulas. Try to make notes in a hierarchy to have them handy during final revision.   Save a Month For Last Revision: Plan your preparation in such a way that You finish your syllabus at least a month before the exam. This way you will have enough time to do a good revision and practice enough mock tests.  Additional Tips  Stay motivated and disciplined.  Don’t keep shuffling with your timetable and strategy. Stay healthy as it’s not a good thing to lose costly days to sickness. Believe in yourself.  Success doesn’t lie in the number of days left for the exam but in your dedication to making each day countable and productive. So, gear up with full determination and stop only in an IIT classroom. ",71,"jee, mains, and",JEE,4
JEE Mains 2021: Last Month Strategy| Boost your marks in last 30 days,"It would be foolish of us to ask you if you are ready for your JEE Mains 2021 as three attempts of the exam are held already and the fourth one is due next month. But, our promise to be with you throughout the journey is forcing us to help you in every possible way we can. So, we are back with our bundle of tips, tricks, strategies, and plans that might be helpful for you in getting a step closer to your dream of cracking through JEE 2021.  The fourth attempt of the exam is just a month’s gap now. To extract the maximum out of the latest four attempt patterns, you need to hit hard in this attempt to let no regrets sustain post the exam. Gather all your experience and knowledge from the previous exam and pour in all the efforts that will make the last month preparation for JEE Mains count the most. On our part, here is every important detail and strategy for this last month that can be critical for you: The pattern of the JEE Mains 2021 exam  Not everyone hits on every ball. Some believe in crossing boundaries with a six in a single shot. If you are one such aspirant who is appearing only in the fourth attempt of the exam then you must be aware of the pattern of the exam based on previous attempts.  Total Questions: 90 (30 each subject) Type of questions:20 MCQs and 10 Numerical answer type To be attempted: 25 questions from each section with 5 numerical answer type Last month strategy For JEE Mains The last hit needs to be the strongest and for that, you need to have a robust strategy that can catalyze your efforts effectively. Though different students have different productivity, for the last month it is necessary to be swift and smart. By now you must have known about your strong and weak zones of the syllabus. So, according to that here is a strategy that you can adopt for greater output in leftover days:  Trisect the month: Divide the month into three sections of 10 days each.   Section 1- Important Weak Topics: Cover all your weak topics that are important from the exam point of view in the first 10 days of the month.  Section 2- Important Strong Topics: Revise all your strong topics that are important for the exam. This will boost your accuracy. Section 3- Quick Revision: Keep the last 10 days before the exam for a quick revision of all the important topics for JEE Mains from the notes you have been making.   Practice a mock test daily: We have suggested to you numerous times practicing mock tests and will still emphasize it. In your last month strategy for JEE Mains, practice at least one mock test daily. It is better to practice previous years' question papers as a mock test for a real-time experience.  Evaluate and Analyse your Mock Test: After attempting the mock test evaluate and analyze your mock test for testing your growth. Improve your accuracy: focus on improving your accuracy in the exam as it is not the number of questions you will be attempting but correct answers that will count. Practice Mock Tests    Tips to give your best shot in the last attempt  Focus on the topics which were troublesome in the last attempts. Don’t start with any new book or topic as it may jeopardize your prepared topics.  Start cramming formulas and important results to keep them at the brim of your memory during the exam. Keep your last-minute note handy for quick revision. Don’t repeat mistakes made in previous attempts.  How to use experience from previous attempts If you have appeared in a previous exam then use the experience wisely. Here are some tips to learn from your experience: Time Management: Since you have appeared in the exam before so you are well aware of the pattern and time consumed by you in each section of the exam. Prepare your exam day strategy using that knowledge and try to increase your speed on the topics that took time in previous attempts. Strength and Weakness: Your previous attempts would have given you a good idea about your strong and weak topics. Emphasize both of these as it will add to your accuracy and speed in the last attempt. Work on panic zones: If you faced any anxiety or got panicked in previous attempts then this is the perfect time to work on that. Don’t ignore these psychological issues as they can significantly influence your performance in the exam. Additional Tips  Relax a day before the exam: Give your mind and body some rest and relax a day before the exam. Your mind needs to process all the information you have stuffed it within last month. Keep yourself healthy and hydrated: We know it sounds repetitive but yes, it is important enough to be repeated as you cannot keep your hard work at stake because of unwanted health issues. Meditate daily for your mental health and stick to a healthy and hydrating diet to stay fresh and sound. Do not panic before and during the exam: Imagine, you are sitting in the exam hall and unable to attempt the first 10 questions. Panicked? You must not. This is where to play daringly. No matter how many questions you are attempting, just maintain your cool as after some time your mind will resume its functioning and you will start solving the problems eventually. So, don’t lose your calm in any situation.  Conclusion We have already informed you about the important topics for the exam and multiple times we have given you tips from our in-house experts. So, gear up for cracking up the last attempt as toppers do by extracting from every second left for the exam. Make each day count so that you don’t have to wish for any more days of JEE Mains preparation before exam day and all you carry to the exam center is knowledge, confidence, and of course essential documents. Margdarshan wishes you all the best and we are eager to hear about your success stories.   ",72,"it, would, be",JEE,5
JEE Mains 2021 Marks v/s Percentile vs Rank| JEE Main Percentile vs Marks 2021,"All the four sessions of JEE Mains 2021 are over and results for three sessions are already out. Now in between JEE Mains and JEE Advanced lies a very significant aspect, the scores. To establish the eligibility for JEE Advanced aspirants JEE Mains 2021 score must lie between the set percentile range. With the word ‘Percentile' here comes the topic of this blog, which is JEE Mains 2021 marks V/s percentile.  Students are always baffled about the conversion of raw scores into percentile and how they are going to be evaluated based on the percentile for JEE Advanced and NIT Admissions. So, here we are with detailed information about the relationship between JEE Mains 2021 marks and percentile.  What is percentile and why is it necessary?  Now a very common and obvious question that might trigger your nervous system is that why to introduce a new parameter when we already have fair scores. Let us clear the air about that. JEE Mains is conducted in four sessions and despite all efforts, it is practically not possible to keep the difficulty levels of all the sessions to be equal. So to prevent any discrepancy in results and to provide a fair chance to all the aspirants, the normalization technique is used. Under this, the raw scores are converted into percentile based on a foolproof and well-studied formula taking the average raw scores of each session into account. In this way, students of equal caliber are placed into the equal percentile range to prevent any biases in the results.    How does NTA convert raw score to percentile? National Testing Agency uses a unique formula of Normalisation on how to convert raw score to percentile. The highest scores of each section are put under the same percentile and accordingly, the lower marks are turned into comparative percentiles. In this way, the students with the same potential are kept under the same percentile for a fair selection.   In case of ties:  The percentile score is calculated to seven decimal places to prevent the chances of ties, but, in case if there are students with the same percentile then the following criteria is followed :    A student with a higher rank in mathematics will get a higher rank.  For the same percentile and equal mathematics score students with a higher score in Physics will be ranked higher.  For equal percentile and equal marks in mathematics and physics students with a higher score in chemistry will be ranked higher.  For equal percentile and equal marks in all three subjects, student with less negative responses will be ranked higher.  If the tie remains then the older candidate will be ranked higher.  Aspirants who appeared for more than one session will be evaluated based on the best of all attempts score. Marks V/s percentile   JEE Marks and Percentile are associated based on guidelines developed by NTA after diligent consideration of keeping the process fair for all. The below table depicts Marks VS Percentile in JEE Mains 2021 based on the difficulty level of your exam. You can know your expected percentile based on your raw score with this. Your JEE Main marks and rank will decide your future in JOSAA counseling 2021 and JEE Advanced eligibility. The following table will help you to know about your next steps. It is a more comprehensive list as it is developed considering the difficulty factor of all the sessions. If your session was difficult on a comparative basis to other sessions then you are supposed to use column 4th for your percentile. For moderate and easy sessions use column 3rd and 2nd respectively.                Percentile Easy Moderate Tough Rank   100 295 290 285 1   99.937 286 277 268 600 - 750   99.869 282 260 251 1300 - 1500   99.76 272 250 245 2500 - 2800   99.581 264 230 220 4500 - 5000   99.3 255 220 211 7500 - 8000   99.158 251 211 206 9000 - 9500   99 247 206 199 11k - 12k   98.8 236 202 192 13k - 14k   98.724 233 199 188 14k - 15k   98.5 231 196 183 16k - 17k   98.314 227 191 181 18k - 19k   98.2 225 187 176 19k - 20.5k   98 223 184 173 22k - 23k   97.715 217 179 168 24.5 - 25.5k   97.5 213 176 163 27.5 - 28.6k   97.325 208 173 159 29.5k - 30.5k   97 205 166 156 33k - 34k   96.765 202 163 152 35.5k - 36.5k   96.5 199 159 150 38.5k - 39.5k   96.229 196 155 148 41.5k - 42.5k   96 192 153 145 44k - 45k   95.898 190 149 140 45k - 46k   95.345 185 146 137 51.2k - 52k   95 181 144 134 55k - 56k   94.876 179 142 130 56.5 - 57.5k   94.325 175 138 127 62k - 63k   94 171 134 126 66k - 66.5k   93.564 166 130 123 70.7k - 80.5k   93 162 126 118 76.5k - 77.8k   92.874 157 123 116 78.3k - 79k   92 154 119 113 85k - 90k   91.675 151 118 110 91.5k - 92.5k   91 147 113 106 99k - 1 lakh   90.765 142 111 105 101585 - 103k   90 140 108 102   1.1 lakh - 1.15lakh     85 110 90 78 1.65 lakh - 1.7 lakh   80 93 74 71   2.2 lakh - 2,21 lakh     70 75 65 62   3.3lakh - 3.4 akh     60 65 60 55   4.3 lakh - 4.5 lakh     50 46 42 40   5.5 lakh - 5.7 lakh     30 32 29 25 7 lakh - 7.8 lak   20 25 23 20 8. lakh - 9 lakh   10 20 17 15   9.5 lakh - 10 lakh     5 8 7 6   10 lakh - 10.5 lakh     0 -8 -10 -12 last          These table will help you in getting the best idea of your percentile and rank as per your raw score. So according to that you can start preparing for JEE Advanced and JoSAA counselling 2021. For more updates on JEE Mains 2021 and JEE Advanced 2021 stay tuned to Margdarshan. ",73,"all, the, four",JEE,4
Top Engineering Colleges in India by class 12th Marks| Admission in colleges through 12th board,"Getting admission to Engineering colleges is a tough call as most of the colleges take either JEE score or their own entrance exam score into consideration for providing admission. This becomes a faded state for the students who focussed more on their 12th board exams and couldn’t pay much attention to the entrance exams. Since we always focus on extracting out solutions for your problems, we are on the platform again with a remedy to this problem as well. Some good colleges around the nation offer admission to various engineering courses through a merit list generated based on a 12th mark. In fact, due to Covid-19 many Engineering colleges that used to take entrance exams switched to the 12th marks criteria for admissions. If you are also among the crowd that is dependent on 12th class scores for admissions then here is a list of best engineering colleges giving admission based on the 12th score: Ramaiah Institute of Technology  A well-known private engineering college. Ramiah institute of technology is situated in Bangalore.  Affiliated to VTU, the institute is accredited with A+ by NAAC. The institute is at par in infrastructure and educational features and these qualities enabled it to rank 59th in the top 100 engineering colleges in India. So, if you are unable to get a good JEE score but your 12 marks are under the eligibility criteria of the institute then this can be a good pick for your engineering career. Eligibility Criteria: For direct admission to RIT, you need to get through the merit list based on 12th class marks RV College of Engineering One of the flagship institutes of Rashtriya Shiksha Samiti Trust, the RV College of Engineering is extending excellence since 1963. The institute is ranked 58th in National Engineering Institutes. The sprawling campus of the institute is well equipped with advance educational facilities to make your academic span more productive. If you are unable to get into IITs or NIT's then this one is a good choice to start your engineering career with the help of 12th class score.  Eligibility criteria: Minimum 70% marks in science and Maths in class X, Min 65% in Physics and Maths in 11th Min 60% marks. Annual Fee: 3-10 lakhs (Based on course) VIT Vellore VIT Vellore used to conduct VITEEE each year for engineering admissions. But, this year owing to pandemic conditions the college has scrapped VITEEE and has made 12th class marks a basis for admission to various engineering courses. Vellore institute of technology is an institution with no less reputation than IIT's and NIT. This chance to get into this fantastic institute is worth grabbing with the help of your 12th class marks. Eligibility criteria: The candidate must pass 12th class from a recognized institute with at least 60% marks in Physics and mathematics as compulsory subjects and chemistry/biotech/computer science as 3rd subject. Annual Fee: 2.5 lakhs SRM University If you are dreaming of getting a great CTC after your engineering graduation then SRM University Chennai can be helpful. Admitting students on the basis of 12th class marks also, the engineering institute is great for learning and exploring new and innovative campus experiences. It is ranked 32nd in all India Institute of technology and is accredited A++ by NAAC.  Eligibility criteria: SRM conducts SRMJEE but a lateral entry is done on 12th class marks basis. The applicant must have at least 50% in Maths, Physics and Chemistry/ Biotechnology/ Computer science in class 12th from recognised board.  Annual Fee: 2-3 lakhs PICT, Pune  Pune Institute of computer technology is one of the most reputed private engineering institutes in India. I you are looking for a career in computer technology but don’t have a good rank in JEE then you can apply at PICT on account of your 12th class score. Though the institute considers MH-CET scores a separate merit list is also generated based on 12th class marks for management quota seats. Eligibility criteria: Minimum 50% marks in 12th class with physics and mathematics as compulsory subjects and chemistry/biotech/computer science Biology/ Technical Vocational subjects/Computer Science/ IT/ Informatics Practices/ Agriculture/ Engineering Graphics/ Business Studies as 3rd subject. Annual Fee- 1.5 lakh VIT, Pune Vishwakarma institute of technology Pune is affiliated with the University of Pune and is a highly recognized institute among technical colleges. Its high educational standards and avant-garde infrastructure managed it to get NAAC A++ certificate. The institute also has a great history of high paying placements with all big companies visiting the drive. Eligibility criteria: Minimum 50% marks in 12th class with physics and mathematics as compulsory subjects and chemistry/biotech/computer science as 3rd subject. Annual Fee- 1-2 Lakh MIT Pune MIT Pune also known as MIT World Peace University is also a highly recommended institute of technology in India. The university is famous for the cultural inclination as it integrates values with education. On akademik front the institute has a good history. Almost 80% of students off the institute are placed in good companies. You can consider it for your career in engineering on 12th class score basis. Eligibility: Minimum 50% marks in physics, maths and chemistry with English as a compulsory subject. Annual Fee- 2-3 lakh Apart from these institutes, some states carry a collective admission to engineering colleges based on 12th marks : Madhya Pradesh BE Admissions Directorate of Technical Education (DTE) conducts these admissions for B.E. The seats are allotted in participating institutes based on the common merit list. Priority is given to MP residents only. Counseling is done separately based on JEE Mains score and 12th marks score.  Eligibility: 12th class pass from a recognized board with maths and physics as compulsory subjects and Bio/ Chemistry/ Biotech/Computer science as the third subject.  Punjab BTech. Admissions: Punjab BTech. Admissions are conducted by Ik Gujral Punjab technical university based on 12th class marks. Most of the state colleges participate in these admissions. 85% of seats are reserved for Punjab candidates only. Counseling is done separately for JEE mains applicants and 12th class marks-based applicants. Eligibility:12th class pass from a recognized board with maths and physics as compulsory subjects and Bio/Chemistry/ Biotech/Computer science as the third subject. Rajasthan Engineering Admission Process REAP is conducted by Rajasthan Technical University, Kota for B.Tech admission based on 12th class marks and JEE mains scores. Institutes affiliated with RTU Jodhpur and CTAE Udaipur participate in these admissions. Candidates from all over the nation can apply for REAP. Eligibility: Minimum 45% marks in 12th class from a recognized board with maths and physics as compulsory subjects and Bio/Chemistry/ Biotech/Computer science as the third subject. You are never out of options, so work with your wisdom and put your 12th class score to work. Analyze the colleges and get yourself admission in engineering based on 12th class marks. ",74,"getting, admission, to",JEE,5
Top 5 NIT Colleges for CS in India| JEE Main cutoff for NIT CSE,"After IITs, most of the JEE aspirants trust NITs for an appealing career in engineering. Rather, some Top NIT Colleges in India are regarded more than many new IITs and if we consider the latest news of 1.51 crore per annum CTC Placement of a NITian, NITs justify this respect. Since JEE Mains scores are out, students are inquisitive about what they can expect from their scores about their NITs admission. So, here we present you detailed information and expected cut-off for the top five National Institutes of Technology. You can check whether you can get lucky enough to secure a seat in any of them.  Motilal Nehru National Institute of Technology Allahabad Motilal Nehru National Institute of Technology, also known as MNNIT Allahabad is one of the most prestigious institutes among technical colleges of not just the nation but internationally. The institute was established in 1961 and was attained the status of deemed university in 2002. MNNIT is impeccable not just in academic efficiency and research exposure but for amazing infrastructure as well. The sprawling library and well-equipped hostels are also a great reason that students are tempted towards this institute. MNNIT is approved by AICTE, accredited by UGC, and ranked 48 in the top 100 institutes by NIRF 2020. Institute admits graduation students based on JEE Main scores. Highest CTC got by any MNNIT student through campus placement is 40 LPA. NIT Allahabad CSE cut-off is expected to close at 3000 (for non-reserved candidate) ranks. If you want to know about the expected NIT Allahabad cut-off then stay tuned to Margdarshan.  National Institute of Technology Calicut Some NITs got a status no less than IITs and the National Institute of Technology Calicut is one such institute. Known for exemplary educational potential and bright career options through the research and development department, this institute is highly desired among the top rankers of JEE Main. NIT Calicut was established in 1961 and since then it has only grown in every term. The huge campus of 300 acres offers all the elements desired by a student in an amazing institute. It houses 8 centers, 3 schools, and 11 departments within the campus. NIT Calicut offers engineering graduation courses based on JEE Main scores. Approved by AICTE, this institute is ranked 23rd by NIRF. As for placements, the campus placement has offered a CTC as high as 50 LPA. NIT Calicut cut-off will be generated based on your JEE percentile and the number of seats available. National Institute of Technology Karnataka, Surathkal Hailing back from 1960, NIT Surathkal is nestled between the beautiful locales of Karnataka. The institute has garnered a huge reputation owing to the experienced staff and disciplinary achievements. Many JEE Aspirants dream to get admission to this fantastic institute as it offers high levels of academic satisfaction. Having 1 school, 12 centers, and 13 departments in the campus, NIT Surathkal is ranked 10th by NIRF in the engineering college category. The series of patents, regional academic center by ISRO, so many MoUs with various NITs and strongly backed academic programs are enough to attract students to this institute. NIT Surathkal cut-off will be generated after the conclusion of JoSAA counseling. National Institute of Technology Tiruchirappalli National Institute of technology also Tiruchirappalli popularly known as NIT Trichy is a government-driven technical institute established in 1964 as a regional engineering college. In 2002 it was declared as National Institute of technology. The institute is recognized also because of the amazing placement potential for the students. It is among the top NIT Colleges in placement. Each year more than 250 international companies visit the institute for campus placement and recruit more than 95% of the students participating in the placement. The institute is approved by AICTE and NIT Trichy cut-off for undergraduate students is based on JEE Main scores. National Institute of Technology Warangal Founded by former Prime Minister Jawaharlal Nehru, the National Institute of Technology Warangal also started as a regional institute initially. It was the first National Institute of Technology established in the country. Having a great infrastructure and more than 100 labs, the place reflects its experience in every deck and corner. Ranked 19th by NIRF, the institute has a record CTC of 51.5 LPA offered during campus placement. This rank can justify that why NIT Warangal CSE cut-off is always high. For undergraduate courses, the institute accepts admission based on JEE Mains scores, and NIT Warangal cut-off is set based on the percentile. JEE Mains 2021 cut-off is not declared yet but going by previous trends we formulated a table for you to get the best idea of the expected cut-off. But JEE Mains 2020: NIT Warangal cut-off, NIT Trichy CSE cut-off, NIT Surathkal CSE Cut-off , NIT Trichy cut-off CSE, NIT Calicut CSE cut-offs, NIT Allahabad cut-offs are    Institute Academic Program Name Quota Seat Type Gender Closing Rank   Motilal Nehru National Institute of Technology Allahabad Computer Science and Engineering (4 Years, Bachelor of Technology) HS OPEN Gender-Neutral 4222   Motilal Nehru National Institute of Technology Allahabad Computer Science and Engineering (4 Years, Bachelor of Technology) HS OPEN Female-only (including Supernumerary) 8841   Motilal Nehru National Institute of Technology Allahabad Computer Science and Engineering (4 Years, Bachelor of Technology) OS OPEN Gender-Neutral 3073   Motilal Nehru National Institute of Technology Allahabad Computer Science and Engineering (4 Years, Bachelor of Technology) OS OPEN Female-only (including Supernumerary) 6273   National Institute of Technology Calicut Computer Science and Engineering (4 Years, Bachelor of Technology) HS OPEN Gender-Neutral 9703   National Institute of Technology Calicut Computer Science and Engineering (4 Years, Bachelor of Technology) HS OPEN Female-only (including Supernumerary) 12146   National Institute of Technology Calicut Computer Science and Engineering (4 Years, Bachelor of Technology) OS OPEN Gender-Neutral 3682   National Institute of Technology Calicut Computer Science and Engineering (4 Years, Bachelor of Technology) OS OPEN Female-only (including Supernumerary) 6481   National Institute of Technology Karnataka, Surathkal Computer Science and Engineering (4 Years, Bachelor of Technology) HS OPEN Gender-Neutral 3115   National Institute of Technology Karnataka, Surathkal Computer Science and Engineering (4 Years, Bachelor of Technology) HS OPEN Female-only (including Supernumerary) 5481   National Institute of Technology Karnataka, Surathkal Computer Science and Engineering (4 Years, Bachelor of Technology) OS OPEN Gender-Neutral 1324   National Institute of Technology Karnataka, Surathkal Computer Science and Engineering (4 Years, Bachelor of Technology) OS OPEN Female-only (including Supernumerary) 3214   National Institute of Technology, Tiruchirappalli Computer Science and Engineering (4 Years, Bachelor of Technology) HS OPEN Gender-Neutral 4728   National Institute of Technology, Tiruchirappalli Computer Science and Engineering (4 Years, Bachelor of Technology) HS OPEN Female-only (including Supernumerary) 10332   National Institute of Technology, Tiruchirappalli Computer Science and Engineering (4 Years, Bachelor of Technology) OS OPEN Gender-Neutral 781   National Institute of Technology, Tiruchirappalli Computer Science and Engineering (4 Years, Bachelor of Technology) OS OPEN Female-only (including Supernumerary) 2757   National Institute of Technology, Warangal Computer Science and Engineering (4 Years, Bachelor of Technology) HS OPEN Gender-Neutral 2043   National Institute of Technology, Warangal Computer Science and Engineering (4 Years, Bachelor of Technology) HS OPEN Female-only (including Supernumerary) 3447   National Institute of Technology, Warangal Computer Science and Engineering (4 Years, Bachelor of Technology) OS OPEN Gender-Neutral 1541   National Institute of Technology, Warangal Computer Science and Engineering (4 Years, Bachelor of Technology) OS OPEN Female-only (including Supernumerary) 5035       Factors affecting Cut-off  Number of seats Difficulty levels of exam Category of applicant Number of applicants  As soon as JEE Mains 2021 cut-off will be released, we will inform you of all the necessary details. Till then analyze your chances and wait for the JoSAA Counseling 2021 to get to your dream college. ",75,"after, iits,, most",JEE,6
Top 20 IIIT Colleges in India| Best IIITs in India for Engineering,"Top 20 IIITs in India The season of admissions is full-on active these days and students are head-on heels to find about the best colleges they can get admission into for a dreamy future. When we talk about the best colleges then it would be unfair not to mention the Indian Institutes of Information Technology. We have 28 IIITs in our country and most of them are highly-reputed among students who want a good career in information technology, computer science, or electronics and communication engineering. No doubt that over the years IIITs have extended great engineers to the country. The quality of education has always been optimum in these institutes and many of them are competent to IITs even. JEE aspirants also keep IIITs in their goal list along with IITs and NITs. If you are one of the students who are looking forward to getting admission to one of the IIITs then here we present detailed information about the top 20 IIITs of India along with the expected JEE cut-off required to be eligible for these.   #1 IIITM, Gwalior IIITM, also known as Atal Bihari Vajpayee Indian Institute of Technology and Management came to the establishment in 1997. The institute is recognized by AICTE and UGC. Being one of the best institutes of information technology it admits engineering graduation students based on their JEE Main scores. The institute is ranked 81 by NIRF and the reasons behind are academic excellence and the amazing placement potential of the institute. You can consult the below list for the expected IIIT Gwalior cut-off. Average Salary- 14.5 LPA Annual fee- 1.5 lakh   #2 IIIT, Kota Initially guided by Malviya National Institute of Technology, IIIT Kota started in 2013. Though the institute is a bit new, it rose to students’ expectations in a small span. The institute is a collaborative venture of the Ministry of HRD, Central government, and state government of Rajasthan. The institute admits 200 boys and 200 girls based on JEE Mains score for B.Tech score. The institute participates in JoSAA Counselling for it. IIIT Kota CSE cut-off goes higher than Electronics and Communication engineering. Average Package- 12.7 LPA Annual fee- 2.2 lakh approx   #3 IIIT Guwahati IIIT Guwahati is yet another establishment by HRD Ministry and started in 2013. It comes under the Private Public Partnership scheme. The placement percentage of the institute is approximately 60%. Students in graduate courses are admitted based on JEE Mains score and JoSAA Counselling 2021. Given 73rd rank by NRF, the institute is at par in academic facilities.  Median Salary-  6 LPA Annual Fees- 2.25 lakh approx   #4 IIIT Kalyani IIIT Kalyani was set up in 2014 and was issues status of ‘Status of National Importance’ in 2017. Recognized by the Department of Scientific and Industrial Research, the institute has collaborated with NPTEL for giving certified online courses. It is among those IIITs that are most advanced in infrastructure and equipment facilities. Average Salary- 6.2 LPA  Annual Fee- 2.06 lakh approx   #5 IIIT Kilohrad IIIT Kilohrad, also known as IIIT Sonepat also established in 2014 under PPP by MHRD and the Government of Haryana. Its mentor institute is NIT Kurukshetra. It accepts 60 students for B.Tech courses based on JEE Mains Score. Highest CTC offered to an IIIT Sonepat student is 40.63 LPA and companies like Adobe, Oyo Rooms, Pine Lab, etc. visits the institute for placement. Owing to the demand of the institute you can expect the IIIT Sonepat cut-off to be high. Average Salary – 8.19 LPA  Annual Fee-1.20 LPA approx   #6 IIIT Una IIIT Una is also one of the IIITs settled by MHRD under the PPP Scheme in 2014. The institute is functioning in its mentor institute, NIT Hamirpur. The admission process to the institute is conducted by JoSAA and CSAB. The institute gained a good reputation and is visited by many big companies for placement. Average Salary- 4.5 LPA Annual Fee- 2.4 Lakh approx.   #7 IIIT Chittoor IIIT Chittoor, also known as IIIT Sri City was established in 2013 by collaborated efforts of the government of the center and the Andhra Pradesh Government. It is declared an institute of national importance.  The sprawling 80 acres campus is embedded with all the latest facilities and fascinating infrastructure. Average Salary- 7.5 LPA Annual fee- 2.6 Lakh approx.   #8 IIIT Vadodara Indian Institute of Information Technology Vadodara, is one of the most prestigious IIITs in the nation. The institute was established in 2013 and attained the status of Institute of National importance. IIIT Vadodara is premium not just in academic excellence but research exposure as well. The sprawling campus and well-equipped hostels are worth mentioning and tempt students towards it. IIIT Vadodara is approved by AICTE, accredited by UGC, and the placement percentage of the institution is 94%. Institute admits graduation students based on JEE Main scores and DASA. If you want to know about the expected IIIT Vadodara cut-off then stay tuned to Margdarshan. Median salary- 9 LPA Average fee- 2 lakh approx   #9 IIIT Allahabad Established in 1999, IIIT Allahabad attained the status of Deemed University in 2000. It was declared as ‘Institute of national importance in 2014 by the HRD Ministry. The institute is a celebrated educational hub among students. From infrastructure to academics, the institute is excellent in every aspect. The institute got 119th rank among the institute of BRICS nations in 2019 and 25th in the QS India ranking. It is visited by top international companies for campus placement. University allows B.Tech admissions based on JEE Main scores or direct admission. IIIT Allahabad cut-off will be generated by JoSAA as per the number of seats available. Average Package- 22 LPA Annual Fee- 1.8 lakh approx.   #10 IIITDM Kancheepuram Some IIITs got the status of the highly respected institute and the Indian Institute of Information Technology, design, and management Kancheepuram is one such institute. The Institute got exemplary educational facilities. IIITDM Kancheepuram was established in 2007 by the Indian government and is one of the best IIITs in India for B.Tech. The huge campus of 50 acres offers all the elements desired by a student in an amazing institute. IIITDM Kancheepuram offers engineering graduation courses based on JEE Main scores. Approved by AICTE, this institute is ranked between 151-200 by NIRF. As for placements, the campus placement has offered a CTC as high as 55 LPA. IIITDM Kancheepuram cut-off will be generated based on your JEE percentile and the number of seats available.    #11 IIIT Jabalpur Established in 2005, IIITDM Jabalpur is also known as Pandit Dwarka Prasad Mishra Indian Institute of Information Technology, design, and management. Many JEE Aspirants dream to get admission to this institute as it offers high levels of academic efficiency. It has 300 acres of huge campus. strongly backed academic programs are enough to attract students to this institute. IIIT Jabalpur cut-off will be generated after the conclusion of JoSAA counseling.   #12 IIIT Manipur IIIT Manipur, Also known as IIIT Senapati is one of the 20 institutes of information technology set up by the ministry of human resources and development. The institute was established in 2015 and received the status of institute of national importance. The institute has amazing potential for placements of students and is among the top IIIT colleges in India. Every year many international and national companies visit the institute for campus placement. IIIT Senapati cut-off for undergraduate students is based on their scores.  Average Salary- 5.4 LPA Annual fee- 1-8 lakh approx   #13 IIIT Srirangam IIIT Srirangam, also known as the Indian Institute of information technology Trichy was established in 2016. Functioning in NIT Trichy, the institute is famous for the academic excellence it offers to its students. Most of the top companies participate in the placement drive of the institute. Average Salary-12.7 LPA Annual fee- 1.6 lakh approx.  #14 IIIT Lucknow IIIT Lucknow was established in 2015 by the Ministry of Human Resources and Development. The Institute took no time in rising to the highest academic standards. Highest CTC offered to any student of IIIT Lucknow is 43 LPA. Eminent companies like Flipkart, Amazon, Google, Microsoft, etc. visit the institute for campus placement. You can expect the IIIT Lucknow cut-off to be high. Average Salary- 18.42 LPA Annual Fee- 2.6 lakh approx.  #15 IIIT Dharwad Another IIIT under MHRD'S Public Private Partnership Mode is IIIT Dharwad which was established in 2015. The Institute comes under the Institute of nations importance category. The Institute offers admission to B.Tech under Computer Science Engineering and Electronics and Communication Engineering courses. The admission is done based on JoSAA counseling. Average Salary- 7.4 LPA Annual fee- 2.4 lakh approx.  #16 IIITDM Kurnool Indian Institute of information technology, design, and management Kurnool was established in 2015. The Institute admits 143 students in each batch for B.Tech. IIITDM Kurnool is ranked 99th in JoSAA counseling in 2019. Highest CTC offered in the institute is 10.5 LPA which is good enough given to just six years of establishment. Average Salary- 4.77 LPA Annual fee- 1.3 lakh  #17 IIIT Kottayam IIIT Kottayam also got its official establishment in 2015 and is an institute of national importance. Spanning 53 acres of land, the institute is decked up with all modern facilities like wifi, gymnasium, well-equipped labs, etc. Admission to IIIT Kottayam is done on the grounds of JEE Main scores. Average Salary- 8.3 LPA Annual Fee- 2.2 lakh   #18 IIIT Ranchi IIIT Ranchi is yet another project under PPP by MHRD and is started in 2016. The Institute is young but is slowly gaining popularity among students. Two B.Tech courses are available in the constitution in Computer Science and Electronics and Communications branch. The infrastructure of the institute is appealing enough and the educational environment is also flattering. Average Salary- 7.2 LPA Annual fee- 1.5 lakh approx.   #19 IIIT Nagpur IIIT Nagpur was started in 2016 by MHRD, the State Government of Maharashtra, and Tata Consultancy Services Group. Based on JEE Main Score, the institute takes in admissions through JoSAA counseling. Average Salary- 8.2 LPA Annual Fee- 2.4 lakh  #20 IIIT Bhagalpur One of the latest IIIT in the country is IIIT Bhagalpur. It was developed in 2017 by MHRD under PPP Scheme. A unique element of the institute is that it is offering B.Tech in the Hindi language too.  Average Salary- 8.5 LPA Annual Fee- 2.1 lakh   For a better idea of IIITs cut-off, you can consult this list of expected cut-offs for various IIITs.  Click to see the document of IIITs cutoff ......... Margdarshan will update you with all advancements and information about IIITS admission 2021. So stay in tune with us. ",76,"top, 20, iiits",JEE,8
"CSAB 2021 Dates(out), Registration procedure, Documents, Seat allotment procedure ","CSAB used to conduct counselling for NIT, IIIT and GFTI but they were not included in JOSAA counselling. Now CSAB only conducts counselling for a special round which is conducted after the completion of 6 rounds of JOSAA . This round is for vacant seats. The Central Seat Allocation Board has released the CSAB 2021 schedule online. The CSAB 2021 schedule for the special round of seat allocation has been released at csab.nic.in. Interested candidates can participate in the special CSAB 2021 seat allotment by visiting the official website and registering for the seat allotment process. The CSAB 2021 registration window will be open from 28th to 30th November 2021 after the display of vacant seats after JoSAA counseling 2020 on 18th November 2021. Moreover, the seats left vacant after all the round of JoSAA 2021 will be displayed by the authorities on 18 November 2021. Further, registration, payment of participation and choice filling will start on 28th November 2021.  The Round 1 of Display of Seat Allotment Result will be on 2 nd Dec 2021 (Thu) (17:00 hrs) The last day for responding to query for Special Round 1 will be on 5 th Dec 2021 (Sun) Till 14:00 hrs The Special Round 2 of Display of Seat Allotment Result will happen on 7 th Dec 2021 (Tue). The reporting at the allotted institute, both in-person and online will begin on 7 th Dec 2021 (Tue) (12:00 hrs) To 9 th Dec 2021 (Thu) (12:00 hrs)  Central Seat Allocation Board will hold the counselling for admission through three channels – CSAB NEUT, Supernumerary, special rounds. Moreover, the registration procedure for CSAB NEUT has already begun from 9th November 2021.  Also read JEE Mains 2022 Preparation Strategy, Free Mock Test- Click Here  CSAB 2021 Special Round Schedule The Central Seat Allocation Board has announced the schedule for the CSAB Special Counselling Round for candidates who have attempted JEE Mains or JEE Advanced Exams. The schedule is as mentioned below, but the dates are subject to changes based on the circumstances at that given point in time.     Counseling Event   Dates     Display of vacancies after JoSAA Counselling Session   27th Nov 2021 (Sat)    Registration, Payment of Processing Fee, Choice Filling - Start Date   28th Nov 2021 (Sun)    Registration, Payment of Processing Fee, Choice Filling - End Date   30th Nov 2021 (Tue)    Display of Seat Allotment - Round 1   2nd Dec 2021 (Thu)       CSAB Special Round 2021 Eligibility All candidates who were eligible for JoSAA as per JEE Main 2021 Ranks will be eligible to participate in the CSAB special round as per the following eligibility norms:    Candidates who have not registered in JoSAA till now but are eligible based on JEE Main 2021 ranks, will be eligible for participating in the CSAB special rounds for NITs/IIITs/ other GFTIs (except IITs) as per JoSAA 2021 / CSAB 2021 rules. Those who participated in JoSAA and were allotted seats will also be eligible for participating in the Special Rounds for NITs/IIITs/ other GFTIs (except IITs). Those who participated in JoSAA but did not get any seat will also be eligible for participating in the Special Rounds for NITs/IIITs/ other GFTIs (except IITs). Candidates who participated in JoSAA and got a seat in an IIT will also be eligible for participating in the Special Rounds for NITs/IIITs/ other GFTIs (except IITs)  If a candidate fails to register for the special rounds from November 28 to 30, 2021, he/she will not be entertained for seat allotment. Candidates, who have opted“ Not to participate in the special round” at the time of reporting at the allotted institute, cannot register in CSAB special round.   THESE ARE THE PROCEDURE FOR CSAB 2021  FIRST- CSAB 2021 Registration  Once students have registered, they can fill in the details and upload the documents required. The documents as are necessary for CSAB slot allotment are as follows:  Academic records (10th and 12th marks sheet) Category Certificate PwD Certificate (If applicable)   The candidates would have to select their choice of courses and colleges for admission based on their preference. Once the candidate chooses their preferred course and college, they would not be allowed to make any more changes so they should select their option carefully. The CSAB registration fee is Rs. 21000, which has to be paid online via the SBI portal, this includes a processing fee of Rs.2000. CSAB fee refund: If the candidate wants a refund, they will get the amount back with a slight deduction of Rs 2000 or more.     SECOND- CSAB 2021 Registration Fee  The registration fee to participate in the CSAB 2021 special round counselling is as follows –     Candidate Type   Fee for General/ EWS/ OBC-NCL   Fee for SC/ ST/ PwD     Candidate who: -   Didn’t Register on JoSAA portal  (OR)   Registered in JoSAA portal but didn’t get a seat (OR)  Allotted a seat by JoSAA but didn’t pay Seat acceptance Fee (OR). Who have opted Exit Option(OR)  Earlier Seat Allotted in IIT    Rs. 37,000   Rs. 17,000    Candidate who have secured admission in allotted Institute after JoSAA Rounds in NIT+ System and paid the Partial Admission Fee of Rs 40,000/- or 20,000/- (their Seat Acceptance Fee already paid will be adjusted against the Participation Fee for CSAB special rounds)  Rs. 2000   Rs. 2000    Candidate who has Withdrawn/seat Cancelled (Last Allotted Seat Which Was Withdrawn/Cancelled Must Be from NIT+System Only)*after Document verification in JoSAA Rounds without change in the category and already paid Rs. 35,000/- or Rs. 15,000/-(their seat acceptance fee already paid will be adjusted against the Participation Fee for CSAB special rounds)  Rs. 2000   Rs. 2000    The candidate got a seat allotted in NIT+System in JoSAA rounds and paid the seat acceptance fee and Seat got Cancelled due to nonpayment of partial admission fee.  Rs. 2000   Rs. 2000        THIRD- Online choice filling and locking  Candidates who have successfully registered for CSAB special round and paid the application fee, can fill their choices for various vacant seats in NITs/IIITs/GFTIs, if they are eligible as per their category. Fresh choices must be provided for the CSAB special round and the choices filled at the time of JoSAA counselling will not be considered.  FOURTH- CSAB special round seat allotment  Seat allocation will be done, on the basis of candidates' JEE Main score, for the seat left vacant after seven rounds of JoSAA counselling. All the admitted candidates after the last round (JoSAA seventh round) of JoSAA who did not participate in special rounds, will also be considered for category up-gradation against the same allotted choice.  FIFTH- Freeze/Float/Slide seats  Options accepted for CSAB Special round: There are options provided to the candidates regarding the choice of program concerning the slot allocation. They are as follows:  Freeze-Candidates accept the seat which is offered and does not wish to move to the second round. Since their decision is final, the candidates will NOT be considered in Special Round-II. Slide-Candidates accept the seat which is offered, but if they find a program with better choices within the same Institute, they will accept that particular choice. If they are not selected, they will choose the first option given to them. Such candidates will be considered in CSAB special round 2. Float-Candidates accept the seat which is offered, but if they find a program with better choices in any Institute, they will accept that particular choice. If they are not selected, they will choose the first option given to them. Such candidates will be considered in CSAB special round 2. Surrender and participate in the next round-Candidates reject the seat which is offered, and they wish to participate in the second round for better choices. Candidates accept the seat which is offered, but if they find a program with better opportunities in any Institute, they will accept that particular choice. The candidate will have no claim over the seat allotted to them in the first round, and they have the chance of moving to the 2nd round. Surrender and not participating in next round-Candidates reject the seat which is offered and withdraw themselves from the counselling process. They can not move to round 2 of counselling, and they do not have to select the first slot as well.   SIXTH- Payment of seat acceptance  After Seat allotment, candidates need to make a choice whether they wanted to accept the seat or not. However, candidates need to pay the fees if they select Freeze/ Slide/ Float. For paying the CSAB Seat Acceptance Fee, candidates must pay using SBI MOPS. Check the Application fee from the table below and pay it accordingly.     Type of Candidates   Fee for GEN/ GEN-EWS/ OBC-NCL   Fee for SC/ ST/ PWD     A Candidate who: -   has been allotted a seat first time in Special Round and wants to accept the seat*.  (OR)   was allotted a seat in JoSAA2021 rounds but did not pay Partial Admission Fee    Rs 38,000/-   Rs 18,000/-    A Candidate who has SECURED ADMISSION (Paid PARTIAL ADMISSION FEE) at Allotted Institute through JoSAA rounds (NITs/ IIEST Shibpur/ IIITs/GFTIs) and has been allotted a new seat in Special Round-I, and wants to accept the seat. Nil (As such candidates have already deposited PARTIAL ADMISSION FEE). Nil (As such candidates have already deposited PARTIAL ADMISSION FEE).       SEVENTH- Reporting for seat confirmation     Status of their verification will be reflected in the candidate’s login section. Physical reporting is not required for seat confirmation in round 1. However, after the seat allotment result for round 2 is announced, shortlisted candidates will have to report at the allotted institute  Recommended: Margdarshan porvides free mock test series designed by experts for JEE Mains 2022 Click on the link to watch most common doubts: Youtube Video ",77,"csab, used, to",JEE,8
What to choose between Class 12th CBSE boards vs JEE Main 2022| Margdarshan,"The biggest dilemma in the lives of students strikes them when they are on the verge of giving their 12th board exams, and entrance exams where have to decide the point of their focus. JEE 2022 Aspirants are going through the same situation, as they are juggling between their JEE preparation and impending board exams. The dicey status quo can become depressing and can lead to wastage of time and energy. So, keeping our words to help you in every thick and thins, Margdarshan is here with some shreds of advice that might help you in emerging out victorious at both the battles, JEE and board exams.  JEE VS Boards The Difference There is a significant difference between both the exams as JEE Exam includes only Physics, Chemistry, and Mathematics whereas boards have additional subjects too and you have to emphasize on them also. Your preparation needs to be very theoretical and confined in boards but conceptual and wide spanned for the grand entrance.  The Similarity The silver lining to the situation is that both the exams have a big part of the syllabus in common and that makes simultaneous preparation of boards and engineering entrance easy.   The conclusive statement is that: To maintain a viable balance between preparation of both the exams, your approach should be highly efficient and pragmatic.    Relax! Take a deep breath and trust Margdarshan as we are here to provide you with tips and tricks that you can follow and maintain an artistic level equilibrium in both the preparations. These tips will help you know how to prepare for JEE and 12th board exams simultaneously.   To practice your JEE preparation, Margdarshan provides FREE Online Test Series  Free JEE Mains Test Series| JEE Mains Mock Test| Practice to Crack IIT Exam (marg-darshan.com)    The Precise Time   Actions are as perfect as is the timing of their execution and that saying goes well with your preparation for C.B.S.E boards 2022 and JEE Mains 2022 too. If you start too early then you might end up exhausted, bored, and confused before exams and if you start late then be ready to get panicked and hopeless, being honest, these exams are not a joke at all. To make a name in board exams and JEE as well, you need to start your preparations according to your capacity so that you can complete the whole syllabus from both points of view well before the exam and have sufficient time to revise.   Segregate the syllabus  Many parts of JEE syllabus are in common with board exams. Segregate the common topics and cover them first for simultaneous preparation. Leave the topics that are just in JEE syllabus for the time that you get after your board exams.   NCERT  Every teacher and senior of yours can swear about NCERT textbooks for board exams and their potential to help you score impeccably. Not just for boards, these magical books are a great help for JEE exams too, and covering them thoroughly can make a significant and big difference in your foundational preparation for the exams. Download NCERT books now for FREE: Click Here !!  Focus on boards first  You cannot ignore the fact that scoring well on boards is essential for your future. Taking them lightly to focus more on your JEE preparation can cost you big. In fact, preparing deeply for boards first will only help you as it will cover a good part of your JEE syllabus also. Additionally, if your board exams will go well then it will add to your confidence psychologically and you will prepare more enthusiastically for JEE Mains afterward. 12th Board exams are a turning point in a student's life and so is JEE exam for engineering aspirants. To make a distinct mark in both the exams is a tough but possible task and a smart strategy, self-confidence, disciplined preparation, and practice can help you do that effectively. So, make wise decisions for your future and stay tuned to Margdarshan for more updates and tips. Some good colleges around the nation offer admission to various engineering courses through a merit list generated based on a 12th mark. In fact, due to Covid-19 many Engineering colleges that used to take entrance exams switched to the 12th marks criteria for admissions. Top colleges for engineering based on 12th class marks| Margdarshan (marg-darshan.com)   Last but not the least, Make sure to keep calm during exam. Taking too much pressure of any exam can cause more harm than good. How to handle pressure during any exam? Preparation Tips for Exams (marg-darshan.com) ",78,"the, biggest, dilemma",JEE,3
New Year Resolution of JEE Aspirants| Preparation Resolution for JEE Aspirants 2022,"2021 is ending paving the way for 2022 and just like 2020, 2021 also had a pretty good proportion devoted to the jinx of COVID. Now apart from all the traditional hopes from the new year, we are also hoping to get a permanent break from the on-off cynical scenarios of the pandemic. Talking of traditions, the annual routine of new year resolutions is on its seasonal peak and we being your companion to success are yet again present for you with this burning topic of new year resolutions. Being a student, your life is very demanding for some strict and serious actions and if you are a JEE aspirant then the demands increase exponentially. So, to get the maximum out of your routine in your new annual chapter here are some new year resolutions for JEE Aspirants.  Wait! I know you are very much excited to know what your resolution should be but let me interrupt your excitement with a reality check. Here are some pointers. Get a pen and a paper and be honest in answering to every pointer.  Did you make a resolution last year?  If yes, jump to the next pointer If no, jump to pointer 3  Did you manage to stick to it for more than 6 months?  If yes, jump to the conclusion If no, jump to the next pointer  Are you stalwart on following your resolution wholeheartedly this year?  In either case, jump to the conclusion. Conclusion Structuring up a resolution is a fragile move if you lack a strong determination and a strict demeanor to follow it effectively. It is very easy to announce a resolution on new year's eve’s party with your friends but it becomes more difficult to follow it from the very next day when your sleep-stricken eyes ditch your alarm clock. So, if you are ready to battle with your procrastinating and lazy side then only continue with this article. Merely reading the resolutions and picking your personal favorite is just a joke to yourself.  If you feel that you are ready to embrace the true motive of resolving for the new year then here are some great and helpful resolutions to add to your productivity and catalyze your JEE preparation speed.   I resolve this year that I will maintain my health in its pink.  There is no valuable wealth than health as if you are not healthy then you won’t be able to put in desired efforts in your studies as well. So, one of the foremost new year resolutions for JEE aspirants must be to keep themselves healthy. Avoid junk food, drink an ample amount of water, eat a balanced diet, do yoga and exercise daily, and set up a healthy routine for yourself this year, and enjoy the outputs in your academic productivity.  I resolve that I will minimize my screen time this year.  The biggest pitfall in the passage of JEE preparation is the distracting elements like social media, OTT channels, and the constant ding-dong of your smartphone notifications. We all know that once you start scrolling your mobile then minutes turn into hours rapidly and at the end of the day you realize that the whole day went in vain. Stop using social media, watching series and movies, and wasting time online as these habits can wait but JEE won’t.  I resolve that I will learn something new almost daily this year.  Student years are a golden time to learn and the maximum you learn in these years will show up in your personality in the future. Start reading good books, join online courses of your interested niche, learn new and advanced topics of JEE, or polish your skills. The keyword is LEARN DAILY! Don’t let any day go to waste and enrich your portfolio each day with new skills, knowledge, and information.  I resolve that I will increase my study hours this year.  You yourself don’t know your true potential and if you push yourself a bit more then you might get surprised with your new outputs. This year resolve to increase your study hours if you feel that you can snatch more time for studies from your routine.   I resolve that I will do at least one mock test series daily this year  We know that we have told you the benefits of doing mock tests umpteen times but we can’t help as they are worth it. So, if you are still lacking mock practice then resolve to do at least one mock test series daily. It will boost your JEE preparation vividly. For most realistic and exam oriented test series you can practice the free mock test series provided by Margdarshan. Our test series are smartly designed by subject experts. Your resolution depends on your current routine and these are just a help. Our main motive is to encourage you to bring positive and efficient changes in your life taking the excuse of the new year. Important Points If you are ready with your resolution then please keep the following points in your mind to get maximum out of your determination: Be practical The biggest reason behind failure in your resolution is setting up a target that is not achievable practically. So, aim for the routine and habits that are practical to follow.  Be Mature Don’t follow a routine or resolution just to boast about it. Be honest to yourself as you are not a kid anymore. Be mature and resolve for outputs, not praises. Be diligent  After a week, fortnight, or a month your energy and enthusiasm will start waning. This is the time when you are most intent to drop the resolution and give in to your laziness. Show your tenacity at that point to sustain to your words. Add resolutions-  It is not written in any constitution or any holy book that you have to wait for the new year for sticking to some good habit. So when you become habitual to previous resolutions, add some more to your routine. It is never bad to be good after all. Take breaks  It is always good to take breaks from your routine to prevent monotony. Take monthly breaks from your routine and get a cheat day for recreational activities. Enjoy the break to the fullest and resume your routine afterward with more energy. Celebrate your success Treat yourself with your favorite meal or anything you like quarterly or in two months to celebrate the success of your resolution. This way you would be more motivated to follow your new year resolution.  Margdarshan wishes you a very happy and prosperous New Year and we hope that this year proves to be a positive turning poi t in your career.  ",79,"2021, is, ending",JEE,5
JEE Main & JEE Advanced 2023 FREE Mock Tests | Attempt Free Mock Test,"Lakhs of students sit for competitive exams like JEE and NEET every year but only thousands gain success. The success stories of these students have one common denominator- mock tests and mock tests. All toppers and qualifiers swear by this mode of revision. The benefits of mock result analysis are a bunch and we, at Margdarshan, are here just to tell you all about it! Why you should be solving mock tests regularly?    Reduces anxiety  Simulation of a real exam reduces anxiety on the day of the exam. Familiarity helps you calm down. It provides you with an idea of where you stand. Solving mock tests helps you to tackle pre-exam stress.    Strategy making  Mock tests can help devise new strategies based on the assessment which will aid in improving the score. You can find out your strengths and weaknesses and develop approaches to solve the questions by that. Evaluate and analyze your mock test results regularly.    Enhances yourself  Regular mock tests increase your attention span, speed, accuracy, concentration, and ability to filter the questions. This gives a better insight into how to prioritize the questions and sections in your exam.    Time management  You get a better understanding of time distribution and time allotment. You can come up with an ideal time range that suits you, for different sections of the exam.    Memory booster  Mock tests improve your memory for the questions you have previously solved wrong. Solving such questions and making a note of them helps in brushing up your weak areas. This helps in rectifying your mistakes.    Where do you stand?  In the case of competitive exams like JEE and NEET, mock results give you an idea of where you stand. You can review the areas you need to work on and improve on. You attain a goal to work towards.     Practice makes a man perfect!    Some key points to remember while solving mock tests:  Solve as if you are taking the main exam. No distractions, no sneak-a-peek, no pauses. Always analyze your mock results. Solving hundreds of mock tests won’t be of any use if you are not analyzing and evaluating them. Learn from your mistakes. All solve and no assess makes Jack a dull boy! Maintain a notebook for your wrong questions and make it a point to refer them. Focus on the quality of your mock tests instead of the quantity. There is no magic mock test number that guarantees success. Instead, aim for quality material. Don’t jump directly to mock tests. Get your basics right. Initially, start by taking one mock test so that you have a rough idea of where you stand. Following this, understand the concepts, solve problems, and apply your knowledge. You could start taking mock tests after this. Remember to increase the frequency of test taking as you approach the later days of your preparation. Finally, find your pace. What works for others might not work for you.  We hope we have convinced you to take up mock tests seriously. Do you want to give it a shot right now? You can take Margdarshan’s carefully crafted free JEE Main & Advanced mock test here. ",80,"lakhs, of, students",JEE,2
JEE Advanced 2022: Last 21 days | Preparation strategy and tips & tricks for JEE Advanced 2022,"Now that JEE Main exam 2022 results are out and the registration date for JEE Advanced exam 2022 has been released, it leaves you with the final 21 days to fully utilize your time to excel in the JEE Advanced exam. You need to strategize these 21 days so that you make the most out of them. Read further to know how to do that.  Strategies for the last 21 days- What you should do and what you should avoid?  Revise & revise  Make sure you make your schedule in a way that you revise the most important topics in the last few weeks of the JEE Advanced exam. Revise your sticky notes and formulae. Dedicate some time each day for your weaker/ difficult areas. Make sure your basic concepts are clear. Check out the top 3 revision strategies here.    Solve previous years’ JEE Advanced question papers  Refer to past year’s question papers and make it a point to thoroughly prepare those topics. Analyze the questions and self-evaluate. Come up with a strategy to solve JEE Advanced paper and manage your time distribution accordingly.    No last-moment changes!  Do not change your source of preparation at the last moment as it will disrupt your pictorial memory of what you have revised. Revise your weaknesses and brush up on your strengths.    Mock tests  A mock test a day keeps anxiety away!  Mock tests are an effective way to revise your strategies. Practice a mock test every day on the same exam timings. Try to maintain the same exam environment. Understand the paper pattern. You can start this by taking Margadarshan’s carefully crafted mock tests here.    No night owling!  Do not sleep on this very minute yet important aspect. Follow a schedule and sleep accordingly. Make sure to adhere to it. You don’t want to wake up tired on D-day.     Some important topics for JEE Advanced 2022: Physics, Chemistry & Mathematics             Physics: Modern Physics                          Thermodynamics                          Work, Power, Energy                          Wave Optics                          Electromagnetic Induction     Chemistry: Thermodynamics                         P- block elements                        Chemical bonding                        Metallurgy                       Carbonyl Compounds Mathematics: Quadratic equations                         Probability                        Permutations and Combinations                       Vectors                      Trigonometry Don’t rely on just these topics. Research your own and revise your weak topics. Some things to remember-  Take adequate sleep and diet. An empty stomach leads to an empty mind. Avoid going out and eating outside food so that you don’t fall ill. Make minimum contact with negative people and surround yourself with family and good friends. Avoid preparation discussions with your peers in the last few days. Don’t let your mock test results affect your confidence. Don’t overburden yourself. Take adequate breaks to remain fresh. This will enhance your retention power.  Lastly, try to maintain your calm. You have prepared for the past 2 years. No one else’s planning and strategy is going to help you. Have a little faith in yourself. We know you will do great! Here are some pearls of wisdom on how to crack the JEE Advanced 2022 exam. All the best! ",81,"now, that, jee",JEE,2
Top Branches Cutoffs for NITs 2022 | JEE Main Counseling Process 2022,"JEE Main 2022 results are out and this is a golden chance for you to get into the top colleges like NITs and IIITs. You must be wondering how to proceed further. How to fill out the form? What is the cutoff for different fields? What is the difference between cutoff percentile and cutoff rank? Read here to know more. JEE Main counseling 2022 is expected to start in the first week of September for which the registration process starts in the last week of August. Following this, there would be two mock seat allocations. The final JEE Main counseling 2022 process will have six rounds. This post will act as a guide for you to understand which preferences to opt for while filling out the JEE Main 2022 choice filling form.  Check out this table for a broader idea of cutoff of NITs for UR category for different fields. Know more about the top NITs for CSE in India.           Colleges CSE ECE ME EE CE Chem Engineering   National Institute of Technology, Tiruchirappalli 714 3105 9035   16034 14501   National Institute of Technology Karnataka, Surathkal 1111 4246 11458   19187 14553   National Institute of Technology, Warangal 1520 5092 12485   20883 17305   National Institute of Technology, Rourkela 2327 6164 16075 11544 24581 20239   Motilal Nehru National Institute of Technology Allahabad 2751 9238 18047 12648 27329 23040   Malaviya National Institute of Technology Jaipur 3142 9726 19453 14500 27936 24715   National Institute of Technology Calicut 3436 8647 18621   29982 26508   Visvesvaraya National Institute of Technology, Nagpur 4751 10276 21346   32659 30181   Sardar Vallabhbhai National Institute of Technology, Surat 5337 12810 24985 17785 34995 31460   Maulana Azad National Institute of Technology Bhopal 7244 13845 26985 19898 35372 32372   National Institute of Technology Delhi 7614 14427           National Institute of Technology Durgapur 8345 13265 27912 19785 37450 35345   National Institute of Technology, Jamshedpur 8569 14247 27602 21333 35817     Dr. B R Ambedkar National Institute of Technology, Jalandhar 9117 14684 29582 22288 38735 36008   National Institute of Technology Hamirpur 10499 16580 31202 24427 40957 37944   National Institute of Technology Raipur 10903 17379 31771 25527 41146 39898   National Institute of Technology Goa 11419 17449 28232   41098     National Institute of Technology, Silchar 12477 18809 33750 29545 44894     National Institute of Technology Patna 14394 21973 37059 28195 43265     National Institute of Technology Puducherry 16126 23031 34703   43557     National Institute of Technology, Uttarakhand 16613 23391 39706   45890     National Institute of Technology, Andhra Pradesh 18795 28570 41928   49142 43302   National Institute of Technology Agartala 19692 28735 42915 38398 52016 51250   National Institute of Technology Meghalaya 19728 28092 46562   52661     National Institute of Technology, Srinagar 26253 36676 52104 45495 57541 56504   National Institute of Technology Sikkim 26475 37950 47504   54730     National Institute of Technology Arunachal Pradesh 28763 39301 52337 46792 56427     National Institute of Technology, Manipur 29628 37302 52426 46926 54187     National Institute of Technology Nagaland 31230 41534 54423   57952     National Institute of Technology, Mizoram 31967 43465 54715   58055     National Institute of Foundry & Forge Technology, Hatia, Ranchi     66727         National Institute of Technology, Kurukshetra   12006 24586 17768 35376        Following the allocation of seats, you could decide to freeze/ float/ slide/ withdraw.  Freeze: If you are happy with your allocated seat and do not want to take part in the further JEE Main 2022 counseling process, then you could go for this option. Float: If you want to participate in the subsequent rounds to upgrade your seat while keeping your allocated seat, you should opt for this option. Slide: If you want to upgrade to a different course within your allocated institute, this is your option. Withdraw: This choice gives you the right to give up your allocated seat. All the best!    ",82,"jee, main, 2022",JEE,3
WHAT TO EXPECT AFTER GETTING INTO MEDICAL SCHOOL? | NEET UG RESULT 2022,"NEET UG 2022 result will soon be declared, and you will get busy with the admission process. We know the process is a bit stressful but believe us, it’s rewarding. You must be confused as to what to expect from a medical school. We are here to help you with that. MBBS in India is a 5.5-year-long degree including a one-year mandatory internship. You will be learning 19 subjects in 4.5 years of your college. The subjects are –  Anatomy Physiology Biochemistry Pathology Microbiology Pharmacology Forensic Medicine & Toxicology Ophthalmology Ear, Nose & Throat (ENT) or Otorhinolaryngology Preventive & Social Medicine Medicine Surgery Obstetrics & Gynecology Pediatrics Psychiatry Dermatology Orthopedics Radiology Anesthesia  Along with these major subjects, there will be minor subdivisions within your subjects like Embryology, Histology, Neuroanatomy, and Parasitology.  We hope we haven’t scared you. This looks like a lot but you will eventually get a hang of it. Let’s break some more misconceptions –  A lotttt to study!!  This is a very popular opinion that in medical school everyone is submerged in books and we are aware our list of subjects above isn’t helping our cause. We won’t lie to you. It’s true but it’s manageable. There are people who have survived medical school before you and you definitely won’t be the last. Toss that worry out the window.  No social life?!  This is an extrapolation of the previous point. Studying doesn’t mean you have to put a stop to your social activities. Medical school is all about learning how to juggle your responsibilities.  You have to mug everything up!  DO NOT DO THIS! We can not stress enough how wrong and misguided this piece of information is. Medicine is nothing to mug up. You need to understand what you are learning and apply them in your practice. Mugging never helps you when a patient comes to you for treatment.  NEET PG preparation must start from your first day!  Absolutely not! Your medical school is for you to learn medicine. Though there is no perfect time for you to start your NEET PG classes/ preparation, you have to navigate your way through medical school.   You have to decide on a specialization in your first year!  No! Medical school is for you to explore all fields and acquire an in-depth knowledge of them. Do not go with a blinkered mindset. Our glorified version of domains might not be the reality. You might lose on golden opportunities to learn in other fields. Theoretical and practical interest is different in medicine. You probably will understand this better once you are in your internship. Some pearls of wisdom for you:  Read daily, do not skip. Make YOUR notes and revise them.  Reference books are THE greatest source of medical knowledge but do not rush towards them just because everyone else is. Find books that you are comfortable with and that you do understand. Do not miss your practicals. Develop your examination and soft skills. Do not undervalue your minor subjects like Embryology, Histology, and Neuroanatomy in the first year. Make use of YouTube and the vast knowledge that it provides. Medical school can be and will be brutal. You could give your best and still not get the desired results but be patient. What doesn’t kill you only makes you stronger! Pursue your hobbies. Find time for yourself. Medical school gets overwhelming, and we understand that, but this is your first major college experience, and make the most of it.  All the best! ",83,"neet, ug, 2022",JEE,2
CUTOFFS OF TOP IITs | JEE ADVANCED 2022 CUTOFF,"JEE Advanced 2022 will be conducted on 28 th August, Sunday. As D-day is nearing, your intensity of preparation must be increasing as well. We hope you are following our JEE Advanced 2022 study tips. After practicing your mock tests, setting an aim actually helps you to gauge your strategies accordingly. We are here to help you with that. There are a total of 23 IITs in India with 16,234 seats. The cutoff will be released by JoSAA after the declaration of results. Following this, a common rank list will be released. You can check this at www.josaa.nic.in. The last year’s cutoff for JEE Advanced for different IITs and different streams is:          College Name CSE EE ME CE Chem Engineering   Indian Institute of Technology Bombay 67 434 1241 2213 3304   Indian Institute of Technology Delhi 100 553 1743 2311 3832   Indian Institute of Technology Madras 163 1009 2491 4055 5740   Indian Institute of Technology Kanpur 216 1297 2823 4063 5648   Indian Institute of Technology Kharagpur 285 1620 2896 4149 5855   Indian Institute of Technology Roorkee 414 2074 3759 4724 6418   Indian Institute of Technology Hyderabad 521 2094 4787 6079 7775   Indian Institute of Technology Guwahati 600   4502 5725 7545   Indian Institute of Technology (BHU) Varanasi 873 3446 6557 7791 8775   Indian Institute of Technology Indore 1228 3725 7240   9380   Indian Institute of Technology Gandhinagar 1519 3923 6921 8711 9848   Indian Institute of Technology Ropar 1876 5136 8012 9702 10426   Indian Institute of Technology Bhubaneswar 2304 5877 8741   12396   Indian Institute of Technology Patna 2732   9779 11673 12677   Indian Institute of Technology Jodhpur 2897 6567 9327 11177     Indian Institute of Technology (ISM) Dhanbad 2968 6933 8826 10397 10943   Indian Institute of Technology Mandi 3041 6660 9114   11699   Indian Institute of Technology Tirupati 3441 7657 10743 13557 13843   Indian Institute of Technology Goa 4104 8544 12001       Indian Institute of Technology Dharwad 4718 9463 12605       Indian Institute of Technology Palakkad 5227 9435 12351   14227   Indian Institute of Technology Jammu 5238 9988 12989 14513 14700   Indian Institute of Technology Bhilai 5644 9725 12665        Some key pointers in determining the cutoff for JEE Advanced 2022:  Level of Difficulty of paper. The total number of students sitting for the exam. Availability of seats in different institutes and different streams. Previous year’s JEE Advanced cutoff.  Now that you have an idea of the expected cutoff, you can strategize your question-solving techniques and come up with your pattern. Watch this for some last-minute tips and tricks by an IITian. All the best! ",84,"jee, advanced, 2022",JEE,2
JEE ADVANCED 2022 CUTOFF | PAST CUTOFF TRENDS OF JEE ADVANCED ,"JEE Advanced 2022 was conducted on 28 th August 2022. The final JEE Advanced 2022 result will be declared by IIT Bombay. This will determine your marks as well as rank. Here is an analysis of JEE Advanced 2022 paper. Following this, a common rank list will be declared by JoSAA on www.josaa.nic.in. After carefully examining past cutoff trends of JEE Advanced, our team of experts has come up with an expected qualifying cutoff for 2022 JEE Advanced. Here is a list of cutoffs for general category students in the last seven years.             Year       Cutoff Marks Cutoff Percentage Total Marks   2016 74.4 20 372   2017 128.1 35 366   2018 90 25 360   2019 93 25 372   2020 69.3 17.5 396   2021 63 17.5 360   2022 72 20 360    The cutoffs for various streams of different institutes would vary. Read this to know more about last year’s cutoffs of different IITs. All the best! ",85,"jee, advanced, 2022",JEE,1
What after JEE Advanced 2022? | College Counseling And Admissions for JoSAA 2022,"The answer key of JEE Advanced 2022, which took place on 28th August, was released today, 3rd September. Students can avail of this answer key at www.jeeadv.ac.in. The final result will be released by IIT Bombay on 11th September which will consist of JEE Advanced category-wise All India Rank (AIR), and individual marks. You might be able to gauge where your stand from your answer key tomorrow which might leave you with some questions. What after JEE Advanced? What are your options? We are here to answer all of your questions. Once the results are announced, you will get to know about the qualifying cutoff which is the minimum amount of marks that you need to be eligible for IITs. JoSAA counseling will start after the declaration of results wherein students will have to fill choices of institutes and streams based on their preferences. A seat will be allocated to you based on your rank and preferences. This process consists of two mock allocation rounds followed by six main rounds. Check out the stream-wise cutoff for top IITs here & here. If not IIT then what? Those of you who still are on the fence about getting into an IIT can back up your plans by applying to NITs and IIITs. There are 31 NITs and 25 IIITs to apply to. You can check the cutoff of NITs, and the different streams they offer, here. The counseling process to be followed for this is the same as for IITs. Is there any other option? Yes, there is. You can go for state rounds. Many respectable colleges’ admissions come under state counseling rounds. The majority of states held their own counseling rounds like MH DTE for Maharashtra, DTE MP for Madhya Pradesh, TNEA for Tamil Nadu, AP EAMCET for Andhra Pradesh, etc. The details for these could be accessed from their respective websites.  Are you still unsure? If you still are unsure about your college, unhappy with your result, or determined on getting into an IIT or a better college, you could consider taking a drop year. Though it is a big decision, you could avoid being unhappy in a suboptimal college or field. Dropping a year now is better than giving four years of your life to a place you don’t enjoy learning. You should weigh all pros and cons of your decision of dropping a year before actually going forward with it. You could watch this to clear your doubts regarding this. What after allocation of seats? Following the allocation of seats, you could decide to freeze/ float/ slide/ withdraw. Freeze: If you are happy with your allocated seat and do not want to take part in the further counseling process, then you could go for this option. Float: If you want to participate in the subsequent rounds to upgrade your seat while keeping your allocated seat, you should opt for this option. Slide: If you want to upgrade to a different course within your allocated institute, this is your option. Withdraw: This choice gives you the right to give up your allocated seat. All the best!   ",86,"the, answer, key",JEE,2
JoSAA 2022 Counselling Schedule | Seat matrix for JEE Advanced 2022,"JEE Advanced 2022 answer key was released on 3rd September 2022. IIT Bombay will release the JEE Advanced 2022 result on 11th September 2022, Sunday. This result will consist of JEE Advanced category-wise All India Rank (AIR), and individual marks. Once the results are out, you will get to know about the minimum qualifying cutoff which is the minimum amount of marks that you need to be eligible for IITs. JoSAA counseling will commence on 12th September 2022 following which there will be two mock seat allocations and six seat allocation rounds.        Date Event   September 3, 2022 Declaration of JEE Advanced 2022 Answer key.   Check here.   September 11, 2022 Declaration of JEE Advanced 2022 Result   September 12, 2022  Commencement of JoSAA 2022 registration   September 18, 2022 Display of mock seat allocation-1   September 20, 2022 Display of mock seat allocation-2   September 21, 2022 End of JoSAA 2022 registration   September 22, 2022 Reconciliation of data, verification, and validation of allocated seats   September 23-27, 2022 Seat Allocation round-1   September 28- October 2, 2022 Seat Allocation round-2   October 3- 7, 2022 Seat Allocation round-3   October 8-11, 2022 Seat Allocation round-4   October 12-15, 2022 Seat Allocation round-5   October 16-17, 2022 Seat Allocation round-6/ Final round for IITs           You can check the JoSAA schedule in detail here or www.josaa.nic.in JoSAA seat matrix  A total of 2.5 lakh students appeared for JEE Advanced 2022 and JEE Main 2022. Only 1,60,038 had registered for JEE Advanced 2022 out of which only 1,56,089 took the exam. A total of 116 institutes are participating in the JoSAA 2022 counseling as against 114 in 2021.                      A total of 2024 seats have been added in all institutes under JoSAA. Out of these 534 new seats have been introduced for female candidates.        Seats (excluding females) in NIT's reduced drastically by 154, but there is an increase of 151 seats for female supernumerary and only 3 seats are reduced in total.  New Seats added in each category:       OPEN OPEN-PwD GEN-EWS GEN-EWS-PwD SC SC-PwD ST ST-PwD OBC-NCL OBS-NCL-PwD   777 41 133 19 334 11 153 11 515 30       According to the seat matrix, a total of 16598 seats will be admitted in 23 IITs in the country. Of these, 1567 seats are for women. This year there are 366 more seats in IIT institutes than last year. Last year there were 1,534 seats for women in IITs. Similarly, there has been an increase of 980 seats (including female supernumerary) in IIITs and 681 in GFTIs.          A total of 23994 seats will be admitted to NIT.  There are 6759 seats available for admission in GFTI.          College Name  Number of seats in 2022    IIT Bombay 1360   IIT Delhi 1209   IIT Kharagpur 1869   IIT Madras 1133   IIT Roorkee  1353     Here is a compact list of contact information of colleges:         Name Website Email ID   Indian Institute of Technology Bhubaneswar www.iitbbs.ac.in ar.acad@iitbbs.ac.in, office.academic@iitbbs.ac.in   Indian Institute of Technology Bombay www.iitb.ac.in dracad@iitb.ac.in, dean.ap.office@iitb.ac.in   Indian Institute of Technology Mandi www.iitmandi.ac.in registrar@iitmandi.ac.in,   Indian Institute of Technology Delhi www.iitd.ac.in deansa@admin.iitd.ac.in,   Indian Institute of Technology Indore www.iiti.ac.in araa@iiti.ac.in, manageracademic@iiti.ac.in   Indian Institute of Technology Kharagpur www.iitkgp.ac.in arug@adm.iitkgp.ac.in, chairjee@adm.iitkgp.ac.in; vcjee1@adm.iitkgp.ac.in   Indian Institute of Technology Hyderabad www.iith.ac.in dr.acad@iith.ac.in, ar.acadug@iith.ac.in   Indian Institute of Technology Jodhpur www.iitj.ac.in chair_jee@iitj.ac.in, office_jee@iitj.ac.in   Indian Institute of Technology Kanpur www.iitk.ac.in jeeadv@iitk.ac.in, jee@iitk.ac.in   Indian Institute of Technology Madras www.iitm.ac.in drcourses@iitm.ac.in, cacad@iitm.ac.in   Indian Institute of Technology Gandhinagar www.iitgn.ac.in academics@iitgn.ac.in,   Indian Institute of Technology Patna www.iitp.ac.in aracademic@iitp.ac.in, chairjee@iitp.ac.in   Indian Institute of Technology Roorkee www.iitr.ac.in admnreg2021@iitr.ac.in,   Indian Institute of Technology (ISM) Dhanbad www.iitism.ac.in chairman_jeea@iitism.ac.in, subindu@iitism.ac.in   Indian Institute of Technology Ropar www.iitrpr.ac.in dracademics@iitrpr.ac.in, academics@iitrpr.ac.in   Indian Institute of Technology (BHU) Varanasi www.iitbhu.ac.in doaa@iitbhu.ac.in, academics@iitbhu.ac.in   Indian Institute of Technology Guwahati www.iitg.ac.in acad_admission@iitg.ac.in, hosacad@iitg.ac.in   Indian Institute of Technology Bhilai https://www.iitbhilai.ac.in admissions@iitbhilai.ac.in, niharb@iitbhilai.ac.in   Indian Institute of Technology Goa www.iitgoa.ac.in dean.ap@iitgoa.ac.in, ar_academic@iitgoa.ac.in   Indian Institute of Technology Palakkad iitpkd.ac.in deanacad@iitpkd.ac.in, academic@iitpkd.ac.in   Indian Institute of Technology Tirupati www.iittp.ac.in admissions@iittp.ac.in, academics@iittp.ac.in   Indian Institute of Technology Jammu https://iitjammu.ac.in ug.admission@iitjammu.ac.in, jeeadv@iitjammu.ac.in   Indian Institute of Technology Dharwad www.iitdh.ac.in dean.ap@iitdh.ac.in,   Dr. B R Ambedkar National Institute of Technology, Jalandhar www.nitj.ac.in sharmak@nitj.ac.in, sikkam@nitj.ac.in   Malaviya National Institute of Technology Jaipur www.mnit.ac.in pjain.ee@mnit.ac.in, prerna7412@gmail.com   Maulana Azad National Institute of Technology Bhopal www.manit.ac.in madhvishakya@gmail.com, associatedeanug@manit.ac.in   Motilal Nehru National Institute of Technology Allahabad www.mnnit.ac.in rksingh@mnnit.ac.in, deanacademic@mnnit.ac.in   National Institute of Technology Agartala www.nita.ac.in drsbhaumik@gmail.com, dean.academic@nita.ac.in   National Institute of Technology Calicut http://www.nitc.ac.in ugadmissions@nitc.ac.in, lityalen@nitc.ac.in, tksunil@nitc.ac.in,    nsk@nitc.ac.in   National Institute of Technology Delhi www.nitdelhi.ac.in cic_btechadmissions@nitdelhi.ac.in,   National Institute of Technology Durgapur www.nitdgp.ac.in deanac@admin.nitdgp.ac.in, asd.ac@admin.nitdgp.ac.in   National Institute of Technology Goa www.nitgoa.ac.in mikkili.suresh@nitgoa.ac.in, ugadmissions@nitgoa.ac.in   National Institute of Technology Hamirpur www.nith.ac.in varun@nith.ac.in, ad-ar@nith.ac.in   National Institute of Technology Karnataka, Surathkal www.nitk.ac.in deanacademic@nitk.edu.in, vidyaks95@nitk.edu.in   National Institute of Technology Meghalaya www.nitm.ac.in admissions_incharge_ug@nitm.ac.in, admissions_ug@nitm.ac.in   National Institute of Technology Nagaland https://nitnagaland.ac.in/ valan@nitnagaland.ac.in, valanmspt@yahoo.co.in   National Institute of Technology Patna www.nitp.ac.in dean.ac@nitp.ac.in,   National Institute of Technology Puducherry www.nitpy.ac.in lakshmi@nitpy.ac.in, lakshmi.sutha1@gmail.com   National Institute of Technology Raipur www.nitrr.ac.in shrishverma@nitrr.ac.in, ugadmission@nitrr.ac.in   National Institute of Technology Sikkim www.nitsikkim.ac.in dac@nitsikkim.ac.im, basakranjan@nitsikkim.ac.in   National Institute of Technology Arunachal Pradesh www.nitap.ac.in anup@nitap.ac.in, catchapu@gmail.com   National Institute of Technology, Jamshedpur www.nitjsr.ac.in director@nitjsr.ac.in, cmrao.civil@nitjsr.ac.in   National Institute of Technology, Kurukshetra www.nitkkr.ac.in dean_academic@nitkkr.ac.in, sathans@nitkkr.ac.in   National Institute of Technology, Manipur www.nitmanipur.ac.in rkbsmvdu@gmail.com, rkbrjit@yahoo.com   National Institute of Technology, Mizoram www.nitmz.ac.in rudra.ece@nitmz.ac.in, nit_mizoram@nitmz.ac.in   National Institute of Technology, Rourkela www.nitrkl.ac.in skpratihar@nitrkl.ac.in, acad.ugpg@nitrkl.ac.in   National Institute of Technology, Silchar www.nits.ac.in sujitnath@mech.nits.ac.in, sujitnath2008@gmail.com   National Institute of Technology, Srinagar https://nitsri.ac.in deanacadaffairs@nitsri.net, najeeb@nitsri.net   National Institute of Technology, Tiruchirappalli www.nitt.edu ug@nitt.edu,   National Institute of Technology, Uttarakhand www.nituk.ac.in dtripathi@nituk.ac.in, dharmtri@gmail.com   National Institute of Technology, Warangal www.nitw.ac.in admissions@nitw.ac.in, dean_acad@nitw.ac.in   Sardar Vallabhbhai National Institute of Technology, Surat www.svnit.ac.in hrj@eed.svnit.ac.in, hrjariwala@gmail.com   Visvesvaraya National Institute of Technology, Nagpur www.vnit.ac.in dr_acd@vnit.ac.in, asst_registrar@vnit.ac.in   National Institute of Technology, Andhra Pradesh www.nitandhra.ac.in admissions@nitandhra.ac.in, dean_academics@nitandhra.ac.in    ",87,"jee, advanced, 2022",JEE,4
JoSAA 2022 Counseling FAQs | Know the Answers to Most Common JoSAA Counseling Queries,"JoSAA registration process has commenced now and the display of the first mock seat allocation will be on the 18th of September, Sunday. With the ongoing process, you must be having some queries about it. This post will help you and our future aspirants clear all of their doubts.  WHAT IS JoSAA?  The Joint Seat Allocation Authority (JoSAA) conducts the admission process for engineering colleges like IITs, NITs, IIITs, and GFTIs. It admits students via JEE Main and JEE Advanced marks. Click here to know more about JoSAA 2022 schedule. JoSAA 2022 will be admitting students via JEE Main 2022 and JEE Advanced 2022 results. Stay tuned to know about your prospective college based on your JEE Advanced 2022 and JEE Main 2022 rank with the help of our college predictor.  WHEN WILL JoSAA 2022 COMMENCE?  Registration for JoSAA 2022 has started. It starts after the declaration of IIT Advanced results. Click here to know the complete schedule for JoSAA 2022.  DO I HAVE TO REGISTER FOR JoSAA? CAN’T I APPLY THROUGH ANOTHER PORTAL?  If you want to apply to IITs, NITs, IIITs, or GFTIs then no, you can not apply through via anything else. JoSAA is solely responsible for admissions to these institutions. Apart from JoSAA, you can apply to individual state counseling rounds like MH DTE for Maharashtra, DTE MP for Madhya Pradesh, TNEA for Tamil Nadu, AP EAMCET for Andhra Pradesh, etc. The details for these could be accessed from their respective websites.  DO I HAVE TO PAY FOR JoSAA 2022 REGISTRATION PROCESS?  No, you don’t have to pay any fees for the JoSAA counseling process.  HOW ARE THE SEATS ALLOCATED?  On the basis of JEE Advanced 2022 score and rank, IIT seats are allocated. For NITs, IIITs, and GFTIs, your JEE Main 2022 score and rank are taken into consideration.  CAN I EDIT MY CHOICES AFTER LOCKING THEM?  Yes, you can ONLY before the choice filling deadline. This means you can change your order preference or add more courses or delete some courses. Once the date has passed you cannot make any changes to it. Refer to www.josaa.nic.in for detailed guidelines about this.  I AM UNHAPPY WITH MY ALLOCATED SEAT. I WANT TO WAIT FOR THE NEXT ROUND’S RESULT. HOW DO I GO ABOUT THIS PROCESS?  You can wait for the next round’s result to get your desired college but to be applicable for that process you first need to accept your current seat, upload the required documents and pay the seat acceptance fee. If you fail to do any of the above steps, your seat will be canceled. To be considered for the next round, you need to choose the float/ slide option while accepting a seat in the current round.  WHAT IS FLOAT/ SLIDE?  Float: If you want to participate in the subsequent rounds to upgrade your seat while keeping your allocated seat, you should opt for this option. Slide: If you want to upgrade to a different course within your allocated institute, this is your option.  I AM SATISFIED WITH MY SEAT. WHAT DO I HAVE TO DO NOW?  Freeze: If you are happy with your allocated seat and do not want to take part in the further counseling process, then you could go for this option. Note: Once you have chosen the Freeze option while accepting the seat, you can change to the Float/ Slide option afterward.   I MISSED ONE OF THE STEPS OF THE JoSAA COUNSELING PROCESS. WHAT WILL HAPPEN NOW?  Failure in accepting the seat or uploading the required documents or payment of seat acceptance fees will result in the cancellation of your allocated seat.  I GOT UPGRADED DURING ONE OF THE ROUNDS. NOW, I WANT TO GO BACK TO MY PREVIOUS SEAT. HOW DO I GET IT BACK?  You cannot. Once you have been upgraded and accepted a higher seat, your previous seat gets forfeited.  Keep referring to the JoSAA website for new updates. Here is a detailed FAQ report. All the best! ",88,"josaa, registration, process",JEE,3
TOP 10 IIT COLLEGES IN INDIA | BEST IITS FOR ENGINEERING IN INDIA WITH AVERAGE PACKAGE & ANNUAL FEES,"The JoSAA counseling season is here and everybody is gearing up for the seat allocation process. The first mock seat allocation list will be displayed on 18th September, Sunday. Check out the final schedule of the JoSAA 2022 process. This process will have two mock rounds and six main rounds. You will be allotted seats to IITs, NITs, IIITs, and GFTIs based on your JEE Advanced 2022 and JEE Main 2022 score and rank. If you have any more queries regarding JoSAA, refer to this. IITs are the top institutes in this country and are a dream of many aspirants. The quality of education provided by these institutions is of a superior level. No wonder, they are the apple of every aspirant’s eye. If you are one such aspirant, then keep on reading further to know about the top IITs in India.   10) NIRF#14: IIT (ISM) Dhanbad IIT Dhanbad started as a mining institution, Indian School of Mines (ISM), but now offers all degrees like B.Tech, M.Tech, and even MBA. In addition to major engineering streams, it offers niche streams like Mining Engineering, Petroleum Engineering, Mining Machinery Engineering, and Environmental Engineering.  Average Domestic Package: 14 LPA Annual Fees: 2 lakh   9) NIRF#13: IIT (BHU) Varanasi IIT Varanasi was established in 1919 as Banaras Engineering College and is one of the oldest and most reputed institutions. It was designated as an IIT in 2012. It offers all major engineering streams and has consistently ranked in the top 20 engineering colleges in India. Average Domestic Package: 8.19 LPA Annual Fees: 2.41 lakh   8) NIRF#9: IIT Hyderabad Established in 2008 as a second-generation IIT, IIT Hyderabad has been consistently on the list of top engineering colleges because of its great academic record, research, and packages. In addition to major engineering fields, courses like Mechanical & Aerospace Engineering, Artificial Intelligence, Engineering Science (Virtual) are offered. Average Domestic Package: 16.75 LPA Annual Fees: 2.38 lakh   7) NIRF#7: IIT Guwahati IIT Guwahati was established in 1994. It offers a wide range of streams in addition to major engineering courses like humanities and science disciplines. It has increased its seats to include girls. Average Domestic Package: 14.95 LPA Annual Fees: 2.23 lakh   6) NIRF#6: IIT Roorkee Founded in 1847 as Thomason College of Civil Engineering, it was designated as an IIT in 2001. One of the oldest and most reputed colleges in India, IIT Roorkee consistently comes under the top 10 engineering colleges, which offers a variety of courses. Average Domestic Package: 10-20 LPA Annual Fees: 2.36 lakh   5) NIRF#5: IIT Kharagpur One of the first IITs to be established, IIT Kharagpur boasts a rich legacy since 1951. It has maximum admissions and a maximum number of departments. In addition to B.Tech courses, it offers dual degree courses (B.Tech & M.Tech) of 5 years which includes Quality Engineering Design & Manufacturing, Ocean Engineering & Naval Architecture, Mining Safety Engineering, Aerospace Engineering, etc. Average Domestic Package: 15 LPA Annual Fees: 2.97 lakh   4) NIRF#4: IIT Kanpur Founded in 1959, IIT Kanpur boasts about its rich research legacy. It is associated with many international universities. It is known for its faculty, quality of education, and campus. Average Domestic Package: 10-20 LPA Annual Fees: 2.24 lakh   3) NIRF#3: IIT Delhi Established in 1961, IIT Delhi acquired the title of university in 1963. It is one of the most reputed colleges in India which offers a vast range of courses across six different streams. The courses offered include B.Tech, M.Tech, MBA, Ph.D, M.S.(R), M.Des, M.Sc, etc. Average Domestic Package: 20-25 LPA Annual Fees: 2.15 lakh   2) NIRF#2: IIT Bombay IIT Bombay was founded in 1958. It is now recognized as one of the top institutions nationally as well as globally. It offers programs in Engineering, Mathematics, Science, and Technology. Top recruiters are seen here in the recruitment process.  Average Domestic Package: 20.34 LPA Annual Fees: 2.4 lakh   1) NIRF#1IIT Madras IIT Madras was established in 1959. It has been ranked first for the past three years now. Due to its academic environment and courses offered, it has been the top choice of students. It is respected nationally as well as internationally for excellence in technical education, basic and applied research, innovation, entrepreneurship, and industrial consultancy. Average Domestic Package: 10-20 LPA Annual Fees: 2.25 lakh All the best! ",89,"the, josaa, counseling",JEE,3
CSAB 2022 SCHEDULE | CSAB 2021 COLLEGEWISE CUTOFF,"CSAB 2022 stands for Central Seat Allocation Board which is responsible for allocating seats to premium institutes like NITs, IIITs, and GFTIs. These admissions are done on the basis of JEE Main 2022 scores. Candidates who had already participated in the JoSAA 2022 counseling as well as those who did not can apply for this process.  CSAB 2022 will be conducted via 3 channels-  CSAB NEUT 2022 (North Eastern states and Union Territories) CSAB UT 2022 (supernumerary seats for Union Territory) CSAB SFTI 2022 (Self-Financed Technical Institutes)  CSAB NEUT 2022 schedule:     Registration starts   October 6, 2022     Registration ends   October 12, 2022     Document Verification   October 6-17, 2022     Choice Filling   October 6-21, 2022     Reconciliation of data, verification and validation of allocated seats by authorities   October 22-29, 2022     CSAB NEUT 2022 seat allotment for round 1   October 31, 2022     Online reporting and payment of SAF (Seat Acceptance Fee)   November 1-5, 2022     Reconciliation of data, verification and validation of allocated seats by authorities   November 7-10, 2022     CSAB NEUT 2022 seat allotment for round 2   November 11, 2022     Online reporting and payment of SAF (Seat Acceptance Fee)   November 12-15, 2022     Seat Withdrawal   November 16-18, 2022     Reporting at the allocated institute for admission   November 1- December 2, 2022     CSAB NEUT spot round (if any)   November 26-30, 2022       Eligibility for CSAB 2022:  Candidates who have not registered in JoSAA till now but are eligible based on JEE Main 2022 ranks, will be eligible for participating in the CSAB special rounds for NITs/IIITs/ other GFTIs (except IITs) as per JoSAA 2022 / CSAB 2022 rules. Those who participated in JoSAA and were allotted seats will also be eligible for participating in the Special Rounds for NITs/IIITs/ other GFTIs (except IITs). Those who participated in JoSAA but did not get any seat will also be eligible for participating in the Special Rounds for NITs/IIITs/ other GFTIs (except IITs). Candidates who participated in JoSAA and got a seat in an IIT will also be eligible for participating in the Special Rounds for NITs/IIITs/ other GFTIs (except IITs)  In addition to this, for CSAB NEUT 2022, students should be a domicile of the Northeastern states or Union Territories.   You can check the institute and streamwise CSAB 2021 cutoff here. ",90,"csab, 2022, stands",JEE,1
JEE Main 2023 Eligibility Now - All the Latest News About the Exam Date!,"Are you looking for the latest updates regarding JEE Main 2023? Are you curious to know when the JEE Main 2023 exam date will be announced? Are you wondering which eligibility criteria you need to meet to appear in the JEE Main 2023 exam? If yes, then this blog is the perfect place for you. Here, we will discuss all the important information related to JEE Main 2023, from eligibility criteria to exam date, syllabus, admit card and more. Read on to discover everything you need to know about JEE Main 2023 eligibility. Introduction JEE Main is one of the most important engineering entrance examinations conducted every year in India. It is conducted by the National Testing Agency (NTA) and is a gateway for admission to some of the most prestigious engineering colleges in India. Every year, lakhs of students appear for the JEE Main examination in the hopes of getting a seat in one of the top engineering colleges in the country. This year, the NTA has introduced an important update for JEE Main 2023. The exam will now be conducted twice a year, which means that the aspiring engineers will have a better chance at cracking the exam. So, if you are planning to appear for the JEE Main 2023 exam, it is important for you to know about the eligibility criteria, exam date, syllabus, admit card and other important details. About JEE Main 2023 JEE Main is a national level engineering entrance examination conducted by the NTA for admission to undergraduate engineering courses in some of the best engineering colleges in India. It consists of three papers: Paper 1 for B.E./B.Tech, Paper 2 for B.Arch and Paper 3 for B.Planning. The exam is conducted in both online and offline modes. The exam is conducted twice a year: in January and in April. The registration process for the exam is open throughout the year and the exam date is usually announced by the NTA a few months before the exam. This year, the NTA has also introduced a few changes to the exam pattern and syllabus. Eligibility Criteria for JEE Main 2023 In order to be eligible to appear for JEE Main 2023, you need to meet the following eligibility criteria: • You must be an Indian citizen  • You must have passed class 12th from a recognized board in the year 2021, 2022 or 2023  • You must have secured a minimum aggregate of 75% marks in class 12th  • You must have studied Physics, Chemistry, and Mathematics as compulsory subjects in class 12th In addition, candidates belonging to reserved categories such as SC/ST/OBC/PwD need to secure a minimum aggregate of 65% marks in class 12th. How Many Attempts are Allowed for JEE Main 2023? The NTA has announced that candidates will be allowed to appear for the JEE Main 2023 exam a maximum of 2 times in a single year. This means that if you are planning to appear for the exam, you need to make sure that you are well-prepared for it. It is also important to note that the NTA has also said that the best of the two attempts will be taken into consideration for the final result. JEE Main 2023 Exam Date The NTA has not yet announced the exact JEE Main 2023 exam date. However, according to the latest updates, the exam is likely to be conducted in January or April 2023. The NTA will announce the exact date of the exam a few months before the exam. JEE Main 2023 Syllabus The syllabus for JEE Main 2023 will be based on the syllabus prescribed by the Central Board of Secondary Education (CBSE). The syllabus for the exam will include topics from Physics, Chemistry and Mathematics. The NTA has also announced that the syllabus for the exam has been revised and candidates will now have to prepare for more topics than before. The official syllabus for JEE Main 2023 will be released by the NTA a few months before the exam. JEE Main 2023 Admit Card The NTA will release the JEE Main 2023 admit card on its official website a few weeks before the exam. All the candidates who have successfully registered for the exam will be able to download their admit cards from the website. The admit card will contain important details such as your name, roll number, exam centre, exam date, and more. It is important to carry the admit card to the exam centre on the day of the exam. JEE Main Official Website All the important information related to JEE Main 2023 such as exam date, admit card, syllabus, eligibility criteria and more will be available on the official website of the NTA. The website is www.nta.ac.in. Here, you will also be able to find the latest news and updates about the exam. News and Updates about JEE Main 2023 The NTA regularly releases news and updates about JEE Main 2023 on its official website and social media channels. It is important to stay updated with the latest news and updates related to the exam in order to prepare well for it. You can also sign up for notifications and alerts on the NTA website to stay updated. Also, you can use Margdarshan test series to help you prepare for the exam. With Margdarshan test series, you can practice hundreds of mock tests on a wide range of topics to improve your skills and score better. Conclusion JEE Main 2023 is one of the most important engineering entrance examinations in India and is a gateway to getting admission in some of the top engineering colleges in the country. If you are planning to appear for the exam, it is important for you to know about the eligibility criteria, exam date, syllabus, admit card and other important details. We hope this blog helped you gain an understanding of JEE Main 2023 eligibility and other important information related to the exam. All the best for your preparation! ",91,"are, you, looking",JEE,4
Ace JEE Main with Our Free Mock Test - Test Your Knowledge Now!,"Are you ready to ace the Joint Entrance Examination (JEE) Main 2023? Or are you already preparing for it? If yes, then you must be aware of the importance of taking a mock test. Taking a mock test allows you to evaluate your performance and identify areas of improvement. To help you with your JEE Main preparation, we are offering a free mock test. This mock test consists of questions from all the topics covered in the JEE Main syllabus. Taking this test will help you understand your current level of knowledge and identify areas of improvement. In this blog, we will discuss the importance of taking a JEE Main mock test, the features of our free mock test, and tips for preparing for the JEE Main. So let's begin! Introduction to JEE Main JEE Main is the entrance exam conducted by the National Testing Agency (NTA) for admissions to undergraduate engineering programs in India. It is one of the most competitive examinations in the country, with lakhs of students appearing for it every year. The exam is conducted twice a year in the months of January and April. The score of the JEE Main exam is accepted by all the engineering colleges in the country. Benefits of JEE Main Mock Test Taking a mock test is important for preparing for the JEE Main exam. It helps you understand your current level of knowledge and identify areas of improvement. Here are some of the benefits of taking a JEE Main mock test:  It helps you understand the exam pattern and the types of questions asked in the exam. It helps you identify your weak areas and focus on them. It helps you develop time-management skills and improve your speed. It helps you build your confidence and reduce exam-related stress and anxiety. It helps you identify the topics that require more practice and focus.  How to Ace JEE Main with Our Free Mock Test We have designed a free mock test to help you prepare for the JEE Main exam. Our free mock test consists of questions from all the topics covered in the JEE Main syllabus. The test is designed to help you identify your weak areas and focus on them. It also helps you develop time-management skills and improve your speed. To take the test, you need to register on our website. After registering, you will be provided with a username and password to log in and take the test. The test consists of multiple-choice questions from all the topics covered in the JEE Main syllabus. After you have completed the test, you will be provided with a detailed analysis of your performance. This analysis will help you identify your weak areas and focus on them. What to Expect from the Margdarshan's JEE Main Free Mock Test Our free mock test for JEE Main consists of multiple-choice questions from all the topics covered in the syllabus. The test will help you understand your current level of knowledge and identify areas of improvement. The test is designed to evaluate your understanding of the topics and your ability to apply the concepts. The questions are divided into three sections - Physics, Chemistry, and Mathematics. Tips for Preparing for JEE Main Mock Test Here are some tips for preparing for the JEE Main mock test:  Understand the syllabus: Make sure to understand the syllabus thoroughly before taking the test. This will help you identify the topics that require more practice and focus on them. Create a study plan: Create a study plan and set a timeframe for completing each topic. This will help you stay organized and motivated. Take mock tests: Take multiple mock tests to evaluate your performance and understand your weak areas. Solve previous year papers: Solving previous year papers will help you understand the exam pattern and the types of questions asked in the exam. Take breaks: Make sure to take regular breaks while studying to stay focused and motivated.  Features of the Best Online Test Series for JEE Main 2023 When it comes to taking a JEE Main mock test, it is important to choose the best online test series. Here are some of the features of the best online test series for JEE Main 2023:  Comprehensive syllabus coverage: The test series should cover the entire JEE Main syllabus. Detailed analysis: The test series should provide a detailed analysis of the performance, which will help you identify your weak areas and focus on them. User-friendly interface: The test series should have a user-friendly interface, which will make it easier for you to take the test. Complete solution: The test series will provide detailed solutions for every question which will help you to understand the concept well.  Conclusion JEE Main is one of the most competitive examinations in India. To ace the exam, it is important to take a mock test. Taking Margdarshan's JEE Main mock test helps you understand your current level of knowledge and identify areas of improvement. Margdarshan is offering a free mock test to help you prepare for the JEE Main exam. Our free mock test consists of questions from all the topics covered in the JEE Main syllabus. Taking this test will help you understand your weak areas and focus on them. When it comes to taking a JEE Main mock test, it is important to choose the best online test series. Make sure to look for features like comprehensive syllabus coverage, detailed analysis, user-friendly interface, and complete detailed solution. So, what are you waiting for? Take our free JEE Main mock test now and test your knowledge! ",92,"are, you, ready",JEE,4
JEE Main Exam Preparation: Do's and Don'ts to Ace the Test and Get into IITs and NITs,"JEE Main is the gateway to the prestigious Indian Institutes of Technology (IITs) and National Institutes of Technology (NITs). It is a tough exam that demands a lot of concentration and planning. Here are some dos and don'ts to remember as you prepare for the big day to succeed. Do's:  Make a study schedule and follow it. Be sure to allot appropriate time for each subject, taking breaks, and rest times into consideration. To rejuvenate your focus and prevent burnout, take regular breaks. Stay upbeat and confident in yourself. Success requires self-assurance. By eating healthily, getting enough sleep, and exercising frequently, you may take good care of your physical and mental health. Regularly review your formulas and notes to ensure that everything is still current in your mind.  Don’ts:  Don't put things off. Studying at the last minute will just increase your tension and make it more difficult for you to remember what you have learned. Avoid attempting to process everything at once. It's crucial to take your time and fully comprehend the topics. Avoid becoming sidetracked by social media or other distractions and losing concentration. Don't be weighed down by negative thoughts or self-doubt. Keep your eyes on your objectives and have faith in yourself. Don't ignore the health of your body and mind. It’s important of looking after oneself.  In conclusion, JEE Main is a difficult exam that demands a lot of focus and preparation. By following these do's and don'ts, you can set yourself up for success and achieve your goals. Keep a good attitude, trust in your abilities, and prioritize your physical and mental health. Good fortune! ",93,"jee, main, is",JEE,1
JEE Main 2023 Dress Code and Exam Day Instructions,"The following are ten important guidelines for the JEE Main 2023 exam regarding dress code and other instructions for exam day:  Wear open-toed shoes such as slippers or sandals with low heels, and avoid closed footwear like shoes. Dress in light, half-sleeved clothing (such as a t-shirt), and avoid garments with large buttons. Long sleeves are not allowed. If you have to wear specific attire for religious or customary reasons, arrive at the exam venue early to undergo mandatory frisking. Bring a printed copy of your JEE Main admit card, in color and on an A4 size paper, with all details, including your photo and signature, being clearly visible. Bring a photo ID, photograph, etc. as mentioned on the admit card for verification. Handbags, mobile phones, and any form of communication or electronic devices are not allowed inside the exam center. You may want to make arrangements for the storage of your personal belongings as some test centers might not have storage spaces. Avoid wearing caps, dupatta, sunglasses, etc. to the exam venue, and metallic objects including watches are strictly prohibited. The only exam-related items allowed inside the exam hall are: JEE Main admit card (with self-declaration form, if available), photo ID proof, copy of the same photo used in the application form (to be pasted on attendance sheet), PwD certificate and scribe document (if applicable). Pen and scribble pad will be provided to the candidates. Personal belongings allowed in the exam hall include water, hand sanitizer, etc. Diabetic candidates can bring edibles as specified on the admit card guidelines. Be sure to arrive at the exam venue by the reporting time mentioned on the JEE Main admit card, as the exam center gate will be closed once the time has passed and no candidate will be permitted to enter under any circumstances. The printed copy of the admit card and all scribble pages must be dropped in the place provided before leaving the exam hall. Do not bring these pages with you as it may result in disqualification.  ",94,"the, following, are",JEE,1
JEE Main 2023 January Session: Day 2 paper 1 morning exam analysis,"On January 25th, 2023, JEE (Main) Paper-I for B.E. / B. Tech aspirants took place. Reporting time for students was set at 7:20 AM, with the exam officially beginning at 9:00 AM. The paper consisted of 90 questions, with a total of 300 marks up for grabs. In each subject, students were required to attempt 5 out of 10 numerical-based questions. The questions covered various chapters from Class XI and XII CBSE Board.   To ensure the safety of exam takers, strict guidelines were followed, and students were only allowed to bring a transparent ballpoint pen, their Admit Card, and Aadhar Card into the examination hall.   ""Don't miss out on your chance to find the perfect college for you through our Margdarshan College Predictor for JoSAA. Tailored specifically for JEE aspirants, this tool uses your JEE scores and preferences to predict your chances of getting into top engineering colleges in India. Try it now and take the first step towards achieving your dream college.""   The paper was divided into three parts, each consisting of two sections. Part I: Physics, had 30 questions, 20 multiple-choice questions with only one right response and 10 questions with numbers (5 to be attempted). For multiple choice questions, the marking scheme was +4 for a right answer, -1 for a wrong answer, and 0 if no attempt was made. For numerically based questions, the marking scheme was +4 for a right answer, -1 for a wrong answer, and 0 in all other circumstances. The total marks were 100.   Similarly, Part II: Chemistry, had 30 questions, 20 multiple-choice questions with only one right response and 10 questions with numbers (5 to be attempted). For multiple choice questions, the marking scheme was +4 for a right answer, -1 for a wrong answer, and 0 if no attempt was made. For numerically based questions, the marking scheme was +4 for a right answer, -1 for a wrong answer, and 0 in all other circumstances. The total marks were 100.   Lastly, Part III: Mathematics, had 30 questions, 20 multiple-choice questions with only one right response and 10 questions with numbers (5 to be attempted). For multiple choice questions, the marking scheme was +4 for a right answer, -1 for a wrong answer, and 0 if no attempt was made. For numerically based questions, the marking scheme was +4 for a right answer, -1 for a wrong answer, and 0 in all other circumstances. The total marks were 100. To further help JEE aspirants in their preparation, we encourage you to take advantage of our Margdarshan free mock test for JEE. These mock tests are designed to simulate the actual JEE exam and provide valuable practice for students. Don't miss this opportunity to improve your chances of success on the JEE. Sign up for our Margdarshan free mock test today! JEE Main Exam Difficulty Analysis   Based on feedback from students who took the exam on January 25th, 2023 (Forenoon Session), the difficulty level of the JEE Main exam can be summarized as follows:   Mathematics: Moderately Tough. Questions were drawn from a variety of chapters, with a focus on Algebra and Calculus. Topics included Matrices, Determinants, 3D Geometry, Vectors, Permutation & Combination, Probability, Binomial Theorem, Complex Numbers, Differentiation, Definite Integrals, Area under Curves, Hyperbola & Circle. The numerical section was reported to have lengthy calculations and some multiple choice questions were deemed tricky and lengthy.   Physics: Easy. Questions covered topics such as Laws of Motion, Rotational Motion, Carnot Engine, Work ,Power & Energy, Simple Harmonic Motion, Ray Optics, Capacitance, Magnetism, Semi-Conductors , Communication Systems, Modern Physics, Centre of Mass, Electrostatics. Numerical based questions were considered easy. Overall, students found this section to be well-balanced and easy.   Chemistry: Easy to Moderate. The exam had a mix of questions from both Organic and Inorganic Chemistry, with a majority of them directly from NCERT books. Physical Chemistry had less weightage, mostly in the numerical section. Topics included Electrochemistry, Ionic Equilibrium, Solutions, Ores & Metallurgy, and Atomic Structure. Organic Chemistry had questions from Aldehydes & Ketones, Amines, Carboxylic Acids, Phenols and General Organic Chemistry. Inorganic had questions from Co-ordination Compounds, Chemistry in Everyday Life, Group-18. Some questions from Organic Chemistry were reported to be slightly tricky.   In terms of difficulty, Mathematics was considered Moderately Tough, Chemistry was Easy to Moderate, while Physics was Easy. Overall, students found the exam to be of Moderate level. ",95,"on, january, 25th,",JEE,3
JEE Main 2023 Marks V/S Percentile V/S Rank,"Getting admission in a good engineering college is the dream of every student. To make it possible, students have to take the JEE Main entrance exam. But do you know that only your marks don't decide your fate? Your percentile score is just as important when it comes to gaining admission in a college. In this article, we'll be discussing all the details you need to know about JEE Main 2023 marks vs percentile for better understanding. Margdarshan provides a free college predictor tool to help students better understand their prospects of being accepted into the engineering college of their choice. Students can use this tool to enter their JEE Main score and check which colleges they qualify for as well as their chances of admission. To secure your future, keep in mind that comprehending your marks in relation to your percentile score is simply the first step. Allow Margdarshan to direct you to the appropriate college and the right career path. Try the free college predictor now! JEE Main Marks vs Rank vs Percentile 2023       Score out of 300   Rank   Percentile     286- 292   19-12   99.99826992- 99.99890732     280-284   42-23   99.99617561 - 99.99790569     268- 279   106-64   99.99034797 - 99.99417236     250- 267   524-108   99.95228621- 99.99016586     231-249   1385-546   99.87388626-99.95028296     215-230   2798-1421   99.74522293-99.87060821     200-214   4667-2863   99.57503767- 99.73930423     189-199   6664- 4830   99.39319714- 99.56019541     175-188   10746-7152   99.02150308 - 99.3487614     160-174   16163-11018   98.52824811-98.99673561     149-159   21145-16495   98.07460288-98.49801724     132-148   32826-22238   97.0109678-97.97507774     120-131   43174-33636   96.0687115-96.93721175     110-119   54293-44115   95.05625037-95.983027     102-109   65758-55269   94.01228357-94.96737888     95-101   76260-66999   93.05600452 -93.89928202     89-94   87219-78111   92.05811248 -92.88745828     79-88   109329-90144   90.0448455 -91.79177119     62-87   169542-92303   84.56203931-91.59517945     41-61   326517-173239   70.26839007-84.22540213     1-40   1025009-334080   6.66590786-69.5797271       How to Calculate JEE Main 2023 Percentile?   To calculate your JEE Main percentile, you need to follow these steps: 1. Find your raw score: This is the number of marks you scored in the exam. 2. Find the total number of candidates who appeared for the exam: This information is available on the official website. 3. Use the percentile formula: Raw score/Total number of candidates x 100 = Percentile rank. For example, if you scored 200 marks in the exam and there were a total of 1,00,000 candidates who appeared for the exam, then your percentile would be 200/1,00,000 x 100 = 20%. A candidate's JEE Main percentile score is calculated using the following formula: Percentile Score = (Number of candidates appearing in the examination with marks equal to or less than the candidate) / (Total number of candidates appearing in the examination) x 100 For example, if there are 1,00,000 candidates appearing in the JEE Main examination and your marks are equal to or better than 60,000 of them, your percentile score would be 60%. This means that you have scored better than 60% of all candidates who appeared for the exam. How to Increase Your JEE Main 2023 Score? It is very important to understand the difference between marks and percentile in JEE Main. Percentile is a number that tells you how many students have scored below you and is used for ranking purposes. Marks, on the other hand, are absolute and are used to calculate your score. To increase your marks in JEE Main, you need to focus on two things: accuracy and speed. Accuracy is more important than speed, but if you can increase both, then your score will go up significantly. Conclusion In conclusion, understanding the JEE Main 2023 Marks vs Percentile is vital for aspirants looking to pursue engineering courses in top institutions. The percentile score indicates one's relative performance against other candidates while the marks indicate how well you have performed in comparison to the paper-setters' expectations. Therefore, it is important that students focus their energy on striving for higher scores as this will help them secure a spot in their desired institution. Good luck! ",96,"getting, admission, in",JEE,3
JEE Main 2023: Result Announcing soon| JEE Main Important Date 2023,"JEE Main 2023 Session 1 result has been announced!! The Joint Entrance Examination (JEE) is an engineering entrance examination conducted for admission to various engineering colleges in India. It is administered by the National Testing Agency (NTA). The JEE Main is held twice a year, in January and April. The examination consists of two papers, Paper 1 and Paper 2. Paper 1 is for admission to B.E./ B.Tech. courses, while Paper 2 is for B.Arch. and B.Planning courses. Candidates who qualify the JEE Main examination are eligible to appear for the JEE Advanced examination, which is the second stage of the engineering entrance examination. The JEE Main 2023 Result will be announced soon by the NTA. Candidates can check their results on the official website of the NTA. Steps to check JEE Main 2023 Results  Go to jeemain.nta.nic.in to access the NTA JEE official website. Select the link to JEE Main Result 2023 on the homepage.   Enter your login information, then click ""Submit."" Your result will be shown to you on the screen. Review the result and download the page. Keep a physical copy of it in case you need it again.  JEE Main Result 2023: Direct link 1 JEE Main 2023 Result: Direct link 2 Our Analysis Since the last few years, NTA has announced results ahead of the next session's application deadline. We're thinking that the result announced for JEE Main Session 1 could be today or tomorrow. It gave us some insights as to when we can expect the NTA JEE Main 2023 results. We'll keep you updated. As per our analysis, result has been announced just ahead of registration for JEE Main 2023 session 2 Test Series for JEE Main Session 2 Try out our free test series to prepare well for upcoming JEE Main Session 2. The test series is designed to provide students with an insight into the structure and complexity of the JEE Main 2023 exam. Important Dates for JEE Main 2023 Session 2 Registration starts: Feburary 7 Registration ends: March 7 Exam Dates: 6,7,8,9,10,11,12 April 2023 ",97,"jee, main, 2023",JEE,1
Exact Marks vs Percentile For JEE Main 2023 Session 1| JEE Main January Session 2023 ,"This article discusses the Marks vs Percentile for JEE Main 2023. Candidates can use this information to find out their rank in the JEE Main exam depending on their exam score. The NTA score or percentile score is not the same as the percentage of marks obtained. JEE Main cut-offs marks is calculated by considering multiple factors like total number of candidates appeared, difficulty level of examination, and seat allotments. The JEE Key percentile score obtained by a candidate is determined only after the marks obtained by a candidate have been normalised. - Marks Vs Percentile for JEE Main 2023 is an interesting subject that requires rank analysis of the exam scores of all the candidates who appeared in the JEE Key examination. With the help of this data, NTA JEE can use candidates' scores to predict their ranks and seat allotments. Marks vs Percentile for JEE Main Session 1        Percentile 24 S1 24 S2 25 S1 25 S2 29 S1 29 S2 30 S1 30 S2 31 S1 31 S2 1 S1 1 S2   99 166 163 168 189 168 164 168 175 155 175 192 189   98.5 155 148 157 176 152 151 154 161 146 162 177 177   98 144 138 143 165 142 142 142 148 133 151 166 165   97.5 135 128 134 151 135 133 132 139 130 144 155 158   97 127 123 128 146 127 127 125 130 124 138 150 151   96.5 116 117 123 141 120 122 119 123 113 131 143 146   96 111 113 118 136 116 117 113 116 109 126 136 140   95.5 107 108 115 127 110 113 109 112 104 121 133 136   95 101 104 112 121 103 110 104 107 100 117 127 134   94 98 96 103 114 98 101 96 98 95 109 121 125   93 93 90 95 108 92 95 90 91 87 103 115 118   92 85 85 90 103 83 91 85 86 83 100 111 113   91 78 81 86 97 78 85 79 80 79 90 106 109   90 75 76 83 89 74 80 72 75 74 84 99  106     For a 99 and above Percentile        Percentile 24 S1 24 S2 25 S1 25 S2 29 S1 29 S2 30 S1 30 S2 31 S1 31 S2 1 S1 1 S2   99.9 245 236 235 254 239 222 239 249 227 243 258 245   99.8 225 217 223 238 220 208 227 232 207 224 245 238   99.7 213 206 204 223 209 198 215 220 196 212 231 222   99.6 205 193 198 219 202 190 200 209 182 205 222 214   99.5 193 185 191 209 194 184 193 201 175 197 216 208    The JEE Main 2023 exam uses the NTA score to calculate percentile scores. This is done by assembling the raw scores of each candidate and then comparing it with the total marks from all candidates. The NTA formula takes into account the total number of candidates, their raw marks in three subjects - Physics, Chemistry and Mathematics - for evaluation. The raw scores are then converted into a percentile score which is then used as a benchmark to compare one candidate with another. Candidates can use this percentile score for further evaluation.  ",98,"this, article, discusses",JEE,2
JEE MAIN 2023 April Attempt Admit Card Release Soon| How to download JEE Main Admit card,"Introduction JEE Main is one of the most important exams for students who aspire to pursue undergraduate courses in engineering. The JEE Main Exam 2023 is scheduled to take place in the month of April. The JEE Main 2023 session 2 will be held from April 6 to April 12. As the exam approaches, it is important for students to be aware of the process to download the admit card and the details they should look for in it. In this blog post, we will discuss how to download the JEE Main Exam 2023 admit card and the important details that students should check for. How to download the admit card The JEE Main Exam 2023 admit card will be available for download on the official website of the National Testing Agency (NTA), the conducting body for JEE Main. Here are the steps to download the admit card:  Visit the official website of NTA - nta.ac.in Click on the link for JEE Main Exam 2023 admit card. Enter your application number, date of birth, and security pin. Click on the submit button. The admit card will be displayed on the screen. Download and take a printout of the admit card for further use.  What details to look for After downloading the admit card, students need to check the details mentioned in it. Here are some important details that students should look for:  Name and photograph: Students should check if their name and photograph are correctly printed on the admit card. Exam date and time: Students should confirm the date and time of the exam mentioned in the admit card. Exam center: Students should verify the address of the exam center and plan their travel accordingly. Roll number: Students should note down their roll number as it is required to check the JEE Main result. Signature and thumb impression: Students should ensure that they have signed and affixed their thumb impression on the admit card in the presence of an invigilator. COVID-19 guidelines: As the exam is being conducted amid the pandemic, students should check the COVID-19 guidelines mentioned in the admit card.  If you're preparing for JEE Main Exam 2023, we also recommend taking advantage of Margdarshan's free mock test series. This will help you assess your preparation level and identify areas where you need to improve. Sign up now at marg-darshan.com and ace the JEE Main Exam 2023! Conclusion The JEE Main Exam 2023 is a crucial exam for engineering aspirants. As the exam date approaches, students should be aware of the process to download the admit card and the important details to look for. By following the above-mentioned steps and checking the details mentioned in the admit card, students can ensure a hassle-free experience on the day of the exam. We wish all the students appearing for JEE Main Exam 2023 the best of luck! ",99,"introduction, jee, main",JEE,2
JEE Main 2023 Session 2 Syllabus| JEE April Attempt Complete Syllabus & FAQs,"The Joint Entrance Examination (JEE) is one of the most prestigious and challenging entrance exams in India. Every year, thousands of students aspire to crack the JEE and get admission into the best engineering colleges in the country. However, the key to success in this exam lies in understanding the JEE Mains Syllabus thoroughly. In this article, we will provide a comprehensive guide to the JEE Mains Syllabus. Physics Syllabus: Physics and Measurement,  Kinematics,  Laws of Motion,  Work, Energy, and Power,  Rotational Motion,  Gravitation,  Properties of Solids and Liquids,  Thermodynamics,  Kinetic Theory of Gases,  Oscillations and Waves,  Electrostatics,  Current Electricity,  Magnetic Effects of Current and Magnetism,  Electromagnetic Induction and Alternating Currents,  Electromagnetic Waves,  Optics,  Dual Nature of Matter and Radiation,  Atoms and Nuclei,  Electronic Devices,  Communication Systems Chemistry Syllabus: Basic Concepts of Chemistry, States of Matter, Atomic Structure, Chemical Bonding and Molecular Structure, Chemical Thermodynamics, Solutions, Equilibrium, Redox Reactions and Electrochemistry, Chemical Kinetics, Surface Chemistry, Classification of Elements and Periodicity in Properties, General Principles and Processes of Isolation of Metals, Hydrogen, S-Block Elements, P-Block Elements, d and f Block Elements, Coordination Compounds, Environmental Chemistry, Purification and Characterization of Organic Compounds, Some Basic Principles of Organic Chemistry, Hydrocarbons, Organic Compounds Containing Halogens, Organic Compounds Containing Oxygen, Organic Compounds Containing Nitrogen, Polymers, Biomolecules, Chemistry in Everyday Life Mathematics Syllabus: Sets, Relations and Functions, Complex Numbers and Quadratic Equations, Matrices and Determinants, Permutations and Combinations, Mathematical Induction, Binomial Theorem and its Applications, Sequences and Series, Limit, Continuity and Differentiability, Integral Calculus, Differential Equations, Coordinate Geometry, Three-Dimensional Geometry, Vector Algebra, Statistics and Probability, Trigonometry, Mathematical Reasoning FAQs 1. What is the JEE Mains Syllabus?  The JEE Mains Syllabus is a comprehensive list of topics that students need to prepare for in order to crack the Joint Entrance Examination (JEE) and gain admission to top engineering colleges in India. The syllabus includes topics from Physics, Chemistry, and Mathematics. It is crucial to thoroughly understand the syllabus and prioritize the most important topics in order to prepare effectively for the exam. Keep abreast of the latest syllabus with the exhaustive list provided above. 2. How different is the syllabus for compared to the previous years?  The JEE Main syllabus is still the same as the JEE Main 2022. No new changes have been introduced regarding the syllabus. 3. Is it necessary to cover every topic in the syllabus?  It is not mandatory to cover every topic in the JEE Mains syllabus. However, it is crucial to prioritize and focus on the topics that are more important and have a higher likelihood of appearing in the exam. You should have a clear understanding of the critical topics, and the latest changes in the syllabus, as these changes may affect the exam pattern and the types of questions asked. Additionally, you should be aware of the weightage given to different topics and allocate your time accordingly. 4. Can I crack the JEE Mains exam without coaching?  Cracking JEE Mains without coaching is possible but demands discipline and hard work. Online resources such as study materials, video lectures, practice tests, and mock tests can help. Follow a study plan, and focus on the latest syllabus changes and important topics. Mock tests are invaluable for self-assessment, enabling you to understand the exam pattern, improve time management, identify weaknesses, and build confidence. However, they shouldn't replace actual preparation. Use them to improve. Need more guidance? Look no further than our own Margdarshan  5. What are the best books to refer to for JEE Mains preparation? The best books to refer to for JEE Main Preparation are as follows: Physics: Concepts of Physics (Vol. 1 and 2) by H.C. Verma Fundamentals of Physics by Halliday, Resnick & Walker Understanding Physics by D.C. Pandey (Arihant Publications) NCERT textbooks for Physics Chemistry: Modern Approach to Chemical Calculations by R.C. Mukherjee Organic Chemistry by O.P. Tandon Concept of Physical Chemistry by P. Bahadur Concise Inorganic Chemistry by J.D. Lee NCERT textbooks for Chemistry Mathematics: Complete Mathematics for JEE Main by TMH Play with Graphs by Amit M Agarwal (Arihant Publications) Differential Calculus by Amit M Agarwal (Arihant Publications) Integral Calculus by Amit M Agarwal (Arihant Publications) Algebra by Dr. S.K. Goyal (Arihant Publications) NCERT textbooks for Mathematics Conclusion In conclusion, cracking the JEE Mains exam requires hard work, dedication, and a thorough understanding of the syllabus. By following the tips in this article and avoiding common mistakes, you can increase your chances of success Remember to refer to reliable study material and practice regularly to excel in the JEE Mains exam. Some more FAQs: JEE Mock Test Frequently Asked Questions (FAQs)  How many mock tests should I take before the actual JEE exam?   Ans. There is no fixed number of mock tests to take before the actual exam. However, it is recommended to take at least 10-15 mock tests to prepare effectively.  Are JEE mock tests similar to the actual exam?   Ans. Yes, JEE mock tests are designed to simulate the actual exam. The questions asked, marking scheme, and time duration are similar to the actual exam.  Can I take JEE mock tests offline?   Ans. Yes, JEE mock tests are available in both online and offline formats.  Is it necessary to take mock tests to crack JEE?   Ans. Yes, mock tests are an essential part of JEE preparation. They help in understanding the exam pattern, identifying strengths and weaknesses, and improving time. Try out free mock test for JEE Main.   ",100,"the, joint, entrance",JEE,4
JEE Main Admit Card and City intimation| JEE session 2 City Allotment,"The Joint Entrance Examination (JEE) Main is an examination that holds immense significance for students aspiring to pursue undergraduate courses in engineering. The JEE Main Exam 2023 is set to take place in the month of April, with the JEE Main 2023 session 2 scheduled from April 6 to April 12. As the exam draws near, it is imperative for students to acquaint themselves with the process of acquiring the admit card and the salient details they should be mindful of. The ensuing discussion outlines how to obtain the JEE Main Exam 2023 admit card and highlights essential elements that students ought to verify. But first NTA will release city Intimation slip or city allotment slip for JEE Main centre allotment. It will be just containing the city for exam centre of JEE Mains session 2. JEE Main city intimation will be released soon. Acquiring the Admit Card The National Testing Agency (NTA), which is responsible for conducting JEE Main, will make the JEE Main Exam 2023 admit card available for download on its official website. Below are the steps that students need to follow to procure the admit card:  Visit the official website of NTA, which is nta.ac.in Click on the link provided for the JEE Main Exam 2023 admit card Enter your application number, date of birth, and security pin Click on the submit button The admit card will appear on the screen Download and print out the admit card for future reference  Salient Details to Verify After downloading the admit card, students should scrutinize the details mentioned therein. Below are some crucial particulars that students should confirm:  Name and photograph: Ensure that your name and photograph are accurately printed on the admit card. Exam date and time: Verify the date and time of the examination mentioned on the admit card. Exam center: Cross-check the address of the exam center and plan your travel accordingly. Roll number: Note down your roll number since it is necessary to check the JEE Main result. Signature and thumb impression: Verify that you have signed and affixed your thumb impression on the admit card in the presence of an invigilator. COVID-19 guidelines: Since the exam is being conducted during the pandemic, go through the COVID-19 guidelines mentioned in the admit card.  For those preparing for JEE Main Exam 2023, we recommend taking advantage of Margdarshan's complimentary mock test series. ",101,"the, joint, entrance",JEE,1
Marks vs Percentile JEE Mains 2023 April Attempt| JEE Main 2023 session 2 Marks vs Percentile,"JEE Mains is one of the most important engineering and architecture entrance exams in India. Every year, lakhs of students appear for this exam, which is conducted by the National Testing Agency (NTA). One of the most common questions that candidates have is the correlation between marks and percentile in JEE Mains. In this article, we will explore this concept and help you understand how it works. Looking for IITian Mentor: Meet Now at Just Rs@49 Correlation between marks and percentile in JEE Mains The marks obtained by a candidate in JEE Mains are converted into a percentile score, which is used to rank the candidates. The percentile score indicates the percentage of candidates who have scored less than the candidate in the exam. For example, if a candidate has scored 150 marks in JEE Mains and his/her percentile score is 95, it means that 95% of the candidates who appeared for the exam have scored less than 150 marks. Percentile vs Marks for JEE Main April Session       Percentile Easy Moderate Tough   99.9 258 241 222   99.8 245 225 207   99.7 231 212 196   99.6 222 203 182   99.5 216 196 175   99.4 210 190 170   99.3 205 185 165   99.2 200 181 161   99.1 196 176 158   99 192 173 155   98.5 177 160 146   98 166 148 133   97.5 158 140 128   97 151 133 123   96.5 146 126 113   96 140 121 109   95.5 136 116 104   95 134 112 100   94 125 105 95   93 118 98 87   92 113 93 83   91 109 87 78   90 106 82 72    If you're curious about your chances of admission to various engineering and architecture colleges in India, check out Margdarshan's free college predictor for JEE Main. It's a great tool to help you plan your college applications and make informed decisions. Marks vs Percentile vs Rank for JEE Main 2023         Score out of 300  Rank Percentile   286- 292 19-12 99.99826992- 99.99890732   280-284 42-23 99.99617561 - 99.99790569   268- 279 106-64 99.99034797 - 99.99417236   250- 267 524-108 99.95228621- 99.99016586   231-249 1385-546 99.87388626-99.95028296   215-230 2798-1421 99.74522293-99.87060821   200-214 4667-2863 99.57503767- 99.73930423   189-199 6664- 4830 99.39319714- 99.56019541   175-188 10746-7152 99.02150308 - 99.3487614   160-174 16163-11018 98.52824811-98.99673561   149-159 21145-16495 98.07460288-98.49801724   132-148 32826-22238 97.0109678-97.97507774   120-131 43174-33636 96.0687115-96.93721175   110-119 54293-44115 95.05625037-95.983027   102-109 65758-55269 94.01228357-94.96737888   95-101 76260-66999 93.05600452 -93.89928202   89-94 87219-78111 92.05811248 -92.88745828   79-88 109329-90144 90.0448455 -91.79177119   62-87 169542-92303 84.56203931-91.59517945   41-61 326517-173239 70.26839007-84.22540213   01-40 1025009-334080 6.66590786-69.5797271    Factors affecting the correlation between marks and percentile in JEE Mains The correlation between marks and percentile in JEE Mains can vary depending on various factors. Some of the factors that can affect the correlation between marks and percentile in JEE Mains are:  Difficulty level of the exam: The difficulty level of the exam can have a significant impact on the correlation between marks and percentile in JEE Mains. If the exam is more difficult, the distribution of scores among the candidates will be different, and the correlation between marks and percentile will be affected. Number of candidates who appeared for the exam: The more the number of candidates who appeared for the exam, the more will be the competition, and the correlation between marks and percentile will be affected. Distribution of scores among the candidates: The distribution of scores among the candidates can also affect the correlation between marks and percentile in JEE Mains. If the scores are evenly distributed, the correlation will be different than if the scores are concentrated around a particular range.  Using the marks vs percentile concept Understanding the correlation between marks and percentile in JEE Mains can be useful for candidates in the following ways:  Setting a target score: Candidates can set a target score for themselves based on the previous year's cut-off and the number of candidates who appeared for the exam. This can help them to work towards a specific goal and plan their preparation accordingly. Choosing the right college: Candidates can use the percentile score to identify the colleges that they are eligible for and apply accordingly. This can help them to save time and money by applying only to the colleges that they have a chance of getting into.  Conclusion In conclusion, the correlation between marks and percentile in JEE Mains 2023 April attempt can vary depending on various factors. While a higher score can lead to a higher percentile rank, it is not a guarantee of admission to a top engineering or architecture college in India. Candidates should focus on preparing well for the exam and scoring as high as possible to increase their chances of admission. Understanding the marks vs percentile concept can help candidates to set a target score and choose the right college. Good luck with your preparations! FAQs Q: How to check the Answer key of JEE main 2023 Ans: To check the answer key of JEE Main 2023, candidates can follow these steps:  Visit the official website of JEE Main. Click on the link for JEE Main 2023 answer key or Visit https://jeemain.nta.nic.in/jee-main-2023-session-2-answer-key-challenge/ Choose either to enter your application number and password or through application number and DOB The answer key will be displayed on the screen. Download and take a printout of the answer key for future reference.  Q: 40 marks in JEE mains percentile Ans: 40 marks in the NTA JEE Main 2023 April Attempt will get a percentile around 70. Q: 80 percentile in JEE mains rank Ans: 80 percentile in JEE mains will have rank around 2,00,000 Good luck! ",102,"jee, mains, is",JEE,4
JEE Main Result Announced: What to do now| Top Career Options After JEE Main Result 2023,"The Joint Entrance Exam (JEE) Main exam is one of the most competitive engineering entrance exams in India. The exam is conducted twice a year, and students who wish to pursue engineering take this exam to get admission into top engineering colleges in the country. After months of preparation and hard work, the JEE Main result is finally out, and students are eager to know what to do next. In this guide, we will provide you with a comprehensive list of things you can do after the JEE Main result is declared, with the help of Margdarshan Understanding Your JEE Main Score The first thing you need to do after the JEE Main result is declared is to understand your score. The scorecard will contain your total marks, percentile score, and All India Rank (AIR). It is important to understand what each of these means to determine your eligibility for engineering colleges.  Total Marks: Your total marks in the JEE Main exam is the sum of the marks you scored in all three sections (Physics, Chemistry, and Mathematics). This score will be out of 300 marks for each section, and the total score will be out of 900. Percentile Score: The percentile score is a measure of your performance in comparison to all other candidates who appeared for the exam. It is calculated using the formula: (Number of candidates who scored less than you / Total number of candidates who appeared in the exam) x 100. The percentile score is used to determine your eligibility for different engineering colleges. All India Rank: Your AIR is your rank among all the candidates who appeared for the JEE Main exam. This rank is used for admissions into the National Institutes of Technology (NITs), Indian Institutes of Information Technology (IIITs), and Government Funded Technical Institutes (GFTIs).  Check Cut-Off Scores The next step is to check the cut-off scores for different engineering colleges. Cut-off scores are the minimum scores required for admission into different colleges. Cut-off scores vary from college to college, and it is important to ensure your score is higher than the cut-off score to be eligible for admission. You can find the free college predictor based on marks in JEE Main 2023 for JoSAA. Don't forget to check out Margdarshan. Participate in Counselling Process Once you have a clear understanding of your score and the cut-off scores, the next step is to participate in the counseling process. JoSAA is responsible for the counseling process for JEE Main qualified candidates. You need to register on the JoSAA website and fill in your choice of colleges and engineering branches. JoSAA conducts multiple rounds of counseling to allocate seats to the candidates based on their AIR and choice of colleges. Explore Different Career Paths If you are unsure about your future career path, this is the perfect time to explore your options. Engineering is a vast field with numerous branches, and each branch has its own set of job prospects. You can research different engineering branches and understand the job prospects for each branch. This will help you make an informed decision about your future. Consider Other Entrance Exams If you did not perform well in the JEE Main exam or did not qualify, do not worry. There are many other engineering entrance exams you can take. Some of the popular exams are         Exams Application    BITSAT 22 May, 2023 - 12 Jun, 2023  - Phase 2   SRMJEE  05 Jun, 2023 (Tentative)  - Phase 2   MET  26 Apr, 2023  - Phase 2 - Start Date   AP EAMCET 16 Apr, 2023 - 30 Apr, 2023 (with late fee Rs 500)    KIITEE 05 Apr, 2023 - 05 May, 2023  - Phase 2    Conclusion The JEE Main result is just the beginning of your engineering journey. It is essential to understand your score, check cut-off scores, participate in the counseling process, explore different career paths, and consider other entrance exams. With the right approach and guidance, you can achieve your dream of becoming an engineer. Watch YouTube Short Video!! ",103,"the, joint, entrance",JEE,3
JoSAA Counselling 2023: Procedure and documents| JEE Main Counselling 2023,"Are you preparing for the Joint Entrance Examination (JEE) Main 2023? Do you want to know about the counselling process for engineering admissions? Look no further! In this article, we will provide you with a comprehensive guide on JEE Main 2023 counselling based engineering. What is JEE Main? JEE Main is a national level entrance exam conducted by the National Testing Agency (NTA) for admission to undergraduate engineering programs at various Indian Institutes of Technology (IITs), National Institutes of Technology (NITs), and other top engineering colleges across India. The JEE Main exam is conducted twice a year, in January and April. JEE Main 2023: Counselling Based Engineering Starting from 2023, the engineering admissions in JEE Main will be based entirely on counselling. This means that the JEE Main rank list will be used only for counselling purposes and not for direct admissions. Counselling for JEE Main 2023 will be conducted by the Joint Seat Allocation Authority (JoSAA), which is a government-run authority responsible for conducting the counselling process for admission to various engineering colleges in India. Steps Involved in JEE Main 2023 Counselling The counselling process for JEE Main 2023 will consist of the following steps:  Registration: Candidates who have qualified JEE Main 2023 will have to register on the JoSAA website using their JEE Main roll number and password. Choice Filling: After registration, candidates will have to fill in their choices of engineering colleges and courses. Candidates can choose as many colleges and courses as they want. Mock Seat Allocation: JoSAA will conduct mock seat allocation rounds to help candidates understand the counselling process and make informed choices. Seat Allocation: Based on the JEE Main rank list and the choices filled by candidates, JoSAA will allocate seats to candidates in various engineering colleges across India. Reporting to Allotted Institutes: Candidates who have been allocated seats will have to report to the respective engineering college within the specified time frame and complete the admission process.  Documents Required for JEE Main 2023 Counselling Candidates who are eligible for JEE Main 2023 counselling will have to carry the following documents at the time of counselling:  JEE Main 2023 Admit Card JEE Main 2023 Scorecard Class 12th Marksheet Date of Birth Certificate Category Certificate (if applicable) Passport-sized Photographs Photo ID Proof  Conclusion In conclusion, the counselling process will be conducted by JoSAA, and candidates will have to follow a series of steps, including registration, choice filling, mock seat allocation, seat allocation, and reporting to allotted institutes. To prepare for JEE Main 2023, candidates must stay updated with the latest news and notifications on the official website of NTA and JoSAA. We hope that this guide has provided you with a comprehensive understanding of the JEE Main 2023 counselling process. ",104,"are, you, preparing",JEE,2
JEE Advanced 2023 Strategy: Important Topics| Important Chapter for JEE Advanced ,"Believe me or not, these important chapters will help you get under 5000 rank in JEE Advanced. The Joint Entrance Examination (JEE) Advanced is a highly competitive exam that determines the future of aspiring engineers. The exam is divided into three sections: Physics, Chemistry, and Mathematics. Each section has a set of important topics that you need to cover to excel in the exam.  In this blog, we will discuss the top 10 important topics for Physics, Chemistry, and Mathematics. These topics have a high weightage in the JEE Advanced exam and require thorough preparation.  Let's start with Important topics for Physics. The following ten topics have an average weightage of around 60-65% in the exam:       Electrostatics   Geometrical Optics   Modern Physics   Current Electricity   Rotation   Capacitance   KTG & Thermodynamics   SHM & Waves   EM waves   Gravitation    These topics cover a range of important concepts, from electromagnetism to mechanics. Make sure to prepare these topics well to excel in the Physics section of the JEE Advanced exam.  Moving on to Important topics for Chemistry, the following ten topics have an average weightage of 50-55% in the exam:       Aromatic Compounds   p-Block elements   Coordination Compounds   Electrochemistry   Metallurgy   Chemical and lonic Equilibrium   Chemical Bonding   Chemical Kinetics   Solid State   Thermodynamics    Chemistry is a vast subject, and these topics cover the major areas that are tested in the JEE Advanced exam. As mentioned earlier, Thermodynamics is an important topic that appears in both Physics and Chemistry, so make sure to prepare it well.  Finally, let's look at Important topics for Mathematics. The following ten topics have an average weightage of around 55-60% in the exam:       Matrix & Determinants   Trigonometry   Probability   Complex Numbers   Vector   Definite integration   Application of Derivatives   Permutation &Combination   Circle   Fundamentals of Mathematics    Mathematics is a subject that requires practice and understanding of concepts. These topics cover a wide range of concepts, from algebra to calculus. Make sure to practice solving problems related to these topics to excel in the Mathematics section of the JEE Advanced exam. Now, here's a pro tip: attempting 60% of the paper and getting 45% correct can get you in the top 5000. This means that it's not just about covering all the topics but also about practicing and improving your problem-solving skills.  In conclusion, the JEE Advanced exam requires a lot of preparation and hard work. It's important to cover all the important topics in Physics, Chemistry, and Mathematics, as well as practice solving problems related to these topics. With the right preparation and hard work, you can excel in the exam and achieve your dream of becoming an engineer. Don't forget to follow us for more such videos and blogs. ",105,"believe, me, or",JEE,2
Top 5 Engineering Colleges on Class 12th Percentage| Top 5 Private Engineering Institutes in India,"Are you thinking about pursuing engineering after class 12th? Well, you're in luck because India has some amazing engineering colleges to choose from! In this article, we'll be discussing the top 5 engineering colleges in India on the basis of class 12th percentage. Thapar University Thapar University is in Punjab. It's a really great choice because it has a huge 250-acre campus, amazing facilities and a high placement rate, which means you'll be well on your way to a successful career. However, admission for Computer Science is only available to students with above 95% class 12th percentage. But don't worry, if you do get accepted, you'll be surrounded by the best and brightest. Thapar University also has a median salary of 10LPA, which is pretty impressive for fresh engineering graduates. Plus, the highest package offered is 55LPA, so you can be sure that your career prospects will be bright. Thapar University, Patiala Cutoffs: Click Here Sastra University Next up is Sastra University in Tamil Nadu. This university has a fantastic ROI, with tuition fees at only 6Lakh for the entire course. That means it's an affordable option for those who want to pursue engineering without breaking the bank. Sastra University has modern facilities and experienced faculty members, making it a great learning environment. Sathyabharma University The third college on our list is Sathyabharma University, also in Tamil Nadu. This university has a high placement rate, which is great news for students who want to secure their future career prospects. With a highest salary of 31LPA and a median salary of 5LPA, you'll be well on your way to a successful career. Tuition fees are also around 8-9Lakh, which is pretty reasonable. DIT Dehradun Fourth on our list is DIT Dehradun in Uttarakhand. This university also has a high placement rate and offers an excellent learning environment. With a highest package of 58LPA and a median salary of 7.5LPA, you'll be able to afford that dream car sooner than you think. Tuition fees are also around 8-9Lakh, so you won't have to worry about burning a hole in your pocket. Jaypee Institute of Information Technology Noida Last but not least, we have Jaypee Noida in Uttar Pradesh. This college is known for its high package of 1.15Cr, which is great news for students who want to secure their financial future. However, admission for Computer Science is only available to students with above 95% class 12th percentage. Jaypee Noida also has a great learning environment with modern facilities and experienced faculty members. Jaypee Institute of Information Technology Noida Cutoff: Click Here So there you have it, the top 5 engineering colleges in India! Just keep in mind that this list is subject to change, so we recommend that you check the official websites of these colleges for the latest information on admissions, placements, and other relevant details. We wish you all the best as you start your engineering journey! ",106,"are, you, thinking",JEE,2
JAC Chandigarh Counselling for B.Tech admission| JAC Chandigarh Counselling for Engineering,"Welcome to our comprehensive guide on JAC Chandigarh Counselling for B.Tech admission. We know how stressful and confusing it can be to navigate the admission process, but fear not, we have got you covered. In this guide, we will cover all the necessary information about JAC Chandigarh counselling, including important dates, eligibility criteria, counselling procedure, seat allotment, and much more. So, sit back and read on to make the admission process a breeze. Important Dates for JAC Chandigarh: Before we dive into the details of the counselling procedure, let's take a look at the important dates that you should keep in mind.   Registration and choice filling: It has been started. Click here to register   Last date for fee payment: Third week of June   Seat allotment: In July   Reporting to the allotted institute: Last week of July   Check out the complete schedule for JAC Chandigarh 2023: Click Here Eligibility Criteria for JAC Chandigarh: To be eligible for B.Tech admission through JAC Chandigarh counselling, you must fulfill the following criteria:   You must have passed 10+2 examination from a recognized board with Physics and Mathematics as compulsory subjects, and Chemistry/Biology/Biotechnology/Technical Vocational subject as an optional subject.   You must have obtained at least 60% marks (55% for SC/ST/PwD candidates) in the qualifying examination.   You must have a valid JEE Main scorecard.   Check out the cutoffs for JAC Chandigarh: Click Here Counselling Procedure: The counselling procedure for JAC Chandigarh B.Tech admission is a multi-step process, which includes the following:   Registration: Firstly, you need to register for the counselling process by filling in the necessary details, such as your JEE Main roll number, name, contact details, and academic qualifications.   Choice Filling: After the registration process, you need to fill in your preferred choices of colleges and courses. You can choose as many colleges and courses as you want, but it is advisable to choose wisely, based on your JEE Main score and other factors.   Document Verification: Once you have filled in your choices, you need to get your documents verified at the designated centres. The documents required for verification include your JEE Main scorecard, class 10th and 12th mark sheets, and other relevant documents.   Seat Allotment: Based on your JEE Main score and the choices filled by you, the JAC Chandigarh will release a list of allotted seats. You can check your seat allotment status on the official website by entering your login credentials.   Reporting to the Allotted Institute: After the seat allotment, you need to report to the allotted institute within the specified time period, along with the necessary documents and admission fee.   Seat Allotment: The seat allotment in JAC Chandigarh counselling is done based on the JEE Main score and the preferences filled by the candidate. The seat allotment process is conducted in multiple rounds, and the candidate can either accept or reject the allotted seat. If a candidate accepts the allotted seat, he/she needs to report to the allotted institute within the specified time period, along with the necessary documents and admission fee. If a candidate rejects the allotted seat, he/she can participate in the subsequent rounds of counselling. Conclusion: In conclusion, JAC Chandigarh counselling for B.Tech admission is a crucial process that requires careful planning and preparation. By following the guidelines mentioned in this guide, you can ensure a smooth and hassle-free admission process. We hope this guide has been helpful to you, and we wish you all the best for your future endeavours. ",107,"welcome, to, our",JEE,2
"JAC Delhi Counselling: Registration(20th May), Cutoffs, Dates, Eligibility Criteria, Counselling Procedure, Documents, Tips","Are you planning to pursue a B.Tech course in Delhi and looking for comprehensive information on the Joint Admission Counselling (JAC) Delhi? Look no further! In this article, we will provide you with all the essential details about the JAC Delhi Counselling process, including eligibility criteria, registration procedure, choice filling, seat allotment, required documents, and important dates. So, let's dive in! What is JAC Delhi Counselling? The Joint Admission Counselling (JAC) Delhi is a centralized counselling process for admission to B.Tech courses in Delhi. It is conducted by the Delhi Technological University (DTU), Indira Gandhi Delhi Technical University for Women (IGDTUW), Indraprastha Institute of Information Technology Delhi (IIIT-D), Delhi Skill and Entrepreneurship University (DSEU) and Netaji Subhas University of Technology (NSUT). This counselling process offers a great opportunity for students to secure a seat in their preferred B.Tech college in Delhi. JAC Delhi Counselling 2023 Dates The JAC Delhi Counselling 2023 registration is going to start from 20th May . The counselling process will be held in multiple rounds, and the final round is expected to be held in June 2023. Students are advised to keep an eye on the official website of JAC Delhi for the latest updates. Cutoffs for JAC Delhi Counselling  Cutoffs for JAC Delhi 2023 could be easily predicted using cutoffs for JAC Delhi 2022. These are the official cutoff released by NTA for 2022. You can click on the respective colleges to check the cutoffs for Round 4.  Cutoff for DTU: Click Here Cutoff for Indra Gandhi: Click Here Cutoff for NSUT: Click Here Cutoff for IIIT-Delhi: Click Here Cutoff for DSEU: Click Here Eligibility Criteria for JAC Delhi Counselling To be eligible for JAC Delhi Counselling, students must fulfill the following criteria:  The student must have passed the Class 12th examination or an equivalent examination with Physics and Mathematics as compulsory subjects, along with one of the Chemistry/Biotechnology/Biology/Technical Vocational subject. The student must have obtained at least 60% marks (55% marks for reserved categories) in the above-mentioned subjects taken together. The student must have appeared in JEE (Main) Paper-1 conducted by National Testing Agency (NTA) (in either January or April Attempt)  JAC Delhi Counselling Procedure The JAC Delhi Counselling procedure includes the following steps:  Registration: Students need to register on the official website of JAC Delhi Counselling by providing their personal, academic, and JEE Main details. Payment of Registration Fee: Students need to pay the registration fee online through debit card/credit card/net banking. Choice Filling and Locking: Students need to fill the choice of courses and colleges in the order of preference and lock them. Seat Allotment: The seat allotment is done based on the student's JEE Main rank, category, and preferences. Payment of Seat Acceptance Fee: Students need to pay the seat acceptance fee online through debit card/credit card/net banking. Reporting to the Allotted Institute: Students need to report to the allotted institute with the required documents and pay the balance admission fee.  Documents Required for JAC Delhi Counselling Students need to carry the following documents at the time of reporting to the allotted institute:   JEE Main 2023 Admit Card   JEE Main 2023 Scorecard   Class 10th Mark Sheet and Certificate   Class 12th Mark Sheet and Certificate   Character Certificate   Migration Certificate   Transfer Certificate   Category Certificate (if applicable)   Income Certificate (if applicable)   Aadhaar Card   Passport Size Photographs   Tips for JAC Delhi Counselling Here are some tips that can help you during the JAC Delhi Counselling process:  Research: Do thorough research about the colleges and courses you are interested in before filling in your choices. This will help you make informed decisions. Prioritize: You should prioritize the colleges and courses you are interested in, and fill them in the order of preference. This will increase your chances of getting a seat in your preferred college. Be Flexible: Be open to the possibility of getting allotted a college/course that was not your first preference. It may still be a good option for you, and you can always try for an upgrade in the subsequent rounds. Keep Track: Keep a track of the important dates and deadlines of the counselling process, so that you don't miss out on any important steps. Be Prepared: Ensure that you have all the required documents in order and carry them to the reporting venue.  Conclusion The JAC Delhi Counselling process provides an excellent opportunity for students to secure a seat in a reputed B.Tech college in Delhi. By following the eligibility criteria, registration procedure, and tips mentioned in this article, you can increase your chances of getting allotted a seat in your preferred college. We hope that this article has provided you with all the essential information required for JAC Delhi Counselling. Good luck with the counselling process! ",108,"are, you, planning",JEE,3
"UCEED 2024: Syllabus, Question Paper, Eligibility| Admission to IIT ","UCEED 2024: Unleash Your Creative Potential and Design Your Future Are you a creative soul with a passion for design? Are you looking for an opportunity to pursue a career in the prestigious field of design? Look no further, because UCEED 2024 is here to open the doors to your dreams! The Undergraduate Common Entrance Examination for Design (UCEED) is your ticket to some of the most renowned design institutes in India, including IIT Bombay, IIT Delhi, and more. Let's dive into the details of this exciting journey! The Gateway to Top Design Institutes: UCEED is a three-hour entrance exam administered in testing facilities. It serves as the gateway to the Bachelor of Design (BDes) programs offered by participating institutes, such as IIT Bombay, IIT Delhi, IIT Guwahati, IIT Hyderabad, and IIITDM Jabalpur. These institutions are renowned for their excellence in design education and offer a world-class learning experience. Opportunities Beyond IITs: But wait, there's more! UCEED also opens doors to ""22+ Result Sharing Institutes"" where you can explore further design opportunities. Institutes such as World University of Design, Alliance University, RV University, and many others offer admissions based on UCEED scores. This widens your horizon and allows you to choose from a plethora of esteemed institutes to shape your creative future. Through UCEED you'll get admission into IIT Bombay IIT Delhi  IIT Guwahati IIT Hyderabad and IIITDM Jabalpur For admissions to ""Result Sharing Institutes"" 1. World University of Design, Sonepat 2. Alliance University, Bengaluru 3. RV University, Bengaluru 4. JK Lakshmipat University, Jaipur 5. Department of Design, Netaji Subhas University of Technology (NSUT), New Delhi 6. Footwear Design & Development Institute (FDDI) 7. Institute of Design, Nirma University, Ahmedabad 8. Srishti Manipal Institute of Art, Design and Technology, Bengaluru 9. FLAME University, Pune 10. Presidency University, Bangalore 11. Lovely Professional University, Phagwara 12. MIT ID Indore - Avantika University 13. CEPT University, Ahmedabad 14. ARCH College of Design and Business, Jaipur 15. O.P. Jindal Global University, Sonepat 16. Navrachana University, Gujarat 17. Aayojan School of Architecture, Jaipur 18. Symbiosis School of Planning Architecture and Design, Nagpur 19. Shiv Nadar Institution of Eminence Deemed to be University, Delhi NCR 20. Dr. D. Y. Patil School of Design, Pune 21. Delhi Technological University, Delhi (formerly Delhi College of Engineering) 22. VIT School of Design (V-SIGN), Vellore Institute of Technology, Vellore Eligibility Criteria for Applying for BDes Admission Criterion 1: Age Limit - Candidates belonging to the OPEN/EWS/OBC-NCL category should have been born on or after October 1, 1998. - Candidates belonging to the SC, ST, or PwD category should have been born on or after October 1, 1993. Criterion 2: UCEED Qualification - Candidates must have qualified UCEED 2023 and obtained a rank. Criterion 3: Qualifying Examination - Candidates must have passed all five subjects in the qualifying examination (Class XII or equivalent) in 2022 or 2023. - Candidates who appeared for the qualifying examination in 2021 or earlier are not eligible. Eligibility for Different Streams: - Science Stream (Physics, Chemistry, and Mathematics): Eligible for all five participating institutes. - Other Streams (Science without Mathematics/Physics/Chemistry, Commerce, Arts & Humanities): Eligible for IIT Bombay, IIT Delhi, and IIT Hyderabad. - IIITDM Jabalpur: Physics, Chemistry, Mathematics/Biology required. Arts or Humanities stream not eligible. - IIT Guwahati: Only Science Stream (Physics, Chemistry, and Mathematics) eligible. Important Points for UCEED 2024: - Candidates appearing for the Class XII or equivalent examination in 2023 must ensure that their final examination is completed by the application deadline. - Proof of passing the qualifying examination with the required eligibility must be submitted to the admitting institute by September 30, 2023. - In case the passing grade is not mentioned on the grade sheet, candidates must obtain a certificate from the board specifying the passing grade and submit it along with the grade sheet. - The eligibility criteria apply to all applicants, including foreign nationals. Foreign nationals are allotted supernumerary seats with a cap of 10% of the total seats in a program. - Applications from foreign nationals holding OCI/PIO cards are considered under the OPEN category. Note: The UCI Committee's decision is final in cases where the qualifying examination board only provides letter grades without mentioning the passing grade. Exam Structure for UCEED 2024: Starting from UCEED 2024, the question paper will be divided into two parts: Part A and Part B. Part A will be a computer-based test consisting of three portions - Numerical Answer Type (NAT), Multiple Select Questions (MSQ), and Multiple-Choice Questions (MCQ). This section evaluates your analytical, logical, and problem-solving skills. Part B, on the other hand, is where your creativity takes center stage. This section lasts for 60 minutes and consists of two questions: one on drawing ability and the other on design aptitude. You will need to showcase your artistic flair and innovative thinking by writing or drawing your responses in the answer book provided by the invigilator. The question will be displayed on the computer screen, challenging you to bring your ideas to life. Question Paper for UCEED 2023: Click Here Answer Key for UCEED 2023: Click Here Complete syllabus for UCEED 2024: Click Here Embrace the Creative Journey: UCEED 2024 is not just an exam; it's an opportunity to embark on a creative journey that will shape your future. Whether you have a passion for visual arts, product design, animation, or any other form of design, UCEED offers a platform for you to showcase your skills and pursue your dreams. So, if you have a burning desire to become a designer and bring your creative visions to life, UCEED 2024 is your chance to shine. Join the ranks of talented individuals who have made their mark in the world of design through prestigious institutes like IIT Bombay and IIT Delhi. Take the leap, challenge yourself, and embrace the art of design. Information Bulletin for UCEED 2024: Click Here Conclusion: UCEED 2024 is your golden opportunity to unlock a world of design possibilities. With a comprehensive exam structure that tests both your analytical abilities and creative potential, this entrance examination sets the stage for your future in the field of design. Whether you dream of designing iconic buildings, creating stunning visual effects, or crafting innovative products, UCEED is the first step towards realizing your ambitions. So, gear up, sharpen your pencils, and let your imagination soar as you embark on this incredible journey towards a fulfilling and rewarding career in design! ",109,"uceed, 2024:, unleash",JEE,5
Marks vs Percentile JEE Mains 2024 January Attempt| JEE Main 2024 session 1 Marks vs Percentile,"As the JEE Main April 2024 attempt approaches, aspirants are gearing up to conquer yet another milestone in their journey toward their dream engineering colleges. Among the myriad factors that determine one's success in this highly competitive exam, understanding the correlation between marks and percentile is crucial. In this Margdarshan blog, we delve into the expected marks vs percentile trend based on the January 2024 attempt, providing valuable insights to aid your preparation for the upcoming April session. Looking for IITian Mentor: Meet Now at Just Rs@49 Marks vs Percentile January Attempt 90+ Percentile    Percentile 27S1 27S2 29S1 29S2 30S1 30S2 31S1 31S2 01S1 01S2     99 236 211 203 212 193 191 170 151 161 172   98.5 223 196 190 199 179 178 158 139 150 161   98 213 185 180 189 169 167 148 131 141 148   97.5 204 177 171 181 159 158 141 124 133 139   97 196 170 165 174 152 151 134 118 126 131   96.5 190 164 158 168 146 145 128 114 120 125   96 184 159 153 163 140 139 123 109 115 120   95.5 178 155 148 158 135 132 119 105 110 115   95 173 151 144 154 130 129 114 101 106 109   94 165 143 137 146 123 121 108 94 98 100   93 157 137 130 138 115 113 100 86 91 92   92 151 131 124 132 108 108 95 81 85 87   91 145 126 119 126 103 102 89 76 79 81   90 139 121 114 120 98 97 84 72 74 76    Marks vs Percentile JEE Main 2024 for 99+ percentile    Percentile 27S1 27S2 29S1 29S2 30S1 30S2 31S1 31S2 01S1 01S2     99.9 278 264 264 268 257 255 233 215 224 252   99.8 270 255 249 254 242 242 218 197 203 233   99.7 265 246 240 246 231 231 206 184 195 217   99.6 259 238 232 239 223 221 198 178 185 207   99.5 254 233 225 232 216 214 191 171 180 200   99.4 250 227 219 227 210 208 186 165 175 195   99.3 245 223 215 223 204 202 181 162 173 189   99.2 242 217 210 220 200 198 177 158 167 181   99.1 239 214 206 215 196 194 173 154 164 176   99 236 211 203 212 193 191 170 151 161 172    FAQs Q: 40 marks in JEE mains percentile Ans: Well it depends upon the shift but on average 40 marks in the NTA JEE Main 2024 January Attempt will get a percentile around 70. Q: 80 percentile in JEE mains rank Ans: 80 percentile in JEE mains will have a rank around 2,00,000 All the Best ",110,"as, the, jee",JEE,2
Decoding JEE Main Session 2 Results| Best College Predictor for JEE Main 2024 ,"Introduction: The recent release of the JEE Main Session 2 results has brought excitement and anticipation among aspiring engineering students across India. With these results in hand, the next crucial step is to make well-informed decisions about college choices. To assist you in this important decision-making process, we're thrilled to introduce our JEE Main College Predictor tool. Understanding JEE Main Session 2 Results: Before diving into our college predictor tool, let's briefly recap the significance of the JEE Main Session 2 results. This examination is a gateway for admission into top engineering colleges in India. Your performance in JEE Main plays a pivotal role in determining your eligibility for admission to prestigious institutes. How Our College Predictor Tool Works: Our JEE Main College Predictor tool is designed to simplify the college selection process for JEE Main qualified candidates. By inputting your JEE Main Session 2 result details such as your rank, category, and preferred location, our tool utilizes advanced algorithms to predict the engineering colleges that best match your profile. Key Features of Our Predictor Tool:  Accurate Predictions: Our tool provides accurate predictions based on the latest JEE Main Session 2 cutoffs and college admission data. Customizable Filters: Tailor your search based on specific preferences like branch of engineering, and category. Comprehensive College Information: Access detailed information about each predicted college including courses offered, placement records, and campus facilities.  Making Informed Decisions: Choosing the right engineering college is a crucial decision that can significantly impact your career trajectory. Our JEE Main College Predictor empowers you to make informed decisions by presenting a curated list of colleges that align with your academic performance and preferences. Next Steps After Prediction: Once you receive your predicted college list, take the time to research each institution thoroughly. Consider factors such as reputation, faculty, infrastructure, and placement opportunities before finalizing your choices. Get Started Today: Ready to explore your potential engineering college matches? Visit our JEE Main College Predictor tool now and input your JEE Main Session 2 result details. Gain valuable insights that will pave the way for a successful engineering career. Disclaimer: The results generated by the JEE Main College Predictor are based on available data and are for informational purposes only. Final admissions are subject to official counseling procedures.   FAQs About JEE Main College Predictor 1. What is a JEE Main College Predictor?  A JEE Main College Predictor is an online tool that uses your JEE Main rank, category, and preferred choices to predict which engineering colleges you are likely to get admission into based on past trends and data.  2. How accurate is the JEE Main College Predictor?  The accuracy of the predictor tool depends on the data it uses and the parameters provided. While it can provide valuable insights and recommendations, actual admissions depend on various factors including seat availability, cutoffs, and counseling procedures.  3. Can I trust the results of the JEE Main College Predictor?  The predictor tool utilizes historical data and trends to generate results. While it can offer guidance, it's essential to verify the information and stay updated with official counseling announcements and procedures.  4. What information do I need to use the JEE Main College Predictor?  You will need to input your JEE Main rank, category (General, OBC, SC, ST), and preferred locations (if applicable) to receive personalized college recommendations.  5. Is the JEE Main College Predictor free to use?  Yes, most JEE Main college predictor tools are free to use online. Simply input your details and explore your college options.  6. How can the JEE Main College Predictor help me in my college selection process?  The predictor tool can save time and effort by providing a curated list of engineering colleges that match your rank and preferences. It allows you to make informed decisions during the college selection and counseling process.  7. Can the JEE Main College Predictor predict admission into IITs (Indian Institutes of Technology)?  The predictor tool can provide insights into your chances based on past data; however, admission into IITs is highly competitive and depends on several factors beyond rank alone.  8. How should I interpret the results from the JEE Main College Predictor?  Results from the predictor tool should be used as a reference point. Explore the recommended colleges, research their programs, placements, and campus facilities to make a well-informed decision.  9. What if my JEE Main rank changes after revaluation or improvement exams?  If your rank changes after revaluation or improvement exams, it's important to update your details in the predictor tool for accurate recommendations.  10. Can the JEE Main College Predictor guarantee admission into specific colleges?  No, the predictor tool provides recommendations based on data analysis. Final admission decisions depend on official counseling procedures and other eligibility criteria set by colleges.  ",111,"introduction:, the, recent",JEE,3
"JoSAA Counselling 2024: Tentative Dates, College Predictor for JEE Main","Are you gearing up for JoSAA counseling 2024 after your JEE Main exams? Navigating the complexities of college admissions can feel overwhelming, but fear not! Our JEE Main College Predictor is here to simplify the process and guide you towards securing admission into your dream engineering college. Checkout the JEE Main College Predictor for Free Understanding JoSAA Counseling 2024 JoSAA (Joint Seat Allocation Authority) oversees centralized counseling for admissions into prestigious institutes like NITs, IIITs, and GFTIs based on JEE Main and JEE Advanced ranks. This process involves selecting and allocating seats in various engineering colleges based on previous years' opening and closing ranks. How Our JEE Main College Predictor Can Assist You Our JEE Main College Predictor utilizes JoSAA 2023 data to project outcomes for JoSAA 2024, providing valuable assistance in the following ways:  Predict Your College Options: Input your JEE Main 2024 rank into our predictor to receive personalized recommendations on colleges you are likely to qualify for based on JoSAA 2023 cutoffs. Understand Opening and Closing Ranks: Explore the opening and closing ranks of various institutes from JoSAA 2023 data to gauge your chances of admission. Optimize Your Choices: Strategically prioritize and optimize your college preferences during JoSAA counseling using insights from our predictor tool.  JoSAA Counseling 2024 Schedule The JoSAA counseling for 2024 will commence after the JEE Advanced 2024 results. The official schedule for JoSAA counseling 2024, including registration and choice filling dates, will be released soon.     Event   Date       JoSAA Counselling 2024 Registration/ Choice Filling Starts   June 10, 2024 (tentative)     Display of Mock Seat Allocation-1   To be notified     Display of Mock Seat Allocation-2   To be notified     JoSAA Counselling 2024 Registration/ Choice Filling Ends   To be notified     Seat Allocation Round 1   To be notified     Seat Allocation Round 2   To be notified     Seat Allocation Round 3   To be notified     Seat Allocation Round 4   To be notified     Seat Allocation Round 5   To be notified     Seat Allocation R// ound 6   To be notified     Tips for Successful JoSAA 2024 Counseling  Stay Informed: Keep track of JoSAA 2024 counseling dates and important announcements. Explore All Options: Consider various factors like location, courses offered, and placement records while selecting colleges. Use Reliable Tools: Rely on trustworthy resources like our JEE Main College Predictor to streamline your decision-making process.  Start Planning Your Future Today! Don't let uncertainty cloud your college admission journey. Harness the power of our JEE Main College Predictor to optimize your chances of securing admission into premier engineering institutes through JoSAA 2024 counseling. Make strategic decisions and pave the way for a successful engineering career. Get started with our JEE Main College Predictor today! Disclaimer: The predictions provided by the JEE Main College Predictor are based on available data from JoSAA 2023 and are intended for informational purposes only. Actual admissions are subject to JoSAA 2024 counseling procedures. ",112,"are, you, gearing",JEE,2
